\BOOKMARK [0][-]{chapter.1}{\376\377\0001\000\040\000T\000o\000p\000i\000c\000\040\000I\000n\000d\000e\000x}{}% 1
\BOOKMARK [1][-]{section.1.1}{\376\377\0001\000.\0001\000\040\000T\000o\000p\000i\000c\000s}{chapter.1}% 2
\BOOKMARK [0][-]{chapter.2}{\376\377\0002\000\040\000D\000a\000t\000a\000\040\000S\000t\000r\000u\000c\000t\000u\000r\000e\000\040\000I\000n\000d\000e\000x}{}% 3
\BOOKMARK [1][-]{section.2.1}{\376\377\0002\000.\0001\000\040\000D\000a\000t\000a\000\040\000S\000t\000r\000u\000c\000t\000u\000r\000e\000s}{chapter.2}% 4
\BOOKMARK [0][-]{chapter.3}{\376\377\0003\000\040\000F\000i\000l\000e\000\040\000I\000n\000d\000e\000x}{}% 5
\BOOKMARK [1][-]{section.3.1}{\376\377\0003\000.\0001\000\040\000F\000i\000l\000e\000\040\000L\000i\000s\000t}{chapter.3}% 6
\BOOKMARK [0][-]{chapter.4}{\376\377\0004\000\040\000T\000o\000p\000i\000c\000\040\000D\000o\000c\000u\000m\000e\000n\000t\000a\000t\000i\000o\000n}{}% 7
\BOOKMARK [1][-]{section.4.1}{\376\377\0004\000.\0001\000\040\000E\000n\000t\000r\000y\000\040\000P\000o\000i\000n\000t}{chapter.4}% 8
\BOOKMARK [1][-]{section.4.2}{\376\377\0004\000.\0002\000\040\000A\000u\000t\000e\000n\000t\000i\000c\000a\000z\000i\000o\000n\000e\000\040\000e\000\040\000D\000a\000t\000a\000b\000a\000s\000e\000\040\000U\000t\000e\000n\000t\000i}{chapter.4}% 9
\BOOKMARK [2][-]{subsection.4.2.1}{\376\377\0004\000.\0002\000.\0001\000\040\000D\000e\000t\000a\000i\000l\000e\000d\000\040\000D\000e\000s\000c\000r\000i\000p\000t\000i\000o\000n}{section.4.2}% 10
\BOOKMARK [1][-]{section.4.3}{\376\377\0004\000.\0003\000\040\000V\000a\000l\000i\000d\000a\000z\000i\000o\000n\000e\000\040\000A\000u\000t\000e\000n\000t\000i\000c\000a\000z\000i\000o\000n\000e}{chapter.4}% 11
\BOOKMARK [1][-]{section.4.4}{\376\377\0004\000.\0004\000\040\000T\000i\000p\000i\000\040\000d\000i\000\040\000D\000a\000t\000o\000\040\000e\000\040\000S\000t\000r\000u\000t\000t\000u\000r\000e}{chapter.4}% 12
\BOOKMARK [1][-]{section.4.5}{\376\377\0004\000.\0005\000\040\000B\000S\000T\000\040\000\050\000A\000l\000b\000e\000r\000o\000\040\000B\000i\000n\000a\000r\000i\000o\000\040\000R\000i\000c\000e\000r\000c\000a\000\051}{chapter.4}% 13
\BOOKMARK [2][-]{subsection.4.5.1}{\376\377\0004\000.\0005\000.\0001\000\040\000D\000e\000t\000a\000i\000l\000e\000d\000\040\000D\000e\000s\000c\000r\000i\000p\000t\000i\000o\000n}{section.4.5}% 14
\BOOKMARK [2][-]{subsection.4.5.2}{\376\377\0004\000.\0005\000.\0002\000\040\000F\000u\000n\000c\000t\000i\000o\000n\000\040\000D\000o\000c\000u\000m\000e\000n\000t\000a\000t\000i\000o\000n}{section.4.5}% 15
\BOOKMARK [3][-]{subsubsection.4.5.2.1}{\376\377\0004\000.\0005\000.\0002\000.\0001\000\040\000B\000S\000T\000\137\000A\000l\000t\000e\000z\000z\000a\000\050\000\051}{subsection.4.5.2}% 16
\BOOKMARK [3][-]{subsubsection.4.5.2.2}{\376\377\0004\000.\0005\000.\0002\000.\0002\000\040\000B\000S\000T\000\137\000C\000o\000n\000t\000a\000N\000o\000d\000i\000\050\000\051}{subsection.4.5.2}% 17
\BOOKMARK [3][-]{subsubsection.4.5.2.3}{\376\377\0004\000.\0005\000.\0002\000.\0003\000\040\000B\000S\000T\000\137\000C\000r\000e\000a\000N\000o\000d\000o\000\050\000\051}{subsection.4.5.2}% 18
\BOOKMARK [3][-]{subsubsection.4.5.2.4}{\376\377\0004\000.\0005\000.\0002\000.\0004\000\040\000B\000S\000T\000\137\000D\000i\000s\000t\000r\000u\000g\000g\000i\000\050\000\051}{subsection.4.5.2}% 19
\BOOKMARK [3][-]{subsubsection.4.5.2.5}{\376\377\0004\000.\0005\000.\0002\000.\0005\000\040\000B\000S\000T\000\137\000I\000n\000o\000r\000d\000i\000n\000a\000\050\000\051}{subsection.4.5.2}% 20
\BOOKMARK [3][-]{subsubsection.4.5.2.6}{\376\377\0004\000.\0005\000.\0002\000.\0006\000\040\000B\000S\000T\000\137\000I\000n\000s\000e\000r\000i\000s\000c\000i\000\050\000\051}{subsection.4.5.2}% 21
\BOOKMARK [3][-]{subsubsection.4.5.2.7}{\376\377\0004\000.\0005\000.\0002\000.\0007\000\040\000B\000S\000T\000\137\000R\000i\000c\000e\000r\000c\000a\000E\000m\000a\000i\000l\000\050\000\051}{subsection.4.5.2}% 22
\BOOKMARK [3][-]{subsubsection.4.5.2.8}{\376\377\0004\000.\0005\000.\0002\000.\0008\000\040\000B\000S\000T\000\137\000R\000i\000m\000u\000o\000v\000i\000E\000m\000a\000i\000l\000\050\000\051}{subsection.4.5.2}% 23
\BOOKMARK [1][-]{section.4.6}{\376\377\0004\000.\0006\000\040\000C\000h\000a\000t}{chapter.4}% 24
\BOOKMARK [2][-]{subsection.4.6.1}{\376\377\0004\000.\0006\000.\0001\000\040\000D\000e\000t\000a\000i\000l\000e\000d\000\040\000D\000e\000s\000c\000r\000i\000p\000t\000i\000o\000n}{section.4.6}% 25
\BOOKMARK [2][-]{subsection.4.6.2}{\376\377\0004\000.\0006\000.\0002\000\040\000F\000u\000n\000c\000t\000i\000o\000n\000\040\000D\000o\000c\000u\000m\000e\000n\000t\000a\000t\000i\000o\000n}{section.4.6}% 26
\BOOKMARK [3][-]{subsubsection.4.6.2.1}{\376\377\0004\000.\0006\000.\0002\000.\0001\000\040\000C\000h\000a\000t\000\137\000A\000g\000g\000i\000u\000n\000g\000i\000\050\000\051}{subsection.4.6.2}% 27
\BOOKMARK [3][-]{subsubsection.4.6.2.2}{\376\377\0004\000.\0006\000.\0002\000.\0002\000\040\000C\000h\000a\000t\000\137\000C\000r\000e\000a\000\050\000\051}{subsection.4.6.2}% 28
\BOOKMARK [3][-]{subsubsection.4.6.2.3}{\376\377\0004\000.\0006\000.\0002\000.\0003\000\040\000C\000h\000a\000t\000\137\000F\000o\000r\000m\000a\000t\000t\000a\000R\000i\000g\000a\000\050\000\051}{subsection.4.6.2}% 29
\BOOKMARK [3][-]{subsubsection.4.6.2.4}{\376\377\0004\000.\0006\000.\0002\000.\0004\000\040\000C\000h\000a\000t\000\137\000O\000r\000a\000C\000o\000r\000r\000e\000n\000t\000e\000\050\000\051}{subsection.4.6.2}% 30
\BOOKMARK [3][-]{subsubsection.4.6.2.5}{\376\377\0004\000.\0006\000.\0002\000.\0005\000\040\000C\000h\000a\000t\000\137\000O\000t\000t\000i\000e\000n\000i\000\050\000\051}{subsection.4.6.2}% 31
\BOOKMARK [3][-]{subsubsection.4.6.2.6}{\376\377\0004\000.\0006\000.\0002\000.\0006\000\040\000C\000h\000a\000t\000\137\000S\000v\000u\000o\000t\000a\000\050\000\051}{subsection.4.6.2}% 32
\BOOKMARK [1][-]{section.4.7}{\376\377\0004\000.\0007\000\040\000Q\000u\000e\000u\000e\000\040\000\050\000C\000o\000d\000a\000\051}{chapter.4}% 33
\BOOKMARK [2][-]{subsection.4.7.1}{\376\377\0004\000.\0007\000.\0001\000\040\000D\000e\000t\000a\000i\000l\000e\000d\000\040\000D\000e\000s\000c\000r\000i\000p\000t\000i\000o\000n}{section.4.7}% 34
\BOOKMARK [2][-]{subsection.4.7.2}{\376\377\0004\000.\0007\000.\0002\000\040\000F\000u\000n\000c\000t\000i\000o\000n\000\040\000D\000o\000c\000u\000m\000e\000n\000t\000a\000t\000i\000o\000n}{section.4.7}% 35
\BOOKMARK [3][-]{subsubsection.4.7.2.1}{\376\377\0004\000.\0007\000.\0002\000.\0001\000\040\000C\000o\000d\000a\000\137\000C\000e\000r\000c\000a\000P\000e\000r\000I\000n\000d\000i\000c\000e\000\050\000\051}{subsection.4.7.2}% 36
\BOOKMARK [3][-]{subsubsection.4.7.2.2}{\376\377\0004\000.\0007\000.\0002\000.\0002\000\040\000C\000o\000d\000a\000\137\000C\000o\000p\000i\000a\000P\000e\000r\000I\000n\000d\000i\000c\000e\000\050\000\051}{subsection.4.7.2}% 37
\BOOKMARK [3][-]{subsubsection.4.7.2.3}{\376\377\0004\000.\0007\000.\0002\000.\0003\000\040\000C\000o\000d\000a\000\137\000C\000r\000e\000a\000\050\000\051}{subsection.4.7.2}% 38
\BOOKMARK [3][-]{subsubsection.4.7.2.4}{\376\377\0004\000.\0007\000.\0002\000.\0004\000\040\000C\000o\000d\000a\000\137\000D\000e\000q\000u\000e\000u\000e\000\050\000\051}{subsection.4.7.2}% 39
\BOOKMARK [3][-]{subsubsection.4.7.2.5}{\376\377\0004\000.\0007\000.\0002\000.\0005\000\040\000C\000o\000d\000a\000\137\000D\000i\000m\000e\000n\000s\000i\000o\000n\000e\000\050\000\051}{subsection.4.7.2}% 40
\BOOKMARK [3][-]{subsubsection.4.7.2.6}{\376\377\0004\000.\0007\000.\0002\000.\0006\000\040\000C\000o\000d\000a\000\137\000D\000i\000s\000t\000r\000u\000g\000g\000i\000\050\000\051}{subsection.4.7.2}% 41
\BOOKMARK [3][-]{subsubsection.4.7.2.7}{\376\377\0004\000.\0007\000.\0002\000.\0007\000\040\000C\000o\000d\000a\000\137\000E\000n\000q\000u\000e\000u\000e\000\050\000\051}{subsection.4.7.2}% 42
\BOOKMARK [3][-]{subsubsection.4.7.2.8}{\376\377\0004\000.\0007\000.\0002\000.\0008\000\040\000C\000o\000d\000a\000\137\000F\000r\000o\000n\000t\000\050\000\051}{subsection.4.7.2}% 43
\BOOKMARK [3][-]{subsubsection.4.7.2.9}{\376\377\0004\000.\0007\000.\0002\000.\0009\000\040\000C\000o\000d\000a\000\137\000I\000n\000v\000e\000r\000t\000i\000V\000e\000r\000s\000o\000\050\000\051}{subsection.4.7.2}% 44
\BOOKMARK [3][-]{subsubsection.4.7.2.10}{\376\377\0004\000.\0007\000.\0002\000.\0001\0000\000\040\000C\000o\000d\000a\000\137\000P\000r\000o\000x\000N\000o\000d\000o\000\050\000\051}{subsection.4.7.2}% 45
\BOOKMARK [3][-]{subsubsection.4.7.2.11}{\376\377\0004\000.\0007\000.\0002\000.\0001\0001\000\040\000C\000o\000d\000a\000\137\000R\000e\000a\000r\000\050\000\051}{subsection.4.7.2}% 46
\BOOKMARK [3][-]{subsubsection.4.7.2.12}{\376\377\0004\000.\0007\000.\0002\000.\0001\0002\000\040\000C\000o\000d\000a\000\137\000V\000u\000o\000t\000a\000\050\000\051}{subsection.4.7.2}% 47
\BOOKMARK [1][-]{section.4.8}{\376\377\0004\000.\0008\000\040\000S\000t\000a\000c\000k\000\040\000\050\000P\000i\000l\000a\000\051}{chapter.4}% 48
\BOOKMARK [2][-]{subsection.4.8.1}{\376\377\0004\000.\0008\000.\0001\000\040\000D\000e\000t\000a\000i\000l\000e\000d\000\040\000D\000e\000s\000c\000r\000i\000p\000t\000i\000o\000n}{section.4.8}% 49
\BOOKMARK [2][-]{subsection.4.8.2}{\376\377\0004\000.\0008\000.\0002\000\040\000F\000u\000n\000c\000t\000i\000o\000n\000\040\000D\000o\000c\000u\000m\000e\000n\000t\000a\000t\000i\000o\000n}{section.4.8}% 50
\BOOKMARK [3][-]{subsubsection.4.8.2.1}{\376\377\0004\000.\0008\000.\0002\000.\0001\000\040\000P\000i\000l\000a\000\137\000C\000r\000e\000a\000\050\000\051}{subsection.4.8.2}% 51
\BOOKMARK [3][-]{subsubsection.4.8.2.2}{\376\377\0004\000.\0008\000.\0002\000.\0002\000\040\000P\000i\000l\000a\000\137\000D\000i\000m\000e\000n\000s\000i\000o\000n\000e\000\050\000\051}{subsection.4.8.2}% 52
\BOOKMARK [3][-]{subsubsection.4.8.2.3}{\376\377\0004\000.\0008\000.\0002\000.\0003\000\040\000P\000i\000l\000a\000\137\000D\000i\000s\000t\000r\000u\000g\000g\000i\000\050\000\051}{subsection.4.8.2}% 53
\BOOKMARK [3][-]{subsubsection.4.8.2.4}{\376\377\0004\000.\0008\000.\0002\000.\0004\000\040\000P\000i\000l\000a\000\137\000P\000o\000p\000\050\000\051}{subsection.4.8.2}% 54
\BOOKMARK [3][-]{subsubsection.4.8.2.5}{\376\377\0004\000.\0008\000.\0002\000.\0005\000\040\000P\000i\000l\000a\000\137\000P\000u\000s\000h\000\050\000\051}{subsection.4.8.2}% 55
\BOOKMARK [3][-]{subsubsection.4.8.2.6}{\376\377\0004\000.\0008\000.\0002\000.\0006\000\040\000P\000i\000l\000a\000\137\000S\000v\000u\000o\000t\000a\000\050\000\051}{subsection.4.8.2}% 56
\BOOKMARK [3][-]{subsubsection.4.8.2.7}{\376\377\0004\000.\0008\000.\0002\000.\0007\000\040\000P\000i\000l\000a\000\137\000T\000o\000p\000\050\000\051}{subsection.4.8.2}% 57
\BOOKMARK [3][-]{subsubsection.4.8.2.8}{\376\377\0004\000.\0008\000.\0002\000.\0008\000\040\000P\000i\000l\000a\000\137\000V\000u\000o\000t\000a\000\050\000\051}{subsection.4.8.2}% 58
\BOOKMARK [1][-]{section.4.9}{\376\377\0004\000.\0009\000\040\000L\000o\000g\000i\000c\000a\000\040\000d\000i\000\040\000G\000i\000o\000c\000o}{chapter.4}% 59
\BOOKMARK [2][-]{subsection.4.9.1}{\376\377\0004\000.\0009\000.\0001\000\040\000D\000e\000t\000a\000i\000l\000e\000d\000\040\000D\000e\000s\000c\000r\000i\000p\000t\000i\000o\000n}{section.4.9}% 60
\BOOKMARK [2][-]{subsection.4.9.2}{\376\377\0004\000.\0009\000.\0002\000\040\000F\000u\000n\000c\000t\000i\000o\000n\000\040\000D\000o\000c\000u\000m\000e\000n\000t\000a\000t\000i\000o\000n}{section.4.9}% 61
\BOOKMARK [3][-]{subsubsection.4.9.2.1}{\376\377\0004\000.\0009\000.\0002\000.\0001\000\040\000G\000e\000t\000C\000a\000r\000t\000a\000G\000i\000o\000c\000a\000t\000o\000r\000e\000\050\000\051}{subsection.4.9.2}% 62
\BOOKMARK [3][-]{subsubsection.4.9.2.2}{\376\377\0004\000.\0009\000.\0002\000.\0002\000\040\000G\000e\000t\000L\000u\000n\000g\000h\000e\000z\000z\000a\000M\000a\000n\000o\000\050\000\051}{subsection.4.9.2}% 63
\BOOKMARK [3][-]{subsubsection.4.9.2.3}{\376\377\0004\000.\0009\000.\0002\000.\0003\000\040\000G\000e\000t\000N\000o\000d\000o\000C\000a\000r\000t\000a\000G\000i\000o\000c\000a\000t\000o\000r\000e\000\050\000\051}{subsection.4.9.2}% 64
\BOOKMARK [3][-]{subsubsection.4.9.2.4}{\376\377\0004\000.\0009\000.\0002\000.\0004\000\040\000I\000n\000i\000z\000i\000a\000l\000i\000z\000z\000a\000M\000a\000z\000z\000o\000\050\000\051}{subsection.4.9.2}% 65
\BOOKMARK [3][-]{subsubsection.4.9.2.5}{\376\377\0004\000.\0009\000.\0002\000.\0005\000\040\000P\000e\000s\000c\000a\000\050\000\051}{subsection.4.9.2}% 66
\BOOKMARK [3][-]{subsubsection.4.9.2.6}{\376\377\0004\000.\0009\000.\0002\000.\0006\000\040\000R\000i\000m\000e\000s\000c\000o\000l\000a\000S\000c\000a\000r\000t\000i\000N\000e\000l\000M\000a\000z\000z\000o\000\050\000\051}{subsection.4.9.2}% 67
\BOOKMARK [3][-]{subsubsection.4.9.2.7}{\376\377\0004\000.\0009\000.\0002\000.\0007\000\040\000R\000i\000m\000u\000o\000v\000i\000C\000a\000r\000t\000a\000G\000i\000o\000c\000a\000t\000o\000r\000e\000\050\000\051}{subsection.4.9.2}% 68
\BOOKMARK [1][-]{section.4.10}{\376\377\0004\000.\0001\0000\000\040\000L\000i\000s\000t\000a\000\040\000\050\000L\000i\000s\000t\000a\000\040\000C\000o\000n\000c\000a\000t\000e\000n\000a\000t\000a\000\051}{chapter.4}% 69
\BOOKMARK [2][-]{subsection.4.10.1}{\376\377\0004\000.\0001\0000\000.\0001\000\040\000D\000e\000t\000a\000i\000l\000e\000d\000\040\000D\000e\000s\000c\000r\000i\000p\000t\000i\000o\000n}{section.4.10}% 70
\BOOKMARK [2][-]{subsection.4.10.2}{\376\377\0004\000.\0001\0000\000.\0002\000\040\000F\000u\000n\000c\000t\000i\000o\000n\000\040\000D\000o\000c\000u\000m\000e\000n\000t\000a\000t\000i\000o\000n}{section.4.10}% 71
\BOOKMARK [3][-]{subsubsection.4.10.2.1}{\376\377\0004\000.\0001\0000\000.\0002\000.\0001\000\040\000C\000r\000e\000a\000L\000i\000s\000t\000a\000\050\000\051}{subsection.4.10.2}% 72
\BOOKMARK [3][-]{subsubsection.4.10.2.2}{\376\377\0004\000.\0001\0000\000.\0002\000.\0002\000\040\000E\000l\000i\000m\000i\000n\000a\000L\000i\000s\000t\000a\000\050\000\051}{subsection.4.10.2}% 73
\BOOKMARK [3][-]{subsubsection.4.10.2.3}{\376\377\0004\000.\0001\0000\000.\0002\000.\0003\000\040\000G\000e\000t\000A\000t\000\050\000\051}{subsection.4.10.2}% 74
\BOOKMARK [3][-]{subsubsection.4.10.2.4}{\376\377\0004\000.\0001\0000\000.\0002\000.\0004\000\040\000I\000n\000s\000e\000r\000t\000I\000n\000C\000o\000d\000a\000\050\000\051}{subsection.4.10.2}% 75
\BOOKMARK [3][-]{subsubsection.4.10.2.5}{\376\377\0004\000.\0001\0000\000.\0002\000.\0005\000\040\000I\000n\000s\000e\000r\000t\000I\000n\000T\000e\000s\000t\000a\000\050\000\051}{subsection.4.10.2}% 76
\BOOKMARK [3][-]{subsubsection.4.10.2.6}{\376\377\0004\000.\0001\0000\000.\0002\000.\0006\000\040\000L\000i\000s\000t\000a\000\137\000I\000n\000s\000e\000r\000i\000s\000c\000i\000D\000o\000p\000o\000\050\000\051}{subsection.4.10.2}% 77
\BOOKMARK [3][-]{subsubsection.4.10.2.7}{\376\377\0004\000.\0001\0000\000.\0002\000.\0007\000\040\000L\000i\000s\000t\000a\000\137\000P\000r\000e\000c\000e\000d\000e\000n\000t\000e\000\050\000\051}{subsection.4.10.2}% 78
\BOOKMARK [3][-]{subsubsection.4.10.2.8}{\376\377\0004\000.\0001\0000\000.\0002\000.\0008\000\040\000L\000i\000s\000t\000a\000\137\000R\000i\000m\000u\000o\000v\000i\000N\000o\000d\000o\000B\000i\000d\000i\000r\000e\000z\000i\000o\000n\000a\000l\000e\000\050\000\051}{subsection.4.10.2}% 79
\BOOKMARK [3][-]{subsubsection.4.10.2.9}{\376\377\0004\000.\0001\0000\000.\0002\000.\0009\000\040\000L\000i\000s\000t\000a\000\137\000U\000l\000t\000i\000m\000o\000\050\000\051}{subsection.4.10.2}% 80
\BOOKMARK [3][-]{subsubsection.4.10.2.10}{\376\377\0004\000.\0001\0000\000.\0002\000.\0001\0000\000\040\000L\000i\000s\000t\000a\000\137\000V\000e\000r\000i\000f\000i\000c\000a\000B\000i\000d\000i\000r\000e\000z\000i\000o\000n\000a\000l\000e\000\050\000\051}{subsection.4.10.2}% 81
\BOOKMARK [3][-]{subsubsection.4.10.2.11}{\376\377\0004\000.\0001\0000\000.\0002\000.\0001\0001\000\040\000R\000e\000m\000o\000v\000e\000A\000t\000\050\000\051}{subsection.4.10.2}% 82
\BOOKMARK [3][-]{subsubsection.4.10.2.12}{\376\377\0004\000.\0001\0000\000.\0002\000.\0001\0002\000\040\000R\000e\000m\000o\000v\000e\000N\000o\000d\000e\000\050\000\051}{subsection.4.10.2}% 83
\BOOKMARK [3][-]{subsubsection.4.10.2.13}{\376\377\0004\000.\0001\0000\000.\0002\000.\0001\0003\000\040\000S\000t\000a\000m\000p\000a\000L\000i\000s\000t\000a\000\050\000\051}{subsection.4.10.2}% 84
\BOOKMARK [1][-]{section.4.11}{\376\377\0004\000.\0001\0001\000\040\000A\000d\000m\000i\000n\000\040\000D\000r\000a\000w}{chapter.4}% 85
\BOOKMARK [2][-]{subsection.4.11.1}{\376\377\0004\000.\0001\0001\000.\0001\000\040\000D\000e\000t\000a\000i\000l\000e\000d\000\040\000D\000e\000s\000c\000r\000i\000p\000t\000i\000o\000n}{section.4.11}% 86
\BOOKMARK [2][-]{subsection.4.11.2}{\376\377\0004\000.\0001\0001\000.\0002\000\040\000F\000u\000n\000c\000t\000i\000o\000n\000\040\000D\000o\000c\000u\000m\000e\000n\000t\000a\000t\000i\000o\000n}{section.4.11}% 87
\BOOKMARK [3][-]{subsubsection.4.11.2.1}{\376\377\0004\000.\0001\0001\000.\0002\000.\0001\000\040\000D\000i\000s\000e\000g\000n\000a\000A\000d\000m\000i\000n\000M\000o\000d\000i\000f\000i\000c\000a\000U\000t\000e\000n\000t\000e\000\050\000\051}{subsection.4.11.2}% 88
\BOOKMARK [3][-]{subsubsection.4.11.2.2}{\376\377\0004\000.\0001\0001\000.\0002\000.\0002\000\040\000D\000i\000s\000e\000g\000n\000a\000A\000d\000m\000i\000n\000P\000a\000n\000e\000l\000\050\000\051}{subsection.4.11.2}% 89
\BOOKMARK [1][-]{section.4.12}{\376\377\0004\000.\0001\0002\000\040\000A\000u\000t\000h\000\040\000D\000r\000a\000w}{chapter.4}% 90
\BOOKMARK [2][-]{subsection.4.12.1}{\376\377\0004\000.\0001\0002\000.\0001\000\040\000D\000e\000t\000a\000i\000l\000e\000d\000\040\000D\000e\000s\000c\000r\000i\000p\000t\000i\000o\000n}{section.4.12}% 91
\BOOKMARK [2][-]{subsection.4.12.2}{\376\377\0004\000.\0001\0002\000.\0002\000\040\000F\000u\000n\000c\000t\000i\000o\000n\000\040\000D\000o\000c\000u\000m\000e\000n\000t\000a\000t\000i\000o\000n}{section.4.12}% 92
\BOOKMARK [3][-]{subsubsection.4.12.2.1}{\376\377\0004\000.\0001\0002\000.\0002\000.\0001\000\040\000D\000i\000s\000e\000g\000n\000a\000A\000u\000t\000h\000\050\000\051}{subsection.4.12.2}% 93
\BOOKMARK [1][-]{section.4.13}{\376\377\0004\000.\0001\0003\000\040\000S\000c\000h\000e\000r\000m\000a\000t\000e\000\040\000A\000u\000t\000h}{chapter.4}% 94
\BOOKMARK [2][-]{subsection.4.13.1}{\376\377\0004\000.\0001\0003\000.\0001\000\040\000D\000e\000t\000a\000i\000l\000e\000d\000\040\000D\000e\000s\000c\000r\000i\000p\000t\000i\000o\000n}{section.4.13}% 95
\BOOKMARK [1][-]{section.4.14}{\376\377\0004\000.\0001\0004\000\040\000A\000u\000t\000h\000\040\000S\000h\000a\000r\000e\000d}{chapter.4}% 96
\BOOKMARK [1][-]{section.4.15}{\376\377\0004\000.\0001\0005\000\040\000A\000u\000t\000h\000\040\000U\000p\000d\000a\000t\000e}{chapter.4}% 97
\BOOKMARK [2][-]{subsection.4.15.1}{\376\377\0004\000.\0001\0005\000.\0001\000\040\000D\000e\000t\000a\000i\000l\000e\000d\000\040\000D\000e\000s\000c\000r\000i\000p\000t\000i\000o\000n}{section.4.15}% 98
\BOOKMARK [1][-]{section.4.16}{\376\377\0004\000.\0001\0006\000\040\000I\000n\000p\000u\000t\000\040\000F\000i\000e\000l\000d}{chapter.4}% 99
\BOOKMARK [2][-]{subsection.4.16.1}{\376\377\0004\000.\0001\0006\000.\0001\000\040\000D\000e\000t\000a\000i\000l\000e\000d\000\040\000D\000e\000s\000c\000r\000i\000p\000t\000i\000o\000n}{section.4.16}% 100
\BOOKMARK [2][-]{subsection.4.16.2}{\376\377\0004\000.\0001\0006\000.\0002\000\040\000F\000u\000n\000c\000t\000i\000o\000n\000\040\000D\000o\000c\000u\000m\000e\000n\000t\000a\000t\000i\000o\000n}{section.4.16}% 101
\BOOKMARK [3][-]{subsubsection.4.16.2.1}{\376\377\0004\000.\0001\0006\000.\0002\000.\0001\000\040\000A\000g\000g\000i\000o\000r\000n\000a\000I\000n\000p\000u\000t\000C\000a\000m\000p\000o\000\050\000\051}{subsection.4.16.2}% 102
\BOOKMARK [3][-]{subsubsection.4.16.2.2}{\376\377\0004\000.\0001\0006\000.\0002\000.\0002\000\040\000D\000i\000s\000e\000g\000n\000a\000I\000n\000p\000u\000t\000F\000i\000e\000l\000d\000\050\000\051}{subsection.4.16.2}% 103
\BOOKMARK [1][-]{section.4.17}{\376\377\0004\000.\0001\0007\000\040\000B\000o\000t\000\040\000A\000I}{chapter.4}% 104
\BOOKMARK [2][-]{subsection.4.17.1}{\376\377\0004\000.\0001\0007\000.\0001\000\040\000D\000e\000t\000a\000i\000l\000e\000d\000\040\000D\000e\000s\000c\000r\000i\000p\000t\000i\000o\000n}{section.4.17}% 105
\BOOKMARK [2][-]{subsection.4.17.2}{\376\377\0004\000.\0001\0007\000.\0002\000\040\000F\000u\000n\000c\000t\000i\000o\000n\000\040\000D\000o\000c\000u\000m\000e\000n\000t\000a\000t\000i\000o\000n}{section.4.17}% 106
\BOOKMARK [3][-]{subsubsection.4.17.2.1}{\376\377\0004\000.\0001\0007\000.\0002\000.\0001\000\040\000B\000o\000t\000A\000I\000\137\000C\000o\000s\000t\000r\000u\000i\000s\000c\000i\000A\000l\000b\000e\000r\000o\000\050\000\051}{subsection.4.17.2}% 107
\BOOKMARK [3][-]{subsubsection.4.17.2.2}{\376\377\0004\000.\0001\0007\000.\0002\000.\0002\000\040\000B\000o\000t\000A\000I\000\137\000D\000e\000c\000i\000d\000i\000\050\000\051}{subsection.4.17.2}% 108
\BOOKMARK [3][-]{subsubsection.4.17.2.3}{\376\377\0004\000.\0001\0007\000.\0002\000.\0003\000\040\000B\000o\000t\000A\000I\000\137\000D\000i\000s\000t\000r\000u\000g\000g\000i\000A\000l\000b\000e\000r\000o\000\050\000\051}{subsection.4.17.2}% 109
\BOOKMARK [3][-]{subsubsection.4.17.2.4}{\376\377\0004\000.\0001\0007\000.\0002\000.\0004\000\040\000B\000o\000t\000A\000I\000\137\000S\000c\000e\000g\000l\000i\000C\000o\000l\000o\000r\000e\000\050\000\051}{subsection.4.17.2}% 110
\BOOKMARK [3][-]{subsubsection.4.17.2.5}{\376\377\0004\000.\0001\0007\000.\0002\000.\0005\000\040\000B\000o\000t\000A\000I\000\137\000T\000r\000o\000v\000a\000C\000a\000r\000t\000a\000\050\000\051}{subsection.4.17.2}% 111
\BOOKMARK [1][-]{section.4.18}{\376\377\0004\000.\0001\0008\000\040\000E\000n\000d\000\040\000S\000c\000r\000e\000e\000n}{chapter.4}% 112
\BOOKMARK [2][-]{subsection.4.18.1}{\376\377\0004\000.\0001\0008\000.\0001\000\040\000D\000e\000t\000a\000i\000l\000e\000d\000\040\000D\000e\000s\000c\000r\000i\000p\000t\000i\000o\000n}{section.4.18}% 113
\BOOKMARK [1][-]{section.4.19}{\376\377\0004\000.\0001\0009\000\040\000G\000a\000m\000e\000p\000l\000a\000y\000\040\000A\000n\000i\000m\000a\000t\000i\000o\000n}{chapter.4}% 114
\BOOKMARK [1][-]{section.4.20}{\376\377\0004\000.\0002\0000\000\040\000G\000a\000m\000e\000p\000l\000a\000y\000\040\000C\000h\000a\000t}{chapter.4}% 115
\BOOKMARK [2][-]{subsection.4.20.1}{\376\377\0004\000.\0002\0000\000.\0001\000\040\000D\000e\000t\000a\000i\000l\000e\000d\000\040\000D\000e\000s\000c\000r\000i\000p\000t\000i\000o\000n}{section.4.20}% 116
\BOOKMARK [1][-]{section.4.21}{\376\377\0004\000.\0002\0001\000\040\000G\000a\000m\000e\000p\000l\000a\000y\000\040\000D\000r\000a\000w}{chapter.4}% 117
\BOOKMARK [2][-]{subsection.4.21.1}{\376\377\0004\000.\0002\0001\000.\0001\000\040\000D\000e\000t\000a\000i\000l\000e\000d\000\040\000D\000e\000s\000c\000r\000i\000p\000t\000i\000o\000n}{section.4.21}% 118
\BOOKMARK [1][-]{section.4.22}{\376\377\0004\000.\0002\0002\000\040\000G\000a\000m\000e\000p\000l\000a\000y\000\040\000S\000c\000r\000e\000e\000n}{chapter.4}% 119
\BOOKMARK [2][-]{subsection.4.22.1}{\376\377\0004\000.\0002\0002\000.\0001\000\040\000D\000e\000t\000a\000i\000l\000e\000d\000\040\000D\000e\000s\000c\000r\000i\000p\000t\000i\000o\000n}{section.4.22}% 120
\BOOKMARK [1][-]{section.4.23}{\376\377\0004\000.\0002\0003\000\040\000G\000a\000m\000e\000p\000l\000a\000y\000\040\000S\000h\000a\000r\000e\000d}{chapter.4}% 121
\BOOKMARK [1][-]{section.4.24}{\376\377\0004\000.\0002\0004\000\040\000G\000a\000m\000e\000p\000l\000a\000y\000\040\000U\000p\000d\000a\000t\000e}{chapter.4}% 122
\BOOKMARK [2][-]{subsection.4.24.1}{\376\377\0004\000.\0002\0004\000.\0001\000\040\000D\000e\000t\000a\000i\000l\000e\000d\000\040\000D\000e\000s\000c\000r\000i\000p\000t\000i\000o\000n}{section.4.24}% 123
\BOOKMARK [1][-]{section.4.25}{\376\377\0004\000.\0002\0005\000\040\000M\000e\000n\000u\000\040\000S\000c\000r\000e\000e\000n}{chapter.4}% 124
\BOOKMARK [2][-]{subsection.4.25.1}{\376\377\0004\000.\0002\0005\000.\0001\000\040\000D\000e\000t\000a\000i\000l\000e\000d\000\040\000D\000e\000s\000c\000r\000i\000p\000t\000i\000o\000n}{section.4.25}% 125
\BOOKMARK [2][-]{subsection.4.25.2}{\376\377\0004\000.\0002\0005\000.\0002\000\040\000F\000u\000n\000c\000t\000i\000o\000n\000\040\000D\000o\000c\000u\000m\000e\000n\000t\000a\000t\000i\000o\000n}{section.4.25}% 126
\BOOKMARK [3][-]{subsubsection.4.25.2.1}{\376\377\0004\000.\0002\0005\000.\0002\000.\0001\000\040\000D\000i\000s\000e\000g\000n\000a\000S\000t\000a\000t\000i\000s\000t\000i\000c\000h\000e\000\050\000\051}{subsection.4.25.2}% 127
\BOOKMARK [1][-]{section.4.26}{\376\377\0004\000.\0002\0006\000\040\000S\000t\000a\000t\000s\000\040\000S\000c\000r\000e\000e\000n}{chapter.4}% 128
\BOOKMARK [1][-]{section.4.27}{\376\377\0004\000.\0002\0007\000\040\000M\000u\000l\000t\000i\000p\000l\000a\000y\000e\000r\000\040\000L\000o\000b\000b\000y}{chapter.4}% 129
\BOOKMARK [2][-]{subsection.4.27.1}{\376\377\0004\000.\0002\0007\000.\0001\000\040\000D\000e\000t\000a\000i\000l\000e\000d\000\040\000D\000e\000s\000c\000r\000i\000p\000t\000i\000o\000n}{section.4.27}% 130
\BOOKMARK [2][-]{subsection.4.27.2}{\376\377\0004\000.\0002\0007\000.\0002\000\040\000F\000u\000n\000c\000t\000i\000o\000n\000\040\000D\000o\000c\000u\000m\000e\000n\000t\000a\000t\000i\000o\000n}{section.4.27}% 131
\BOOKMARK [3][-]{subsubsection.4.27.2.1}{\376\377\0004\000.\0002\0007\000.\0002\000.\0001\000\040\000D\000i\000s\000e\000g\000n\000a\000W\000a\000i\000t\000i\000n\000g\000R\000o\000o\000m\000\050\000\051}{subsection.4.27.2}% 132
\BOOKMARK [1][-]{section.4.28}{\376\377\0004\000.\0002\0008\000\040\000M\000u\000l\000t\000i\000p\000l\000a\000y\000e\000r\000\040\000S\000c\000r\000e\000e\000n}{chapter.4}% 133
\BOOKMARK [2][-]{subsection.4.28.1}{\376\377\0004\000.\0002\0008\000.\0001\000\040\000D\000e\000t\000a\000i\000l\000e\000d\000\040\000D\000e\000s\000c\000r\000i\000p\000t\000i\000o\000n}{section.4.28}% 134
\BOOKMARK [2][-]{subsection.4.28.2}{\376\377\0004\000.\0002\0008\000.\0002\000\040\000F\000u\000n\000c\000t\000i\000o\000n\000\040\000D\000o\000c\000u\000m\000e\000n\000t\000a\000t\000i\000o\000n}{section.4.28}% 135
\BOOKMARK [3][-]{subsubsection.4.28.2.1}{\376\377\0004\000.\0002\0008\000.\0002\000.\0001\000\040\000D\000i\000s\000e\000g\000n\000a\000M\000u\000l\000t\000i\000p\000l\000a\000y\000e\000r\000\050\000\051}{subsection.4.28.2}% 136
\BOOKMARK [3][-]{subsubsection.4.28.2.2}{\376\377\0004\000.\0002\0008\000.\0002\000.\0002\000\040\000R\000e\000s\000e\000t\000M\000u\000l\000t\000i\000p\000l\000a\000y\000e\000r\000E\000r\000r\000o\000r\000\050\000\051}{subsection.4.28.2}% 137
\BOOKMARK [1][-]{section.4.29}{\376\377\0004\000.\0002\0009\000\040\000S\000t\000r\000i\000n\000g\000\040\000U\000t\000i\000l\000s}{chapter.4}% 138
\BOOKMARK [2][-]{subsection.4.29.1}{\376\377\0004\000.\0002\0009\000.\0001\000\040\000D\000e\000t\000a\000i\000l\000e\000d\000\040\000D\000e\000s\000c\000r\000i\000p\000t\000i\000o\000n}{section.4.29}% 139
\BOOKMARK [1][-]{section.4.30}{\376\377\0004\000.\0003\0000\000\040\000P\000r\000o\000t\000o\000c\000o\000l\000l\000o\000\040\000L\000A\000N}{chapter.4}% 140
\BOOKMARK [1][-]{section.4.31}{\376\377\0004\000.\0003\0001\000\040\000D\000a\000t\000i\000\040\000U\000t\000e\000n\000t\000e\000\040\000L\000A\000N}{chapter.4}% 141
\BOOKMARK [1][-]{section.4.32}{\376\377\0004\000.\0003\0002\000\040\000S\000t\000a\000t\000s\000\040\000S\000y\000n\000c\000\040\000P\000a\000c\000k\000e\000t}{chapter.4}% 142
\BOOKMARK [1][-]{section.4.33}{\376\377\0004\000.\0003\0003\000\040\000S\000i\000n\000c\000r\000o\000n\000i\000z\000z\000a\000z\000i\000o\000n\000e\000\040\000L\000A\000N}{chapter.4}% 143
\BOOKMARK [1][-]{section.4.34}{\376\377\0004\000.\0003\0004\000\040\000R\000e\000t\000e\000\040\000M\000u\000l\000t\000i\000p\000l\000a\000y\000e\000r}{chapter.4}% 144
\BOOKMARK [2][-]{subsection.4.34.1}{\376\377\0004\000.\0003\0004\000.\0001\000\040\000D\000e\000t\000a\000i\000l\000e\000d\000\040\000D\000e\000s\000c\000r\000i\000p\000t\000i\000o\000n}{section.4.34}% 145
\BOOKMARK [1][-]{section.4.35}{\376\377\0004\000.\0003\0005\000\040\000N\000e\000t\000w\000o\000r\000k\000\040\000S\000e\000n\000d}{chapter.4}% 146
\BOOKMARK [1][-]{section.4.36}{\376\377\0004\000.\0003\0006\000\040\000P\000a\000c\000k\000e\000t\000\040\000H\000a\000n\000d\000l\000e\000r}{chapter.4}% 147
\BOOKMARK [1][-]{section.4.37}{\376\377\0004\000.\0003\0007\000\040\000P\000a\000c\000k\000e\000t\000\040\000H\000a\000n\000d\000l\000e\000r\000\040\000A\000d\000m\000i\000n}{chapter.4}% 148
\BOOKMARK [1][-]{section.4.38}{\376\377\0004\000.\0003\0008\000\040\000P\000a\000c\000k\000e\000t\000\040\000H\000a\000n\000d\000l\000e\000r\000\040\000G\000a\000m\000e}{chapter.4}% 149
\BOOKMARK [1][-]{section.4.39}{\376\377\0004\000.\0003\0009\000\040\000S\000t\000a\000t\000e\000\040\000S\000y\000n\000c}{chapter.4}% 150
\BOOKMARK [1][-]{section.4.40}{\376\377\0004\000.\0004\0000\000\040\000S\000e\000r\000v\000e\000r\000\040\000M\000a\000n\000a\000g\000e\000r}{chapter.4}% 151
\BOOKMARK [1][-]{section.4.41}{\376\377\0004\000.\0004\0001\000\040\000N\000e\000t\000w\000o\000r\000k\000\040\000U\000t\000i\000l\000s}{chapter.4}% 152
\BOOKMARK [1][-]{section.4.42}{\376\377\0004\000.\0004\0002\000\040\000R\000e\000n\000d\000e\000r\000i\000n\000g\000\040\000e\000\040\000I\000n\000t\000e\000r\000f\000a\000c\000c\000i\000a\000\040\000U\000t\000e\000n\000t\000e}{chapter.4}% 153
\BOOKMARK [2][-]{subsection.4.42.1}{\376\377\0004\000.\0004\0002\000.\0001\000\040\000D\000e\000t\000a\000i\000l\000e\000d\000\040\000D\000e\000s\000c\000r\000i\000p\000t\000i\000o\000n}{section.4.42}% 154
\BOOKMARK [1][-]{section.4.43}{\376\377\0004\000.\0004\0003\000\040\000I\000m\000p\000l\000e\000m\000e\000n\000t\000a\000z\000i\000o\000n\000i\000\040\000A\000u\000t\000h}{chapter.4}% 155
\BOOKMARK [2][-]{subsection.4.43.1}{\376\377\0004\000.\0004\0003\000.\0001\000\040\000D\000e\000t\000a\000i\000l\000e\000d\000\040\000D\000e\000s\000c\000r\000i\000p\000t\000i\000o\000n}{section.4.43}% 156
\BOOKMARK [2][-]{subsection.4.43.2}{\376\377\0004\000.\0004\0003\000.\0002\000\040\000V\000a\000r\000i\000a\000b\000l\000e\000\040\000D\000o\000c\000u\000m\000e\000n\000t\000a\000t\000i\000o\000n}{section.4.43}% 157
\BOOKMARK [3][-]{subsubsection.4.43.2.1}{\376\377\0004\000.\0004\0003\000.\0002\000.\0001\000\040\000c\000a\000m\000p\000o\000\137\000f\000o\000c\000u\000s\000a\000t\000o}{subsection.4.43.2}% 158
\BOOKMARK [3][-]{subsubsection.4.43.2.2}{\376\377\0004\000.\0004\0003\000.\0002\000.\0002\000\040\000c\000o\000g\000n\000o\000m\000e\000C\000o\000u\000n\000t}{subsection.4.43.2}% 159
\BOOKMARK [3][-]{subsubsection.4.43.2.3}{\376\377\0004\000.\0004\0003\000.\0002\000.\0003\000\040\000d\000b\000U\000t\000e\000n\000t\000i}{subsection.4.43.2}% 160
\BOOKMARK [3][-]{subsubsection.4.43.2.4}{\376\377\0004\000.\0004\0003\000.\0002\000.\0004\000\040\000e\000m\000a\000i\000l\000C\000o\000u\000n\000t}{subsection.4.43.2}% 161
\BOOKMARK [3][-]{subsubsection.4.43.2.5}{\376\377\0004\000.\0004\0003\000.\0002\000.\0005\000\040\000e\000r\000r\000o\000r\000e\000\137\000p\000a\000s\000s\000w\000o\000r\000d}{subsection.4.43.2}% 162
\BOOKMARK [3][-]{subsubsection.4.43.2.6}{\376\377\0004\000.\0004\0003\000.\0002\000.\0006\000\040\000e\000r\000r\000o\000r\000e\000\137\000r\000e\000g\000i\000s\000t\000r\000a\000z\000i\000o\000n\000e\000\137\000e\000m\000a\000i\000l}{subsection.4.43.2}% 163
\BOOKMARK [3][-]{subsubsection.4.43.2.7}{\376\377\0004\000.\0004\0003\000.\0002\000.\0007\000\040\000e\000r\000r\000o\000r\000e\000\137\000r\000e\000g\000i\000s\000t\000r\000a\000z\000i\000o\000n\000e\000\137\000p\000a\000s\000s}{subsection.4.43.2}% 164
\BOOKMARK [3][-]{subsubsection.4.43.2.8}{\376\377\0004\000.\0004\0003\000.\0002\000.\0008\000\040\000e\000r\000r\000o\000r\000e\000\137\000r\000e\000g\000i\000s\000t\000r\000a\000z\000i\000o\000n\000e\000\137\000u\000s\000e\000r\000n\000a\000m\000e}{subsection.4.43.2}% 165
\BOOKMARK [3][-]{subsubsection.4.43.2.9}{\376\377\0004\000.\0004\0003\000.\0002\000.\0009\000\040\000i\000d\000\137\000t\000e\000m\000p\000\137\000l\000o\000g\000i\000n}{subsection.4.43.2}% 166
\BOOKMARK [3][-]{subsubsection.4.43.2.10}{\376\377\0004\000.\0004\0003\000.\0002\000.\0001\0000\000\040\000i\000d\000\137\000u\000t\000e\000n\000t\000e\000\137\000c\000o\000r\000r\000e\000n\000t\000e}{subsection.4.43.2}% 167
\BOOKMARK [3][-]{subsubsection.4.43.2.11}{\376\377\0004\000.\0004\0003\000.\0002\000.\0001\0001\000\040\000i\000n\000p\000u\000t\000C\000o\000g\000n\000o\000m\000e}{subsection.4.43.2}% 168
\BOOKMARK [3][-]{subsubsection.4.43.2.12}{\376\377\0004\000.\0004\0003\000.\0002\000.\0001\0002\000\040\000i\000n\000p\000u\000t\000E\000m\000a\000i\000l}{subsection.4.43.2}% 169
\BOOKMARK [3][-]{subsubsection.4.43.2.13}{\376\377\0004\000.\0004\0003\000.\0002\000.\0001\0003\000\040\000i\000n\000p\000u\000t\000N\000o\000m\000e}{subsection.4.43.2}% 170
\BOOKMARK [3][-]{subsubsection.4.43.2.14}{\376\377\0004\000.\0004\0003\000.\0002\000.\0001\0004\000\040\000i\000n\000p\000u\000t\000P\000a\000s\000s\000w\000o\000r\000d}{subsection.4.43.2}% 171
\BOOKMARK [3][-]{subsubsection.4.43.2.15}{\376\377\0004\000.\0004\0003\000.\0002\000.\0001\0005\000\040\000i\000n\000p\000u\000t\000P\000i\000n}{subsection.4.43.2}% 172
\BOOKMARK [3][-]{subsubsection.4.43.2.16}{\376\377\0004\000.\0004\0003\000.\0002\000.\0001\0006\000\040\000i\000n\000p\000u\000t\000U\000s\000e\000r\000n\000a\000m\000e}{subsection.4.43.2}% 173
\BOOKMARK [3][-]{subsubsection.4.43.2.17}{\376\377\0004\000.\0004\0003\000.\0002\000.\0001\0007\000\040\000n\000o\000m\000e\000C\000o\000u\000n\000t}{subsection.4.43.2}% 174
\BOOKMARK [3][-]{subsubsection.4.43.2.18}{\376\377\0004\000.\0004\0003\000.\0002\000.\0001\0008\000\040\000p\000a\000s\000s\000C\000o\000u\000n\000t}{subsection.4.43.2}% 175
\BOOKMARK [3][-]{subsubsection.4.43.2.19}{\376\377\0004\000.\0004\0003\000.\0002\000.\0001\0009\000\040\000p\000i\000n\000C\000o\000u\000n\000t}{subsection.4.43.2}% 176
\BOOKMARK [3][-]{subsubsection.4.43.2.20}{\376\377\0004\000.\0004\0003\000.\0002\000.\0002\0000\000\040\000u\000s\000e\000r\000n\000a\000m\000e\000C\000o\000u\000n\000t}{subsection.4.43.2}% 177
\BOOKMARK [2][-]{subsection.4.43.3}{\376\377\0004\000.\0004\0003\000.\0003\000\040\000L\000a\000z\000y\000\040\000D\000e\000l\000e\000t\000i\000o\000n\000\040\000I\000m\000p\000l\000e\000m\000e\000n\000t\000a\000z\000i\000o\000n\000e}{section.4.43}% 178
\BOOKMARK [3][-]{subsubsection.4.43.3.1}{\376\377\0004\000.\0004\0003\000.\0003\000.\0001\000\040\000D\000e\000t\000a\000i\000l\000e\000d\000\040\000D\000e\000s\000c\000r\000i\000p\000t\000i\000o\000n}{subsection.4.43.3}% 179
\BOOKMARK [3][-]{subsubsection.4.43.3.2}{\376\377\0004\000.\0004\0003\000.\0003\000.\0002\000\040\000F\000u\000n\000c\000t\000i\000o\000n\000\040\000D\000o\000c\000u\000m\000e\000n\000t\000a\000t\000i\000o\000n}{subsection.4.43.3}% 180
\BOOKMARK [1][-]{section.4.44}{\376\377\0004\000.\0004\0004\000\040\000T\000e\000x\000t\000u\000r\000e\000\040\000e\000\040\000R\000i\000s\000o\000r\000s\000e\000\040\000G\000r\000a\000f\000i\000c\000h\000e}{chapter.4}% 181
\BOOKMARK [2][-]{subsection.4.44.1}{\376\377\0004\000.\0004\0004\000.\0001\000\040\000D\000e\000t\000a\000i\000l\000e\000d\000\040\000D\000e\000s\000c\000r\000i\000p\000t\000i\000o\000n}{section.4.44}% 182
\BOOKMARK [2][-]{subsection.4.44.2}{\376\377\0004\000.\0004\0004\000.\0002\000\040\000V\000a\000r\000i\000a\000b\000l\000e\000\040\000D\000o\000c\000u\000m\000e\000n\000t\000a\000t\000i\000o\000n}{section.4.44}% 183
\BOOKMARK [3][-]{subsubsection.4.44.2.1}{\376\377\0004\000.\0004\0004\000.\0002\000.\0001\000\040\000c\000o\000l\000o\000r\000i\000R\000a\000y\000l\000i\000b}{subsection.4.44.2}% 184
\BOOKMARK [3][-]{subsubsection.4.44.2.2}{\376\377\0004\000.\0004\0004\000.\0002\000.\0002\000\040\000n\000o\000m\000i\000C\000o\000l\000o\000r\000i}{subsection.4.44.2}% 185
\BOOKMARK [3][-]{subsubsection.4.44.2.3}{\376\377\0004\000.\0004\0004\000.\0002\000.\0003\000\040\000t\000e\000x\000t\000u\000r\000e\000C\000a\000r\000t\000e}{subsection.4.44.2}% 186
\BOOKMARK [3][-]{subsubsection.4.44.2.4}{\376\377\0004\000.\0004\0004\000.\0002\000.\0004\000\040\000t\000e\000x\000t\000u\000r\000e\000D\000o\000r\000s\000o}{subsection.4.44.2}% 187
\BOOKMARK [3][-]{subsubsection.4.44.2.5}{\376\377\0004\000.\0004\0004\000.\0002\000.\0005\000\040\000t\000e\000x\000t\000u\000r\000e\000S\000f\000o\000n\000d\000o}{subsection.4.44.2}% 188
\BOOKMARK [1][-]{section.4.45}{\376\377\0004\000.\0004\0005\000\040\000E\000l\000i\000m\000i\000n\000a\000z\000i\000o\000n\000e\000\040\000D\000i\000f\000f\000u\000s\000a\000\040\000\050\000L\000a\000z\000y\000\040\000D\000e\000l\000e\000t\000i\000o\000n\000\051}{chapter.4}% 189
\BOOKMARK [2][-]{subsection.4.45.1}{\376\377\0004\000.\0004\0005\000.\0001\000\040\000D\000e\000t\000a\000i\000l\000e\000d\000\040\000D\000e\000s\000c\000r\000i\000p\000t\000i\000o\000n}{section.4.45}% 190
\BOOKMARK [2][-]{subsection.4.45.2}{\376\377\0004\000.\0004\0005\000.\0002\000\040\000M\000a\000c\000r\000o\000\040\000D\000e\000f\000i\000n\000i\000t\000i\000o\000n\000\040\000D\000o\000c\000u\000m\000e\000n\000t\000a\000t\000i\000o\000n}{section.4.45}% 191
\BOOKMARK [3][-]{subsubsection.4.45.2.1}{\376\377\0004\000.\0004\0005\000.\0002\000.\0001\000\040\000M\000A\000X\000\137\000P\000E\000N\000D\000I\000N\000G\000\137\000D\000E\000L\000E\000T\000I\000O\000N\000S}{subsection.4.45.2}% 192
\BOOKMARK [2][-]{subsection.4.45.3}{\376\377\0004\000.\0004\0005\000.\0003\000\040\000F\000u\000n\000c\000t\000i\000o\000n\000\040\000D\000o\000c\000u\000m\000e\000n\000t\000a\000t\000i\000o\000n}{section.4.45}% 193
\BOOKMARK [3][-]{subsubsection.4.45.3.1}{\376\377\0004\000.\0004\0005\000.\0003\000.\0001\000\040\000A\000u\000t\000h\000\137\000I\000s\000M\000a\000r\000k\000e\000d\000F\000o\000r\000D\000e\000l\000e\000t\000i\000o\000n\000\050\000\051}{subsection.4.45.3}% 194
\BOOKMARK [3][-]{subsubsection.4.45.3.2}{\376\377\0004\000.\0004\0005\000.\0003\000.\0002\000\040\000A\000u\000t\000h\000\137\000M\000a\000r\000k\000F\000o\000r\000D\000e\000l\000e\000t\000i\000o\000n\000\050\000\051}{subsection.4.45.3}% 195
\BOOKMARK [3][-]{subsubsection.4.45.3.3}{\376\377\0004\000.\0004\0005\000.\0003\000.\0003\000\040\000A\000u\000t\000h\000\137\000P\000r\000o\000c\000e\000s\000s\000P\000e\000n\000d\000i\000n\000g\000D\000e\000l\000e\000t\000i\000o\000n\000s\000\050\000\051}{subsection.4.45.3}% 196
\BOOKMARK [1][-]{section.4.46}{\376\377\0004\000.\0004\0006\000\040\000D\000a\000t\000a\000b\000a\000s\000e\000\040\000A\000P\000I}{chapter.4}% 197
\BOOKMARK [2][-]{subsection.4.46.1}{\376\377\0004\000.\0004\0006\000.\0001\000\040\000D\000e\000t\000a\000i\000l\000e\000d\000\040\000D\000e\000s\000c\000r\000i\000p\000t\000i\000o\000n}{section.4.46}% 198
\BOOKMARK [2][-]{subsection.4.46.2}{\376\377\0004\000.\0004\0006\000.\0002\000\040\000F\000u\000n\000c\000t\000i\000o\000n\000\040\000D\000o\000c\000u\000m\000e\000n\000t\000a\000t\000i\000o\000n}{section.4.46}% 199
\BOOKMARK [3][-]{subsubsection.4.46.2.1}{\376\377\0004\000.\0004\0006\000.\0002\000.\0001\000\040\000A\000u\000t\000h\000\137\000R\000e\000g\000i\000s\000t\000r\000a\000U\000t\000e\000n\000t\000e\000\050\000\051}{subsection.4.46.2}% 200
\BOOKMARK [3][-]{subsubsection.4.46.2.2}{\376\377\0004\000.\0004\0006\000.\0002\000.\0002\000\040\000A\000u\000t\000h\000\137\000R\000i\000m\000u\000o\000v\000i\000U\000t\000e\000n\000t\000e\000\050\000\051}{subsection.4.46.2}% 201
\BOOKMARK [3][-]{subsubsection.4.46.2.3}{\376\377\0004\000.\0004\0006\000.\0002\000.\0003\000\040\000A\000u\000t\000h\000B\000S\000T\000\137\000A\000l\000t\000e\000z\000z\000a\000\050\000\051}{subsection.4.46.2}% 202
\BOOKMARK [3][-]{subsubsection.4.46.2.4}{\376\377\0004\000.\0004\0006\000.\0002\000.\0004\000\040\000A\000u\000t\000h\000B\000S\000T\000\137\000C\000e\000r\000c\000a\000I\000n\000d\000i\000c\000e\000P\000e\000r\000E\000m\000a\000i\000l\000\050\000\051}{subsection.4.46.2}% 203
\BOOKMARK [3][-]{subsubsection.4.46.2.5}{\376\377\0004\000.\0004\0006\000.\0002\000.\0005\000\040\000A\000u\000t\000h\000B\000S\000T\000\137\000C\000o\000n\000t\000a\000N\000o\000d\000i\000\050\000\051}{subsection.4.46.2}% 204
\BOOKMARK [3][-]{subsubsection.4.46.2.6}{\376\377\0004\000.\0004\0006\000.\0002\000.\0006\000\040\000A\000u\000t\000h\000B\000S\000T\000\137\000R\000i\000c\000o\000s\000t\000r\000u\000i\000s\000c\000i\000\050\000\051}{subsection.4.46.2}% 205
\BOOKMARK [3][-]{subsubsection.4.46.2.7}{\376\377\0004\000.\0004\0006\000.\0002\000.\0007\000\040\000C\000a\000r\000i\000c\000a\000D\000B\000\050\000\051}{subsection.4.46.2}% 206
\BOOKMARK [3][-]{subsubsection.4.46.2.8}{\376\377\0004\000.\0004\0006\000.\0002\000.\0008\000\040\000D\000B\000\137\000A\000l\000l\000o\000c\000a\000\050\000\051}{subsection.4.46.2}% 207
\BOOKMARK [3][-]{subsubsection.4.46.2.9}{\376\377\0004\000.\0004\0006\000.\0002\000.\0009\000\040\000S\000a\000l\000v\000a\000D\000B\000\050\000\051}{subsection.4.46.2}% 208
\BOOKMARK [1][-]{section.4.47}{\376\377\0004\000.\0004\0007\000\040\000N\000o\000d\000i\000\040\000B\000S\000T}{chapter.4}% 209
\BOOKMARK [2][-]{subsection.4.47.1}{\376\377\0004\000.\0004\0007\000.\0001\000\040\000D\000e\000t\000a\000i\000l\000e\000d\000\040\000D\000e\000s\000c\000r\000i\000p\000t\000i\000o\000n}{section.4.47}% 210
\BOOKMARK [2][-]{subsection.4.47.2}{\376\377\0004\000.\0004\0007\000.\0002\000\040\000T\000y\000p\000e\000d\000e\000f\000\040\000D\000o\000c\000u\000m\000e\000n\000t\000a\000t\000i\000o\000n}{section.4.47}% 211
\BOOKMARK [3][-]{subsubsection.4.47.2.1}{\376\377\0004\000.\0004\0007\000.\0002\000.\0001\000\040\000N\000o\000d\000o\000A\000l\000b\000e\000r\000o}{subsection.4.47.2}% 212
\BOOKMARK [1][-]{section.4.48}{\376\377\0004\000.\0004\0008\000\040\000O\000p\000e\000r\000a\000z\000i\000o\000n\000i\000\040\000B\000S\000T}{chapter.4}% 213
\BOOKMARK [2][-]{subsection.4.48.1}{\376\377\0004\000.\0004\0008\000.\0001\000\040\000D\000e\000t\000a\000i\000l\000e\000d\000\040\000D\000e\000s\000c\000r\000i\000p\000t\000i\000o\000n}{section.4.48}% 214
\BOOKMARK [2][-]{subsection.4.48.2}{\376\377\0004\000.\0004\0008\000.\0002\000\040\000F\000u\000n\000c\000t\000i\000o\000n\000\040\000D\000o\000c\000u\000m\000e\000n\000t\000a\000t\000i\000o\000n}{section.4.48}% 215
\BOOKMARK [3][-]{subsubsection.4.48.2.1}{\376\377\0004\000.\0004\0008\000.\0002\000.\0001\000\040\000B\000S\000T\000\137\000A\000l\000t\000e\000z\000z\000a\000\050\000\051}{subsection.4.48.2}% 216
\BOOKMARK [3][-]{subsubsection.4.48.2.2}{\376\377\0004\000.\0004\0008\000.\0002\000.\0002\000\040\000B\000S\000T\000\137\000C\000o\000n\000t\000a\000N\000o\000d\000i\000\050\000\051}{subsection.4.48.2}% 217
\BOOKMARK [3][-]{subsubsection.4.48.2.3}{\376\377\0004\000.\0004\0008\000.\0002\000.\0003\000\040\000B\000S\000T\000\137\000C\000r\000e\000a\000N\000o\000d\000o\000\050\000\051}{subsection.4.48.2}% 218
\BOOKMARK [3][-]{subsubsection.4.48.2.4}{\376\377\0004\000.\0004\0008\000.\0002\000.\0004\000\040\000B\000S\000T\000\137\000D\000i\000s\000t\000r\000u\000g\000g\000i\000\050\000\051}{subsection.4.48.2}% 219
\BOOKMARK [3][-]{subsubsection.4.48.2.5}{\376\377\0004\000.\0004\0008\000.\0002\000.\0005\000\040\000B\000S\000T\000\137\000I\000n\000o\000r\000d\000i\000n\000a\000\050\000\051}{subsection.4.48.2}% 220
\BOOKMARK [3][-]{subsubsection.4.48.2.6}{\376\377\0004\000.\0004\0008\000.\0002\000.\0006\000\040\000B\000S\000T\000\137\000I\000n\000s\000e\000r\000i\000s\000c\000i\000\050\000\051}{subsection.4.48.2}% 221
\BOOKMARK [3][-]{subsubsection.4.48.2.7}{\376\377\0004\000.\0004\0008\000.\0002\000.\0007\000\040\000B\000S\000T\000\137\000R\000i\000c\000e\000r\000c\000a\000E\000m\000a\000i\000l\000\050\000\051}{subsection.4.48.2}% 222
\BOOKMARK [3][-]{subsubsection.4.48.2.8}{\376\377\0004\000.\0004\0008\000.\0002\000.\0008\000\040\000B\000S\000T\000\137\000R\000i\000m\000u\000o\000v\000i\000E\000m\000a\000i\000l\000\050\000\051}{subsection.4.48.2}% 223
\BOOKMARK [1][-]{section.4.49}{\376\377\0004\000.\0004\0009\000\040\000S\000t\000o\000r\000i\000c\000o\000\040\000C\000h\000a\000t}{chapter.4}% 224
\BOOKMARK [2][-]{subsection.4.49.1}{\376\377\0004\000.\0004\0009\000.\0001\000\040\000D\000e\000t\000a\000i\000l\000e\000d\000\040\000D\000e\000s\000c\000r\000i\000p\000t\000i\000o\000n}{section.4.49}% 225
\BOOKMARK [1][-]{section.4.50}{\376\377\0004\000.\0005\0000\000\040\000A\000P\000I\000\040\000C\000h\000a\000t}{chapter.4}% 226
\BOOKMARK [2][-]{subsection.4.50.1}{\376\377\0004\000.\0005\0000\000.\0001\000\040\000D\000e\000t\000a\000i\000l\000e\000d\000\040\000D\000e\000s\000c\000r\000i\000p\000t\000i\000o\000n}{section.4.50}% 227
\BOOKMARK [2][-]{subsection.4.50.2}{\376\377\0004\000.\0005\0000\000.\0002\000\040\000F\000u\000n\000c\000t\000i\000o\000n\000\040\000D\000o\000c\000u\000m\000e\000n\000t\000a\000t\000i\000o\000n}{section.4.50}% 228
\BOOKMARK [3][-]{subsubsection.4.50.2.1}{\376\377\0004\000.\0005\0000\000.\0002\000.\0001\000\040\000C\000h\000a\000t\000\137\000A\000g\000g\000i\000u\000n\000g\000i\000\050\000\051}{subsection.4.50.2}% 229
\BOOKMARK [3][-]{subsubsection.4.50.2.2}{\376\377\0004\000.\0005\0000\000.\0002\000.\0002\000\040\000C\000h\000a\000t\000\137\000C\000r\000e\000a\000\050\000\051}{subsection.4.50.2}% 230
\BOOKMARK [3][-]{subsubsection.4.50.2.3}{\376\377\0004\000.\0005\0000\000.\0002\000.\0003\000\040\000C\000h\000a\000t\000\137\000F\000o\000r\000m\000a\000t\000t\000a\000R\000i\000g\000a\000\050\000\051}{subsection.4.50.2}% 231
\BOOKMARK [3][-]{subsubsection.4.50.2.4}{\376\377\0004\000.\0005\0000\000.\0002\000.\0004\000\040\000C\000h\000a\000t\000\137\000O\000r\000a\000C\000o\000r\000r\000e\000n\000t\000e\000\050\000\051}{subsection.4.50.2}% 232
\BOOKMARK [3][-]{subsubsection.4.50.2.5}{\376\377\0004\000.\0005\0000\000.\0002\000.\0005\000\040\000C\000h\000a\000t\000\137\000O\000t\000t\000i\000e\000n\000i\000\050\000\051}{subsection.4.50.2}% 233
\BOOKMARK [3][-]{subsubsection.4.50.2.6}{\376\377\0004\000.\0005\0000\000.\0002\000.\0006\000\040\000C\000h\000a\000t\000\137\000S\000v\000u\000o\000t\000a\000\050\000\051}{subsection.4.50.2}% 234
\BOOKMARK [1][-]{section.4.51}{\376\377\0004\000.\0005\0001\000\040\000N\000o\000d\000i\000\040\000C\000o\000d\000a}{chapter.4}% 235
\BOOKMARK [2][-]{subsection.4.51.1}{\376\377\0004\000.\0005\0001\000.\0001\000\040\000D\000e\000t\000a\000i\000l\000e\000d\000\040\000D\000e\000s\000c\000r\000i\000p\000t\000i\000o\000n}{section.4.51}% 236
\BOOKMARK [2][-]{subsection.4.51.2}{\376\377\0004\000.\0005\0001\000.\0002\000\040\000T\000y\000p\000e\000d\000e\000f\000\040\000D\000o\000c\000u\000m\000e\000n\000t\000a\000t\000i\000o\000n}{section.4.51}% 237
\BOOKMARK [3][-]{subsubsection.4.51.2.1}{\376\377\0004\000.\0005\0001\000.\0002\000.\0001\000\040\000N\000o\000d\000o\000C\000o\000d\000a}{subsection.4.51.2}% 238
\BOOKMARK [1][-]{section.4.52}{\376\377\0004\000.\0005\0002\000\040\000S\000t\000r\000u\000t\000t\000u\000r\000a\000\040\000C\000o\000d\000a}{chapter.4}% 239
\BOOKMARK [2][-]{subsection.4.52.1}{\376\377\0004\000.\0005\0002\000.\0001\000\040\000D\000e\000t\000a\000i\000l\000e\000d\000\040\000D\000e\000s\000c\000r\000i\000p\000t\000i\000o\000n}{section.4.52}% 240
\BOOKMARK [2][-]{subsection.4.52.2}{\376\377\0004\000.\0005\0002\000.\0002\000\040\000T\000y\000p\000e\000d\000e\000f\000\040\000D\000o\000c\000u\000m\000e\000n\000t\000a\000t\000i\000o\000n}{section.4.52}% 241
\BOOKMARK [3][-]{subsubsection.4.52.2.1}{\376\377\0004\000.\0005\0002\000.\0002\000.\0001\000\040\000C\000o\000d\000a\000T\000u\000r\000n\000i}{subsection.4.52.2}% 242
\BOOKMARK [1][-]{section.4.53}{\376\377\0004\000.\0005\0003\000\040\000A\000P\000I\000\040\000Q\000u\000e\000u\000e}{chapter.4}% 243
\BOOKMARK [2][-]{subsection.4.53.1}{\376\377\0004\000.\0005\0003\000.\0001\000\040\000D\000e\000t\000a\000i\000l\000e\000d\000\040\000D\000e\000s\000c\000r\000i\000p\000t\000i\000o\000n}{section.4.53}% 244
\BOOKMARK [2][-]{subsection.4.53.2}{\376\377\0004\000.\0005\0003\000.\0002\000\040\000F\000u\000n\000c\000t\000i\000o\000n\000\040\000D\000o\000c\000u\000m\000e\000n\000t\000a\000t\000i\000o\000n}{section.4.53}% 245
\BOOKMARK [3][-]{subsubsection.4.53.2.1}{\376\377\0004\000.\0005\0003\000.\0002\000.\0001\000\040\000C\000o\000d\000a\000\137\000C\000e\000r\000c\000a\000P\000e\000r\000I\000n\000d\000i\000c\000e\000\050\000\051}{subsection.4.53.2}% 246
\BOOKMARK [3][-]{subsubsection.4.53.2.2}{\376\377\0004\000.\0005\0003\000.\0002\000.\0002\000\040\000C\000o\000d\000a\000\137\000C\000o\000p\000i\000a\000P\000e\000r\000I\000n\000d\000i\000c\000e\000\050\000\051}{subsection.4.53.2}% 247
\BOOKMARK [3][-]{subsubsection.4.53.2.3}{\376\377\0004\000.\0005\0003\000.\0002\000.\0003\000\040\000C\000o\000d\000a\000\137\000C\000r\000e\000a\000\050\000\051}{subsection.4.53.2}% 248
\BOOKMARK [3][-]{subsubsection.4.53.2.4}{\376\377\0004\000.\0005\0003\000.\0002\000.\0004\000\040\000C\000o\000d\000a\000\137\000D\000e\000q\000u\000e\000u\000e\000\050\000\051}{subsection.4.53.2}% 249
\BOOKMARK [3][-]{subsubsection.4.53.2.5}{\376\377\0004\000.\0005\0003\000.\0002\000.\0005\000\040\000C\000o\000d\000a\000\137\000D\000i\000m\000e\000n\000s\000i\000o\000n\000e\000\050\000\051}{subsection.4.53.2}% 250
\BOOKMARK [3][-]{subsubsection.4.53.2.6}{\376\377\0004\000.\0005\0003\000.\0002\000.\0006\000\040\000C\000o\000d\000a\000\137\000D\000i\000s\000t\000r\000u\000g\000g\000i\000\050\000\051}{subsection.4.53.2}% 251
\BOOKMARK [3][-]{subsubsection.4.53.2.7}{\376\377\0004\000.\0005\0003\000.\0002\000.\0007\000\040\000C\000o\000d\000a\000\137\000E\000n\000q\000u\000e\000u\000e\000\050\000\051}{subsection.4.53.2}% 252
\BOOKMARK [3][-]{subsubsection.4.53.2.8}{\376\377\0004\000.\0005\0003\000.\0002\000.\0008\000\040\000C\000o\000d\000a\000\137\000F\000r\000o\000n\000t\000\050\000\051}{subsection.4.53.2}% 253
\BOOKMARK [3][-]{subsubsection.4.53.2.9}{\376\377\0004\000.\0005\0003\000.\0002\000.\0009\000\040\000C\000o\000d\000a\000\137\000I\000n\000v\000e\000r\000t\000i\000V\000e\000r\000s\000o\000\050\000\051}{subsection.4.53.2}% 254
\BOOKMARK [3][-]{subsubsection.4.53.2.10}{\376\377\0004\000.\0005\0003\000.\0002\000.\0001\0000\000\040\000C\000o\000d\000a\000\137\000P\000r\000o\000x\000N\000o\000d\000o\000\050\000\051}{subsection.4.53.2}% 255
\BOOKMARK [3][-]{subsubsection.4.53.2.11}{\376\377\0004\000.\0005\0003\000.\0002\000.\0001\0001\000\040\000C\000o\000d\000a\000\137\000R\000e\000a\000r\000\050\000\051}{subsection.4.53.2}% 256
\BOOKMARK [3][-]{subsubsection.4.53.2.12}{\376\377\0004\000.\0005\0003\000.\0002\000.\0001\0002\000\040\000C\000o\000d\000a\000\137\000V\000u\000o\000t\000a\000\050\000\051}{subsection.4.53.2}% 257
\BOOKMARK [1][-]{section.4.54}{\376\377\0004\000.\0005\0004\000\040\000N\000o\000d\000i\000\040\000P\000i\000l\000a}{chapter.4}% 258
\BOOKMARK [2][-]{subsection.4.54.1}{\376\377\0004\000.\0005\0004\000.\0001\000\040\000D\000e\000t\000a\000i\000l\000e\000d\000\040\000D\000e\000s\000c\000r\000i\000p\000t\000i\000o\000n}{section.4.54}% 259
\BOOKMARK [2][-]{subsection.4.54.2}{\376\377\0004\000.\0005\0004\000.\0002\000\040\000T\000y\000p\000e\000d\000e\000f\000\040\000D\000o\000c\000u\000m\000e\000n\000t\000a\000t\000i\000o\000n}{section.4.54}% 260
\BOOKMARK [3][-]{subsubsection.4.54.2.1}{\376\377\0004\000.\0005\0004\000.\0002\000.\0001\000\040\000N\000o\000d\000o\000P\000i\000l\000a}{subsection.4.54.2}% 261
\BOOKMARK [1][-]{section.4.55}{\376\377\0004\000.\0005\0005\000\040\000S\000t\000r\000u\000t\000t\000u\000r\000a\000\040\000P\000i\000l\000a}{chapter.4}% 262
\BOOKMARK [2][-]{subsection.4.55.1}{\376\377\0004\000.\0005\0005\000.\0001\000\040\000D\000e\000t\000a\000i\000l\000e\000d\000\040\000D\000e\000s\000c\000r\000i\000p\000t\000i\000o\000n}{section.4.55}% 263
\BOOKMARK [2][-]{subsection.4.55.2}{\376\377\0004\000.\0005\0005\000.\0002\000\040\000T\000y\000p\000e\000d\000e\000f\000\040\000D\000o\000c\000u\000m\000e\000n\000t\000a\000t\000i\000o\000n}{section.4.55}% 264
\BOOKMARK [3][-]{subsubsection.4.55.2.1}{\376\377\0004\000.\0005\0005\000.\0002\000.\0001\000\040\000P\000i\000l\000a}{subsection.4.55.2}% 265
\BOOKMARK [1][-]{section.4.56}{\376\377\0004\000.\0005\0006\000\040\000A\000P\000I\000\040\000S\000t\000a\000c\000k}{chapter.4}% 266
\BOOKMARK [2][-]{subsection.4.56.1}{\376\377\0004\000.\0005\0006\000.\0001\000\040\000D\000e\000t\000a\000i\000l\000e\000d\000\040\000D\000e\000s\000c\000r\000i\000p\000t\000i\000o\000n}{section.4.56}% 267
\BOOKMARK [2][-]{subsection.4.56.2}{\376\377\0004\000.\0005\0006\000.\0002\000\040\000F\000u\000n\000c\000t\000i\000o\000n\000\040\000D\000o\000c\000u\000m\000e\000n\000t\000a\000t\000i\000o\000n}{section.4.56}% 268
\BOOKMARK [3][-]{subsubsection.4.56.2.1}{\376\377\0004\000.\0005\0006\000.\0002\000.\0001\000\040\000P\000i\000l\000a\000\137\000C\000r\000e\000a\000\050\000\051}{subsection.4.56.2}% 269
\BOOKMARK [3][-]{subsubsection.4.56.2.2}{\376\377\0004\000.\0005\0006\000.\0002\000.\0002\000\040\000P\000i\000l\000a\000\137\000D\000i\000m\000e\000n\000s\000i\000o\000n\000e\000\050\000\051}{subsection.4.56.2}% 270
\BOOKMARK [3][-]{subsubsection.4.56.2.3}{\376\377\0004\000.\0005\0006\000.\0002\000.\0003\000\040\000P\000i\000l\000a\000\137\000D\000i\000s\000t\000r\000u\000g\000g\000i\000\050\000\051}{subsection.4.56.2}% 271
\BOOKMARK [3][-]{subsubsection.4.56.2.4}{\376\377\0004\000.\0005\0006\000.\0002\000.\0004\000\040\000P\000i\000l\000a\000\137\000P\000o\000p\000\050\000\051}{subsection.4.56.2}% 272
\BOOKMARK [3][-]{subsubsection.4.56.2.5}{\376\377\0004\000.\0005\0006\000.\0002\000.\0005\000\040\000P\000i\000l\000a\000\137\000P\000u\000s\000h\000\050\000\051}{subsection.4.56.2}% 273
\BOOKMARK [3][-]{subsubsection.4.56.2.6}{\376\377\0004\000.\0005\0006\000.\0002\000.\0006\000\040\000P\000i\000l\000a\000\137\000S\000v\000u\000o\000t\000a\000\050\000\051}{subsection.4.56.2}% 274
\BOOKMARK [3][-]{subsubsection.4.56.2.7}{\376\377\0004\000.\0005\0006\000.\0002\000.\0007\000\040\000P\000i\000l\000a\000\137\000T\000o\000p\000\050\000\051}{subsection.4.56.2}% 275
\BOOKMARK [3][-]{subsubsection.4.56.2.8}{\376\377\0004\000.\0005\0006\000.\0002\000.\0008\000\040\000P\000i\000l\000a\000\137\000V\000u\000o\000t\000a\000\050\000\051}{subsection.4.56.2}% 276
\BOOKMARK [1][-]{section.4.57}{\376\377\0004\000.\0005\0007\000\040\000A\000z\000i\000o\000n\000i\000\040\000B\000o\000t}{chapter.4}% 277
\BOOKMARK [2][-]{subsection.4.57.1}{\376\377\0004\000.\0005\0007\000.\0001\000\040\000D\000e\000t\000a\000i\000l\000e\000d\000\040\000D\000e\000s\000c\000r\000i\000p\000t\000i\000o\000n}{section.4.57}% 278
\BOOKMARK [2][-]{subsection.4.57.2}{\376\377\0004\000.\0005\0007\000.\0002\000\040\000E\000n\000u\000m\000e\000r\000a\000t\000i\000o\000n\000\040\000T\000y\000p\000e\000\040\000D\000o\000c\000u\000m\000e\000n\000t\000a\000t\000i\000o\000n}{section.4.57}% 279
\BOOKMARK [3][-]{subsubsection.4.57.2.1}{\376\377\0004\000.\0005\0007\000.\0002\000.\0001\000\040\000D\000e\000c\000i\000s\000i\000o\000n\000e\000B\000o\000t}{subsection.4.57.2}% 280
\BOOKMARK [1][-]{section.4.58}{\376\377\0004\000.\0005\0008\000\040\000N\000o\000d\000o\000\040\000A\000l\000b\000e\000r\000o\000\040\000D\000e\000c\000i\000s\000i\000o\000n\000a\000l\000e}{chapter.4}% 281
\BOOKMARK [2][-]{subsection.4.58.1}{\376\377\0004\000.\0005\0008\000.\0001\000\040\000D\000e\000t\000a\000i\000l\000e\000d\000\040\000D\000e\000s\000c\000r\000i\000p\000t\000i\000o\000n}{section.4.58}% 282
\BOOKMARK [2][-]{subsection.4.58.2}{\376\377\0004\000.\0005\0008\000.\0002\000\040\000T\000y\000p\000e\000d\000e\000f\000\040\000D\000o\000c\000u\000m\000e\000n\000t\000a\000t\000i\000o\000n}{section.4.58}% 283
\BOOKMARK [3][-]{subsubsection.4.58.2.1}{\376\377\0004\000.\0005\0008\000.\0002\000.\0001\000\040\000N\000o\000d\000o\000D\000e\000c\000i\000s\000i\000o\000n\000e}{subsection.4.58.2}% 284
\BOOKMARK [1][-]{section.4.59}{\376\377\0004\000.\0005\0009\000\040\000A\000P\000I\000\040\000B\000o\000t\000\040\000A\000I}{chapter.4}% 285
\BOOKMARK [2][-]{subsection.4.59.1}{\376\377\0004\000.\0005\0009\000.\0001\000\040\000D\000e\000t\000a\000i\000l\000e\000d\000\040\000D\000e\000s\000c\000r\000i\000p\000t\000i\000o\000n}{section.4.59}% 286
\BOOKMARK [2][-]{subsection.4.59.2}{\376\377\0004\000.\0005\0009\000.\0002\000\040\000F\000u\000n\000c\000t\000i\000o\000n\000\040\000D\000o\000c\000u\000m\000e\000n\000t\000a\000t\000i\000o\000n}{section.4.59}% 287
\BOOKMARK [3][-]{subsubsection.4.59.2.1}{\376\377\0004\000.\0005\0009\000.\0002\000.\0001\000\040\000B\000o\000t\000A\000I\000\137\000C\000o\000s\000t\000r\000u\000i\000s\000c\000i\000A\000l\000b\000e\000r\000o\000\050\000\051}{subsection.4.59.2}% 288
\BOOKMARK [3][-]{subsubsection.4.59.2.2}{\376\377\0004\000.\0005\0009\000.\0002\000.\0002\000\040\000B\000o\000t\000A\000I\000\137\000D\000e\000c\000i\000d\000i\000\050\000\051}{subsection.4.59.2}% 289
\BOOKMARK [3][-]{subsubsection.4.59.2.3}{\376\377\0004\000.\0005\0009\000.\0002\000.\0003\000\040\000B\000o\000t\000A\000I\000\137\000D\000i\000s\000t\000r\000u\000g\000g\000i\000A\000l\000b\000e\000r\000o\000\050\000\051}{subsection.4.59.2}% 290
\BOOKMARK [3][-]{subsubsection.4.59.2.4}{\376\377\0004\000.\0005\0009\000.\0002\000.\0004\000\040\000B\000o\000t\000A\000I\000\137\000S\000c\000e\000g\000l\000i\000C\000o\000l\000o\000r\000e\000\050\000\051}{subsection.4.59.2}% 291
\BOOKMARK [3][-]{subsubsection.4.59.2.5}{\376\377\0004\000.\0005\0009\000.\0002\000.\0005\000\040\000B\000o\000t\000A\000I\000\137\000T\000r\000o\000v\000a\000C\000a\000r\000t\000a\000\050\000\051}{subsection.4.59.2}% 292
\BOOKMARK [1][-]{section.4.60}{\376\377\0004\000.\0006\0000\000\040\000R\000u\000o\000l\000i\000\040\000d\000i\000\040\000R\000e\000t\000e}{chapter.4}% 293
\BOOKMARK [2][-]{subsection.4.60.1}{\376\377\0004\000.\0006\0000\000.\0001\000\040\000D\000e\000t\000a\000i\000l\000e\000d\000\040\000D\000e\000s\000c\000r\000i\000p\000t\000i\000o\000n}{section.4.60}% 294
\BOOKMARK [2][-]{subsection.4.60.2}{\376\377\0004\000.\0006\0000\000.\0002\000\040\000E\000n\000u\000m\000e\000r\000a\000t\000i\000o\000n\000\040\000T\000y\000p\000e\000\040\000D\000o\000c\000u\000m\000e\000n\000t\000a\000t\000i\000o\000n}{section.4.60}% 295
\BOOKMARK [3][-]{subsubsection.4.60.2.1}{\376\377\0004\000.\0006\0000\000.\0002\000.\0001\000\040\000N\000e\000t\000w\000o\000r\000k\000R\000o\000l\000e}{subsection.4.60.2}% 296
\BOOKMARK [1][-]{section.4.61}{\376\377\0004\000.\0006\0001\000\040\000T\000i\000p\000i\000\040\000d\000i\000\040\000P\000a\000c\000c\000h\000e\000t\000t\000o}{chapter.4}% 297
\BOOKMARK [2][-]{subsection.4.61.1}{\376\377\0004\000.\0006\0001\000.\0001\000\040\000D\000e\000t\000a\000i\000l\000e\000d\000\040\000D\000e\000s\000c\000r\000i\000p\000t\000i\000o\000n}{section.4.61}% 298
\BOOKMARK [2][-]{subsection.4.61.2}{\376\377\0004\000.\0006\0001\000.\0002\000\040\000E\000n\000u\000m\000e\000r\000a\000t\000i\000o\000n\000\040\000T\000y\000p\000e\000\040\000D\000o\000c\000u\000m\000e\000n\000t\000a\000t\000i\000o\000n}{section.4.61}% 299
\BOOKMARK [3][-]{subsubsection.4.61.2.1}{\376\377\0004\000.\0006\0001\000.\0002\000.\0001\000\040\000P\000a\000c\000k\000e\000t\000T\000y\000p\000e}{subsection.4.61.2}% 300
\BOOKMARK [1][-]{section.4.62}{\376\377\0004\000.\0006\0002\000\040\000S\000t\000r\000u\000t\000t\000u\000r\000e\000\040\000P\000a\000c\000c\000h\000e\000t\000t\000i}{chapter.4}% 301
\BOOKMARK [2][-]{subsection.4.62.1}{\376\377\0004\000.\0006\0002\000.\0001\000\040\000D\000e\000t\000a\000i\000l\000e\000d\000\040\000D\000e\000s\000c\000r\000i\000p\000t\000i\000o\000n}{section.4.62}% 302
\BOOKMARK [2][-]{subsection.4.62.2}{\376\377\0004\000.\0006\0002\000.\0002\000\040\000M\000a\000c\000r\000o\000\040\000D\000e\000f\000i\000n\000i\000t\000i\000o\000n\000\040\000D\000o\000c\000u\000m\000e\000n\000t\000a\000t\000i\000o\000n}{section.4.62}% 303
\BOOKMARK [3][-]{subsubsection.4.62.2.1}{\376\377\0004\000.\0006\0002\000.\0002\000.\0001\000\040\000M\000A\000X\000\137\000S\000E\000R\000V\000E\000R\000\137\000C\000L\000I\000E\000N\000T\000S}{subsection.4.62.2}% 304
\BOOKMARK [2][-]{subsection.4.62.3}{\376\377\0004\000.\0006\0002\000.\0003\000\040\000F\000u\000n\000c\000t\000i\000o\000n\000\040\000D\000o\000c\000u\000m\000e\000n\000t\000a\000t\000i\000o\000n}{section.4.62}% 305
\BOOKMARK [3][-]{subsubsection.4.62.3.1}{\376\377\0004\000.\0006\0002\000.\0003\000.\0001\000\040\000B\000r\000o\000a\000d\000c\000a\000s\000t\000H\000o\000s\000t\000D\000i\000s\000c\000o\000n\000n\000e\000c\000t\000\050\000\051}{subsection.4.62.3}% 306
\BOOKMARK [3][-]{subsubsection.4.62.3.2}{\376\377\0004\000.\0006\0002\000.\0003\000.\0002\000\040\000B\000r\000o\000a\000d\000c\000a\000s\000t\000H\000o\000s\000t\000R\000e\000t\000u\000r\000n\000L\000o\000b\000b\000y\000\050\000\051}{subsection.4.62.3}% 307
\BOOKMARK [3][-]{subsubsection.4.62.3.3}{\376\377\0004\000.\0006\0002\000.\0003\000.\0003\000\040\000B\000r\000o\000a\000d\000c\000a\000s\000t\000S\000t\000a\000t\000s\000S\000y\000n\000c\000\050\000\051}{subsection.4.62.3}% 308
\BOOKMARK [3][-]{subsubsection.4.62.3.4}{\376\377\0004\000.\0006\0002\000.\0003\000.\0004\000\040\000C\000l\000o\000s\000e\000N\000e\000t\000w\000o\000r\000k\000\050\000\051}{subsection.4.62.3}% 309
\BOOKMARK [3][-]{subsubsection.4.62.3.5}{\376\377\0004\000.\0006\0002\000.\0003\000.\0005\000\040\000C\000o\000d\000e\000T\000o\000I\000p\000\050\000\051}{subsection.4.62.3}% 310
\BOOKMARK [3][-]{subsubsection.4.62.3.6}{\376\377\0004\000.\0006\0002\000.\0003\000.\0006\000\040\000C\000o\000n\000n\000e\000t\000t\000i\000T\000r\000a\000m\000i\000t\000e\000C\000o\000d\000i\000c\000e\000S\000t\000a\000n\000z\000a\000\050\000\051}{subsection.4.62.3}% 311
\BOOKMARK [3][-]{subsubsection.4.62.3.7}{\376\377\0004\000.\0006\0002\000.\0003\000.\0007\000\040\000G\000e\000s\000t\000i\000s\000c\000i\000D\000i\000s\000c\000o\000n\000n\000e\000s\000s\000i\000o\000n\000e\000\050\000\051}{subsection.4.62.3}% 312
\BOOKMARK [3][-]{subsubsection.4.62.3.8}{\376\377\0004\000.\0006\0002\000.\0003\000.\0008\000\040\000G\000e\000t\000L\000o\000c\000a\000l\000I\000P\000A\000d\000d\000r\000e\000s\000s\000\050\000\051}{subsection.4.62.3}% 313
\BOOKMARK [3][-]{subsubsection.4.62.3.9}{\376\377\0004\000.\0006\0002\000.\0003\000.\0009\000\040\000H\000a\000n\000d\000l\000e\000R\000e\000c\000e\000i\000v\000e\000d\000P\000a\000c\000k\000e\000t\000\050\000\051}{subsection.4.62.3}% 314
\BOOKMARK [3][-]{subsubsection.4.62.3.10}{\376\377\0004\000.\0006\0002\000.\0003\000.\0001\0000\000\040\000H\000o\000s\000t\000G\000a\000m\000e\000\050\000\051}{subsection.4.62.3}% 315
\BOOKMARK [3][-]{subsubsection.4.62.3.11}{\376\377\0004\000.\0006\0002\000.\0003\000.\0001\0001\000\040\000I\000n\000i\000t\000N\000e\000t\000w\000o\000r\000k\000\050\000\051}{subsection.4.62.3}% 316
\BOOKMARK [3][-]{subsubsection.4.62.3.12}{\376\377\0004\000.\0006\0002\000.\0003\000.\0001\0002\000\040\000I\000p\000T\000o\000C\000o\000d\000e\000\050\000\051}{subsection.4.62.3}% 317
\BOOKMARK [3][-]{subsubsection.4.62.3.13}{\376\377\0004\000.\0006\0002\000.\0003\000.\0001\0003\000\040\000I\000s\000P\000l\000a\000y\000e\000r\000C\000o\000n\000n\000e\000c\000t\000e\000d\000\050\000\051}{subsection.4.62.3}% 318
\BOOKMARK [3][-]{subsubsection.4.62.3.14}{\376\377\0004\000.\0006\0002\000.\0003\000.\0001\0004\000\040\000J\000o\000i\000n\000G\000a\000m\000e\000\050\000\051}{subsection.4.62.3}% 319
\BOOKMARK [3][-]{subsubsection.4.62.3.15}{\376\377\0004\000.\0006\0002\000.\0003\000.\0001\0005\000\040\000R\000i\000a\000s\000s\000e\000g\000n\000a\000S\000o\000c\000k\000e\000t\000\050\000\051}{subsection.4.62.3}% 320
\BOOKMARK [3][-]{subsubsection.4.62.3.16}{\376\377\0004\000.\0006\0002\000.\0003\000.\0001\0006\000\040\000S\000e\000n\000d\000P\000l\000a\000y\000A\000g\000a\000i\000n\000\050\000\051}{subsection.4.62.3}% 321
\BOOKMARK [3][-]{subsubsection.4.62.3.17}{\376\377\0004\000.\0006\0002\000.\0003\000.\0001\0007\000\040\000S\000e\000n\000d\000P\000l\000a\000y\000e\000r\000R\000e\000a\000d\000y\000\050\000\051}{subsection.4.62.3}% 322
\BOOKMARK [3][-]{subsubsection.4.62.3.18}{\376\377\0004\000.\0006\0002\000.\0003\000.\0001\0008\000\040\000S\000e\000n\000d\000S\000t\000a\000t\000s\000S\000y\000n\000c\000\050\000\051}{subsection.4.62.3}% 323
\BOOKMARK [3][-]{subsubsection.4.62.3.19}{\376\377\0004\000.\0006\0002\000.\0003\000.\0001\0009\000\040\000S\000h\000i\000f\000t\000N\000e\000t\000w\000o\000r\000k\000S\000o\000c\000k\000e\000t\000s\000\050\000\051}{subsection.4.62.3}% 324
\BOOKMARK [3][-]{subsubsection.4.62.3.20}{\376\377\0004\000.\0006\0002\000.\0003\000.\0002\0000\000\040\000U\000p\000d\000a\000t\000e\000N\000e\000t\000w\000o\000r\000k\000\050\000\051}{subsection.4.62.3}% 325
\BOOKMARK [2][-]{subsection.4.62.4}{\376\377\0004\000.\0006\0002\000.\0004\000\040\000V\000a\000r\000i\000a\000b\000l\000e\000\040\000D\000o\000c\000u\000m\000e\000n\000t\000a\000t\000i\000o\000n}{section.4.62}% 326
\BOOKMARK [3][-]{subsubsection.4.62.4.1}{\376\377\0004\000.\0006\0002\000.\0004\000.\0001\000\040\000a\000c\000t\000i\000o\000n}{subsection.4.62.4}% 327
\BOOKMARK [3][-]{subsubsection.4.62.4.2}{\376\377\0004\000.\0006\0002\000.\0004\000.\0002\000\040\000[\000]\000\040\000[\0001\000/\0002\000]}{subsection.4.62.4}% 328
\BOOKMARK [3][-]{subsubsection.4.62.4.3}{\376\377\0004\000.\0006\0002\000.\0004\000.\0003\000\040\000a\000d\000m\000i\000n\000\137\000a\000c\000t\000i\000o\000n\000\040\000[\0002\000/\0002\000]}{subsection.4.62.4}% 329
\BOOKMARK [3][-]{subsubsection.4.62.4.4}{\376\377\0004\000.\0006\0002\000.\0004\000.\0004\000\040\000[\000]\000\040\000[\0001\000/\0002\000]}{subsection.4.62.4}% 330
\BOOKMARK [3][-]{subsubsection.4.62.4.5}{\376\377\0004\000.\0006\0002\000.\0004\000.\0005\000\040\000a\000d\000m\000i\000n\000\137\000d\000b\000\137\000p\000a\000c\000k\000e\000t\000\040\000[\0002\000/\0002\000]}{subsection.4.62.4}% 331
\BOOKMARK [3][-]{subsubsection.4.62.4.6}{\376\377\0004\000.\0006\0002\000.\0004\000.\0006\000\040\000c\000a\000r\000d\000\137\000i\000n\000d\000e\000x}{subsection.4.62.4}% 332
\BOOKMARK [3][-]{subsubsection.4.62.4.7}{\376\377\0004\000.\0006\0002\000.\0004\000.\0007\000\040\000c\000a\000r\000t\000e}{subsection.4.62.4}% 333
\BOOKMARK [3][-]{subsubsection.4.62.4.8}{\376\377\0004\000.\0006\0002\000.\0004\000.\0008\000\040\000[\000]\000\040\000[\0001\000/\0002\000]}{subsection.4.62.4}% 334
\BOOKMARK [3][-]{subsubsection.4.62.4.9}{\376\377\0004\000.\0006\0002\000.\0004\000.\0009\000\040\000c\000h\000a\000t\000\040\000[\0002\000/\0002\000]}{subsection.4.62.4}% 335
\BOOKMARK [3][-]{subsubsection.4.62.4.10}{\376\377\0004\000.\0006\0002\000.\0004\000.\0001\0000\000\040\000c\000l\000i\000e\000n\000t\000S\000o\000c\000k\000e\000t\000s}{subsection.4.62.4}% 336
\BOOKMARK [3][-]{subsubsection.4.62.4.11}{\376\377\0004\000.\0006\0002\000.\0004\000.\0001\0001\000\040\000c\000o\000g\000n\000o\000m\000e}{subsection.4.62.4}% 337
\BOOKMARK [3][-]{subsubsection.4.62.4.12}{\376\377\0004\000.\0006\0002\000.\0004\000.\0001\0002\000\040\000[\000]\000\040\000[\0001\000/\0002\000]}{subsection.4.62.4}% 338
\BOOKMARK [3][-]{subsubsection.4.62.4.13}{\376\377\0004\000.\0006\0002\000.\0004\000.\0001\0003\000\040\000c\000o\000l\000o\000r\000\137\000c\000h\000o\000i\000c\000e\000\040\000[\0002\000/\0002\000]}{subsection.4.62.4}% 339
\BOOKMARK [3][-]{subsubsection.4.62.4.14}{\376\377\0004\000.\0006\0002\000.\0004\000.\0001\0004\000\040\000c\000o\000l\000o\000r\000e}{subsection.4.62.4}% 340
\BOOKMARK [3][-]{subsubsection.4.62.4.15}{\376\377\0004\000.\0006\0002\000.\0004\000.\0001\0005\000\040\000c\000o\000l\000o\000r\000e\000\137\000s\000c\000e\000l\000t\000o}{subsection.4.62.4}% 341
\BOOKMARK [3][-]{subsubsection.4.62.4.16}{\376\377\0004\000.\0006\0002\000.\0004\000.\0001\0006\000\040\000c\000o\000n\000n\000e\000c\000t\000e\000d\000C\000l\000i\000e\000n\000t\000U\000s\000e\000r\000n\000a\000m\000e\000s}{subsection.4.62.4}% 342
\BOOKMARK [3][-]{subsubsection.4.62.4.17}{\376\377\0004\000.\0006\0002\000.\0004\000.\0001\0007\000\040\000c\000o\000u\000n\000t}{subsection.4.62.4}% 343
\BOOKMARK [3][-]{subsubsection.4.62.4.18}{\376\377\0004\000.\0006\0002\000.\0004\000.\0001\0008\000\040\000[\000]\000\040\000[\0001\000/\0002\000]}{subsection.4.62.4}% 344
\BOOKMARK [3][-]{subsubsection.4.62.4.19}{\376\377\0004\000.\0006\0002\000.\0004\000.\0001\0009\000\040\000c\000r\000e\000a\000t\000e\000\137\000s\000e\000s\000s\000i\000o\000n\000\040\000[\0002\000/\0002\000]}{subsection.4.62.4}% 345
\BOOKMARK [3][-]{subsubsection.4.62.4.20}{\376\377\0004\000.\0006\0002\000.\0004\000.\0002\0000\000\040\000c\000u\000r\000r\000e\000n\000t\000\137\000s\000e\000s\000s\000i\000o\000n\000\137\000i\000d}{subsection.4.62.4}% 346
\BOOKMARK [3][-]{subsubsection.4.62.4.21}{\376\377\0004\000.\0006\0002\000.\0004\000.\0002\0001\000\040\000c\000u\000r\000r\000e\000n\000t\000R\000o\000l\000e}{subsection.4.62.4}% 347
\BOOKMARK [3][-]{subsubsection.4.62.4.22}{\376\377\0004\000.\0006\0002\000.\0004\000.\0002\0002\000\040\000[\000u\000n\000i\000o\000n\000]}{subsection.4.62.4}% 348
\BOOKMARK [3][-]{subsubsection.4.62.4.23}{\376\377\0004\000.\0006\0002\000.\0004\000.\0002\0003\000\040\000[\000]\000\040\000[\0001\000/\0002\000]}{subsection.4.62.4}% 349
\BOOKMARK [3][-]{subsubsection.4.62.4.24}{\376\377\0004\000.\0006\0002\000.\0004\000.\0002\0004\000\040\000d\000r\000a\000w\000\040\000[\0002\000/\0002\000]}{subsection.4.62.4}% 350
\BOOKMARK [3][-]{subsubsection.4.62.4.25}{\376\377\0004\000.\0006\0002\000.\0004\000.\0002\0005\000\040\000d\000u\000r\000a\000t\000a\000\137\000u\000l\000t\000i\000m\000a\000\137\000p\000a\000r\000t\000i\000t\000a}{subsection.4.62.4}% 351
\BOOKMARK [3][-]{subsubsection.4.62.4.26}{\376\377\0004\000.\0006\0002\000.\0004\000.\0002\0006\000\040\000e\000m\000a\000i\000l}{subsection.4.62.4}% 352
\BOOKMARK [3][-]{subsubsection.4.62.4.27}{\376\377\0004\000.\0006\0002\000.\0004\000.\0002\0007\000\040\000e\000s\000i\000t\000o\000\137\000u\000l\000t\000i\000m\000a}{subsection.4.62.4}% 353
\BOOKMARK [3][-]{subsubsection.4.62.4.28}{\376\377\0004\000.\0006\0002\000.\0004\000.\0002\0008\000\040\000[\000]\000\040\000[\0001\000/\0002\000]}{subsection.4.62.4}% 354
\BOOKMARK [3][-]{subsubsection.4.62.4.29}{\376\377\0004\000.\0006\0002\000.\0004\000.\0002\0009\000\040\000g\000a\000m\000e\000\137\000f\000i\000n\000i\000s\000h\000e\000d\000\040\000[\0002\000/\0002\000]}{subsection.4.62.4}% 355
\BOOKMARK [3][-]{subsubsection.4.62.4.30}{\376\377\0004\000.\0006\0002\000.\0004\000.\0003\0000\000\040\000g\000a\000m\000e\000\137\000s\000t\000a\000r\000t\000e\000d}{subsection.4.62.4}% 356
\BOOKMARK [3][-]{subsubsection.4.62.4.31}{\376\377\0004\000.\0006\0002\000.\0004\000.\0003\0001\000\040\000[\000]\000\040\000[\0001\000/\0002\000]}{subsection.4.62.4}% 357
\BOOKMARK [3][-]{subsubsection.4.62.4.32}{\376\377\0004\000.\0006\0002\000.\0004\000.\0003\0002\000\040\000g\000a\000m\000e\000\137\000s\000t\000a\000t\000e\000\040\000[\0002\000/\0002\000]}{subsection.4.62.4}% 358
\BOOKMARK [3][-]{subsubsection.4.62.4.33}{\376\377\0004\000.\0006\0002\000.\0004\000.\0003\0003\000\040\000[\000]\000\040\000[\0001\000/\0002\000]}{subsection.4.62.4}% 359
\BOOKMARK [3][-]{subsubsection.4.62.4.34}{\376\377\0004\000.\0006\0002\000.\0004\000.\0003\0004\000\040\000h\000e\000a\000r\000t\000b\000e\000a\000t\000\040\000[\0002\000/\0002\000]}{subsection.4.62.4}% 360
\BOOKMARK [3][-]{subsubsection.4.62.4.35}{\376\377\0004\000.\0006\0002\000.\0004\000.\0003\0005\000\040\000h\000o\000s\000t\000\137\000i\000n\000\137\000p\000r\000e\000l\000o\000b\000b\000y}{subsection.4.62.4}% 361
\BOOKMARK [3][-]{subsubsection.4.62.4.36}{\376\377\0004\000.\0006\0002\000.\0004\000.\0003\0006\000\040\000h\000o\000s\000t\000\137\000n\000a\000m\000e}{subsection.4.62.4}% 362
\BOOKMARK [3][-]{subsubsection.4.62.4.37}{\376\377\0004\000.\0006\0002\000.\0004\000.\0003\0007\000\040\000h\000o\000s\000t\000\137\000r\000e\000a\000d\000y}{subsection.4.62.4}% 363
\BOOKMARK [3][-]{subsubsection.4.62.4.38}{\376\377\0004\000.\0006\0002\000.\0004\000.\0003\0008\000\040\000[\000]\000\040\000[\0001\000/\0002\000]}{subsection.4.62.4}% 364
\BOOKMARK [3][-]{subsubsection.4.62.4.39}{\376\377\0004\000.\0006\0002\000.\0004\000.\0003\0009\000\040\000h\000o\000s\000t\000\137\000r\000e\000t\000u\000r\000n\000\137\000l\000o\000b\000b\000y\000\040\000[\0002\000/\0002\000]}{subsection.4.62.4}% 365
\BOOKMARK [3][-]{subsubsection.4.62.4.40}{\376\377\0004\000.\0006\0002\000.\0004\000.\0004\0000\000\040\000i\000s\000\137\000r\000e\000a\000d\000y}{subsection.4.62.4}% 366
\BOOKMARK [3][-]{subsubsection.4.62.4.41}{\376\377\0004\000.\0006\0002\000.\0004\000.\0004\0001\000\040\000i\000s\000C\000o\000n\000n\000e\000c\000t\000e\000d}{subsection.4.62.4}% 367
\BOOKMARK [3][-]{subsubsection.4.62.4.42}{\376\377\0004\000.\0006\0002\000.\0004\000.\0004\0002\000\040\000[\000]\000\040\000[\0001\000/\0002\000]}{subsection.4.62.4}% 368
\BOOKMARK [3][-]{subsubsection.4.62.4.43}{\376\377\0004\000.\0006\0002\000.\0004\000.\0004\0003\000\040\000j\000o\000i\000n\000\137\000g\000a\000m\000e\000\040\000[\0002\000/\0002\000]}{subsection.4.62.4}% 369
\BOOKMARK [3][-]{subsubsection.4.62.4.44}{\376\377\0004\000.\0006\0002\000.\0004\000.\0004\0004\000\040\000j\000o\000i\000n\000\137\000r\000e\000j\000e\000c\000t\000e\000d\000\040\000[\0001\000/\0003\000]}{subsection.4.62.4}% 370
\BOOKMARK [3][-]{subsubsection.4.62.4.45}{\376\377\0004\000.\0006\0002\000.\0004\000.\0004\0005\000\040\000[\000]\000\040\000[\0002\000/\0003\000]}{subsection.4.62.4}% 371
\BOOKMARK [3][-]{subsubsection.4.62.4.46}{\376\377\0004\000.\0006\0002\000.\0004\000.\0004\0006\000\040\000j\000o\000i\000n\000\137\000r\000e\000j\000e\000c\000t\000e\000d\000\040\000[\0003\000/\0003\000]}{subsection.4.62.4}% 372
\BOOKMARK [3][-]{subsubsection.4.62.4.47}{\376\377\0004\000.\0006\0002\000.\0004\000.\0004\0007\000\040\000[\000]\000\040\000[\0001\000/\0002\000]}{subsection.4.62.4}% 373
\BOOKMARK [3][-]{subsubsection.4.62.4.48}{\376\377\0004\000.\0006\0002\000.\0004\000.\0004\0008\000\040\000j\000o\000i\000n\000\137\000s\000e\000s\000s\000i\000o\000n\000\040\000[\0002\000/\0002\000]}{subsection.4.62.4}% 374
\BOOKMARK [3][-]{subsubsection.4.62.4.49}{\376\377\0004\000.\0006\0002\000.\0004\000.\0004\0009\000\040\000l\000o\000c\000a\000l\000\137\000p\000l\000a\000y\000e\000r\000\137\000i\000d}{subsection.4.62.4}% 375
\BOOKMARK [3][-]{subsubsection.4.62.4.50}{\376\377\0004\000.\0006\0002\000.\0004\000.\0005\0000\000\040\000m\000e\000s\000s\000a\000g\000e}{subsection.4.62.4}% 376
\BOOKMARK [3][-]{subsubsection.4.62.4.51}{\376\377\0004\000.\0006\0002\000.\0004\000.\0005\0001\000\040\000m\000o\000d\000a\000l\000i\000t\000a\000\137\000u\000l\000t\000i\000m\000a}{subsection.4.62.4}% 377
\BOOKMARK [3][-]{subsubsection.4.62.4.52}{\376\377\0004\000.\0006\0002\000.\0004\000.\0005\0002\000\040\000m\000o\000t\000i\000v\000o}{subsection.4.62.4}% 378
\BOOKMARK [3][-]{subsubsection.4.62.4.53}{\376\377\0004\000.\0006\0002\000.\0004\000.\0005\0003\000\040\000[\000]\000\040\000[\0001\000/\0002\000]}{subsection.4.62.4}% 379
\BOOKMARK [3][-]{subsubsection.4.62.4.54}{\376\377\0004\000.\0006\0002\000.\0004\000.\0005\0004\000\040\000m\000o\000v\000e\000\040\000[\0002\000/\0002\000]}{subsection.4.62.4}% 380
\BOOKMARK [3][-]{subsubsection.4.62.4.55}{\376\377\0004\000.\0006\0002\000.\0004\000.\0005\0005\000\040\000n\000e\000t\000w\000o\000r\000k\000\137\000c\000l\000i\000e\000n\000t\000\137\000j\000o\000i\000n\000e\000d}{subsection.4.62.4}% 381
\BOOKMARK [3][-]{subsubsection.4.62.4.56}{\376\377\0004\000.\0006\0002\000.\0004\000.\0005\0006\000\040\000n\000e\000t\000w\000o\000r\000k\000\137\000g\000a\000m\000e\000\137\000i\000n\000i\000t\000i\000a\000l\000i\000z\000e\000d}{subsection.4.62.4}% 382
\BOOKMARK [3][-]{subsubsection.4.62.4.57}{\376\377\0004\000.\0006\0002\000.\0004\000.\0005\0007\000\040\000n\000e\000t\000w\000o\000r\000k\000\137\000p\000e\000n\000d\000i\000n\000g}{subsection.4.62.4}% 383
\BOOKMARK [3][-]{subsubsection.4.62.4.58}{\376\377\0004\000.\0006\0002\000.\0004\000.\0005\0008\000\040\000n\000e\000t\000w\000o\000r\000k\000\137\000s\000t\000a\000r\000t\000\137\000g\000a\000m\000e\000\137\000f\000l\000a\000g}{subsection.4.62.4}% 384
\BOOKMARK [3][-]{subsubsection.4.62.4.59}{\376\377\0004\000.\0006\0002\000.\0004\000.\0005\0009\000\040\000n\000o\000m\000e\000\040\000[\0001\000/\0002\000]}{subsection.4.62.4}% 385
\BOOKMARK [3][-]{subsubsection.4.62.4.60}{\376\377\0004\000.\0006\0002\000.\0004\000.\0006\0000\000\040\000n\000o\000m\000e\000\040\000[\0002\000/\0002\000]}{subsection.4.62.4}% 386
\BOOKMARK [3][-]{subsubsection.4.62.4.61}{\376\377\0004\000.\0006\0002\000.\0004\000.\0006\0001\000\040\000n\000u\000m\000\137\000c\000a\000r\000t\000e}{subsection.4.62.4}% 387
\BOOKMARK [3][-]{subsubsection.4.62.4.62}{\376\377\0004\000.\0006\0002\000.\0004\000.\0006\0002\000\040\000n\000u\000m\000\137\000p\000l\000a\000y\000e\000r\000s\000\040\000[\0001\000/\0002\000]}{subsection.4.62.4}% 388
\BOOKMARK [3][-]{subsubsection.4.62.4.63}{\376\377\0004\000.\0006\0002\000.\0004\000.\0006\0003\000\040\000n\000u\000m\000\137\000p\000l\000a\000y\000e\000r\000s\000\040\000[\0002\000/\0002\000]}{subsection.4.62.4}% 389
\BOOKMARK [3][-]{subsubsection.4.62.4.64}{\376\377\0004\000.\0006\0002\000.\0004\000.\0006\0004\000\040\000p\000a\000r\000t\000i\000t\000e\000\137\000g\000i\000o\000c\000a\000t\000e\000\040\000[\0001\000/\0002\000]}{subsection.4.62.4}% 390
\BOOKMARK [3][-]{subsubsection.4.62.4.65}{\376\377\0004\000.\0006\0002\000.\0004\000.\0006\0005\000\040\000p\000a\000r\000t\000i\000t\000e\000\137\000g\000i\000o\000c\000a\000t\000e\000\040\000[\0002\000/\0002\000]}{subsection.4.62.4}% 391
\BOOKMARK [3][-]{subsubsection.4.62.4.66}{\376\377\0004\000.\0006\0002\000.\0004\000.\0006\0006\000\040\000p\000a\000s\000s\000w\000o\000r\000d}{subsection.4.62.4}% 392
\BOOKMARK [3][-]{subsubsection.4.62.4.67}{\376\377\0004\000.\0006\0002\000.\0004\000.\0006\0007\000\040\000p\000i\000n\000\137\000r\000e\000c\000u\000p\000e\000r\000o}{subsection.4.62.4}% 393
\BOOKMARK [3][-]{subsubsection.4.62.4.68}{\376\377\0004\000.\0006\0002\000.\0004\000.\0006\0008\000\040\000[\000]\000\040\000[\0001\000/\0003\000]}{subsection.4.62.4}% 394
\BOOKMARK [3][-]{subsubsection.4.62.4.69}{\376\377\0004\000.\0006\0002\000.\0004\000.\0006\0009\000\040\000p\000l\000a\000y\000\137\000a\000g\000a\000i\000n\000\040\000[\0002\000/\0003\000]}{subsection.4.62.4}% 395
\BOOKMARK [3][-]{subsubsection.4.62.4.70}{\376\377\0004\000.\0006\0002\000.\0004\000.\0007\0000\000\040\000p\000l\000a\000y\000\137\000a\000g\000a\000i\000n\000\040\000[\0003\000/\0003\000]}{subsection.4.62.4}% 396
\BOOKMARK [3][-]{subsubsection.4.62.4.71}{\376\377\0004\000.\0006\0002\000.\0004\000.\0007\0001\000\040\000[\000]\000\040\000[\0001\000/\0002\000]}{subsection.4.62.4}% 397
\BOOKMARK [3][-]{subsubsection.4.62.4.72}{\376\377\0004\000.\0006\0002\000.\0004\000.\0007\0002\000\040\000p\000l\000a\000y\000e\000r\000\137\000h\000a\000n\000d\000\040\000[\0002\000/\0002\000]}{subsection.4.62.4}% 398
\BOOKMARK [3][-]{subsubsection.4.62.4.73}{\376\377\0004\000.\0006\0002\000.\0004\000.\0007\0003\000\040\000p\000l\000a\000y\000e\000r\000\137\000i\000d\000\040\000[\0001\000/\0009\000]}{subsection.4.62.4}% 399
\BOOKMARK [3][-]{subsubsection.4.62.4.74}{\376\377\0004\000.\0006\0002\000.\0004\000.\0007\0004\000\040\000p\000l\000a\000y\000e\000r\000\137\000i\000d\000\040\000[\0002\000/\0009\000]}{subsection.4.62.4}% 400
\BOOKMARK [3][-]{subsubsection.4.62.4.75}{\376\377\0004\000.\0006\0002\000.\0004\000.\0007\0005\000\040\000p\000l\000a\000y\000e\000r\000\137\000i\000d\000\040\000[\0003\000/\0009\000]}{subsection.4.62.4}% 401
\BOOKMARK [3][-]{subsubsection.4.62.4.76}{\376\377\0004\000.\0006\0002\000.\0004\000.\0007\0006\000\040\000p\000l\000a\000y\000e\000r\000\137\000i\000d\000\040\000[\0004\000/\0009\000]}{subsection.4.62.4}% 402
\BOOKMARK [3][-]{subsubsection.4.62.4.77}{\376\377\0004\000.\0006\0002\000.\0004\000.\0007\0007\000\040\000p\000l\000a\000y\000e\000r\000\137\000i\000d\000\040\000[\0005\000/\0009\000]}{subsection.4.62.4}% 403
\BOOKMARK [3][-]{subsubsection.4.62.4.78}{\376\377\0004\000.\0006\0002\000.\0004\000.\0007\0008\000\040\000p\000l\000a\000y\000e\000r\000\137\000i\000d\000\040\000[\0006\000/\0009\000]}{subsection.4.62.4}% 404
\BOOKMARK [3][-]{subsubsection.4.62.4.79}{\376\377\0004\000.\0006\0002\000.\0004\000.\0007\0009\000\040\000p\000l\000a\000y\000e\000r\000\137\000i\000d\000\040\000[\0007\000/\0009\000]}{subsection.4.62.4}% 405
\BOOKMARK [3][-]{subsubsection.4.62.4.80}{\376\377\0004\000.\0006\0002\000.\0004\000.\0008\0000\000\040\000p\000l\000a\000y\000e\000r\000\137\000i\000d\000\040\000[\0008\000/\0009\000]}{subsection.4.62.4}% 406
\BOOKMARK [3][-]{subsubsection.4.62.4.81}{\376\377\0004\000.\0006\0002\000.\0004\000.\0008\0001\000\040\000p\000l\000a\000y\000e\000r\000\137\000i\000d\000\040\000[\0009\000/\0009\000]}{subsection.4.62.4}% 407
\BOOKMARK [3][-]{subsubsection.4.62.4.82}{\376\377\0004\000.\0006\0002\000.\0004\000.\0008\0002\000\040\000p\000l\000a\000y\000e\000r\000\137\000n\000a\000m\000e\000\040\000[\0001\000/\0002\000]}{subsection.4.62.4}% 408
\BOOKMARK [3][-]{subsubsection.4.62.4.83}{\376\377\0004\000.\0006\0002\000.\0004\000.\0008\0003\000\040\000p\000l\000a\000y\000e\000r\000\137\000n\000a\000m\000e\000\040\000[\0002\000/\0002\000]}{subsection.4.62.4}% 409
\BOOKMARK [3][-]{subsubsection.4.62.4.84}{\376\377\0004\000.\0006\0002\000.\0004\000.\0008\0004\000\040\000p\000l\000a\000y\000e\000r\000\137\000n\000a\000m\000e\000s}{subsection.4.62.4}% 410
\BOOKMARK [3][-]{subsubsection.4.62.4.85}{\376\377\0004\000.\0006\0002\000.\0004\000.\0008\0005\000\040\000[\000]\000\040\000[\0001\000/\0003\000]}{subsection.4.62.4}% 411
\BOOKMARK [3][-]{subsubsection.4.62.4.86}{\376\377\0004\000.\0006\0002\000.\0004\000.\0008\0006\000\040\000p\000l\000a\000y\000e\000r\000\137\000r\000e\000a\000d\000y\000\040\000[\0002\000/\0003\000]}{subsection.4.62.4}% 412
\BOOKMARK [3][-]{subsubsection.4.62.4.87}{\376\377\0004\000.\0006\0002\000.\0004\000.\0008\0007\000\040\000p\000l\000a\000y\000e\000r\000\137\000r\000e\000a\000d\000y\000\040\000[\0003\000/\0003\000]}{subsection.4.62.4}% 413
\BOOKMARK [3][-]{subsubsection.4.62.4.88}{\376\377\0004\000.\0006\0002\000.\0004\000.\0008\0008\000\040\000p\000o\000s\000i\000z\000i\000o\000n\000e\000\137\000u\000l\000t\000i\000m\000a}{subsection.4.62.4}% 414
\BOOKMARK [3][-]{subsubsection.4.62.4.89}{\376\377\0004\000.\0006\0002\000.\0004\000.\0008\0009\000\040\000[\000]\000\040\000[\0001\000/\0002\000]}{subsection.4.62.4}% 415
\BOOKMARK [3][-]{subsubsection.4.62.4.90}{\376\377\0004\000.\0006\0002\000.\0004\000.\0009\0000\000\040\000r\000a\000w\000\040\000[\0002\000/\0002\000]}{subsection.4.62.4}% 416
\BOOKMARK [3][-]{subsubsection.4.62.4.91}{\376\377\0004\000.\0006\0002\000.\0004\000.\0009\0001\000\040\000r\000e\000j\000e\000c\000t\000\137\000m\000e\000s\000s\000a\000g\000e}{subsection.4.62.4}% 417
\BOOKMARK [3][-]{subsubsection.4.62.4.92}{\376\377\0004\000.\0006\0002\000.\0004\000.\0009\0002\000\040\000s\000e\000n\000d\000e\000r\000\137\000i\000d}{subsection.4.62.4}% 418
\BOOKMARK [3][-]{subsubsection.4.62.4.93}{\376\377\0004\000.\0006\0002\000.\0004\000.\0009\0003\000\040\000s\000e\000s\000s\000i\000o\000n\000\137\000c\000o\000u\000n\000t}{subsection.4.62.4}% 419
\BOOKMARK [3][-]{subsubsection.4.62.4.94}{\376\377\0004\000.\0006\0002\000.\0004\000.\0009\0004\000\040\000s\000e\000s\000s\000i\000o\000n\000\137\000i\000d\000\040\000[\0001\000/\0004\000]}{subsection.4.62.4}% 420
\BOOKMARK [3][-]{subsubsection.4.62.4.95}{\376\377\0004\000.\0006\0002\000.\0004\000.\0009\0005\000\040\000s\000e\000s\000s\000i\000o\000n\000\137\000i\000d\000\040\000[\0002\000/\0004\000]}{subsection.4.62.4}% 421
\BOOKMARK [3][-]{subsubsection.4.62.4.96}{\376\377\0004\000.\0006\0002\000.\0004\000.\0009\0006\000\040\000s\000e\000s\000s\000i\000o\000n\000\137\000i\000d\000\040\000[\0003\000/\0004\000]}{subsection.4.62.4}% 422
\BOOKMARK [3][-]{subsubsection.4.62.4.97}{\376\377\0004\000.\0006\0002\000.\0004\000.\0009\0007\000\040\000s\000e\000s\000s\000i\000o\000n\000\137\000i\000d\000\040\000[\0004\000/\0004\000]}{subsection.4.62.4}% 423
\BOOKMARK [3][-]{subsubsection.4.62.4.98}{\376\377\0004\000.\0006\0002\000.\0004\000.\0009\0008\000\040\000[\000]\000\040\000[\0001\000/\0002\000]}{subsection.4.62.4}% 424
\BOOKMARK [3][-]{subsubsection.4.62.4.99}{\376\377\0004\000.\0006\0002\000.\0004\000.\0009\0009\000\040\000s\000e\000s\000s\000i\000o\000n\000\137\000l\000i\000s\000t\000\040\000[\0002\000/\0002\000]}{subsection.4.62.4}% 425
\BOOKMARK [3][-]{subsubsection.4.62.4.100}{\376\377\0004\000.\0006\0002\000.\0004\000.\0001\0000\0000\000\040\000[\000]\000\040\000[\0001\000/\0002\000]}{subsection.4.62.4}% 426
\BOOKMARK [3][-]{subsubsection.4.62.4.101}{\376\377\0004\000.\0006\0002\000.\0004\000.\0001\0000\0001\000\040\000s\000e\000s\000s\000i\000o\000n\000\137\000s\000t\000a\000t\000e\000\040\000[\0002\000/\0002\000]}{subsection.4.62.4}% 427
\BOOKMARK [3][-]{subsubsection.4.62.4.102}{\376\377\0004\000.\0006\0002\000.\0004\000.\0001\0000\0002\000\040\000s\000e\000s\000s\000i\000o\000n\000s}{subsection.4.62.4}% 428
\BOOKMARK [3][-]{subsubsection.4.62.4.103}{\376\377\0004\000.\0006\0002\000.\0004\000.\0001\0000\0003\000\040\000s\000t\000a\000t\000o\000\137\000g\000i\000o\000c\000o}{subsection.4.62.4}% 429
\BOOKMARK [3][-]{subsubsection.4.62.4.104}{\376\377\0004\000.\0006\0002\000.\0004\000.\0001\0000\0004\000\040\000[\000]\000\040\000[\0001\000/\0002\000]}{subsection.4.62.4}% 430
\BOOKMARK [3][-]{subsubsection.4.62.4.105}{\376\377\0004\000.\0006\0002\000.\0004\000.\0001\0000\0005\000\040\000s\000t\000a\000t\000s\000\137\000s\000y\000n\000c\000\040\000[\0002\000/\0002\000]}{subsection.4.62.4}% 431
\BOOKMARK [3][-]{subsubsection.4.62.4.106}{\376\377\0004\000.\0006\0002\000.\0004\000.\0001\0000\0006\000\040\000s\000t\000o\000r\000i\000c\000o\000\137\000c\000o\000u\000n\000t}{subsection.4.62.4}% 432
\BOOKMARK [3][-]{subsubsection.4.62.4.107}{\376\377\0004\000.\0006\0002\000.\0004\000.\0001\0000\0007\000\040\000s\000t\000o\000r\000i\000c\000o\000\137\000p\000a\000r\000t\000i\000t\000e}{subsection.4.62.4}% 433
\BOOKMARK [3][-]{subsubsection.4.62.4.108}{\376\377\0004\000.\0006\0002\000.\0004\000.\0001\0000\0008\000\040\000t\000a\000r\000g\000e\000t\000\137\000i\000d}{subsection.4.62.4}% 434
\BOOKMARK [3][-]{subsubsection.4.62.4.109}{\376\377\0004\000.\0006\0002\000.\0004\000.\0001\0000\0009\000\040\000t\000i\000m\000e\000s\000t\000a\000m\000p\000\040\000[\0001\000/\0002\000]}{subsection.4.62.4}% 435
\BOOKMARK [3][-]{subsubsection.4.62.4.110}{\376\377\0004\000.\0006\0002\000.\0004\000.\0001\0001\0000\000\040\000t\000i\000m\000e\000s\000t\000a\000m\000p\000\040\000[\0002\000/\0002\000]}{subsection.4.62.4}% 436
\BOOKMARK [3][-]{subsubsection.4.62.4.111}{\376\377\0004\000.\0006\0002\000.\0004\000.\0001\0001\0001\000\040\000t\000o\000t\000a\000l\000\137\000u\000s\000e\000r\000s}{subsection.4.62.4}% 437
\BOOKMARK [3][-]{subsubsection.4.62.4.112}{\376\377\0004\000.\0006\0002\000.\0004\000.\0001\0001\0002\000\040\000t\000y\000p\000e}{subsection.4.62.4}% 438
\BOOKMARK [3][-]{subsubsection.4.62.4.113}{\376\377\0004\000.\0006\0002\000.\0004\000.\0001\0001\0003\000\040\000u\000s\000e\000r\000\040\000[\0001\000/\0002\000]}{subsection.4.62.4}% 439
\BOOKMARK [3][-]{subsubsection.4.62.4.114}{\376\377\0004\000.\0006\0002\000.\0004\000.\0001\0001\0004\000\040\000u\000s\000e\000r\000\040\000[\0002\000/\0002\000]}{subsection.4.62.4}% 440
\BOOKMARK [3][-]{subsubsection.4.62.4.115}{\376\377\0004\000.\0006\0002\000.\0004\000.\0001\0001\0005\000\040\000u\000s\000e\000r\000\137\000i\000n\000d\000e\000x}{subsection.4.62.4}% 441
\BOOKMARK [3][-]{subsubsection.4.62.4.116}{\376\377\0004\000.\0006\0002\000.\0004\000.\0001\0001\0006\000\040\000u\000s\000e\000r\000n\000a\000m\000e\000\040\000[\0001\000/\0002\000]}{subsection.4.62.4}% 442
\BOOKMARK [3][-]{subsubsection.4.62.4.117}{\376\377\0004\000.\0006\0002\000.\0004\000.\0001\0001\0007\000\040\000u\000s\000e\000r\000n\000a\000m\000e\000\040\000[\0002\000/\0002\000]}{subsection.4.62.4}% 443
\BOOKMARK [3][-]{subsubsection.4.62.4.118}{\376\377\0004\000.\0006\0002\000.\0004\000.\0001\0001\0008\000\040\000v\000i\000t\000t\000o\000r\000i\000e\000\137\000b\000o\000t\000\040\000[\0001\000/\0002\000]}{subsection.4.62.4}% 444
\BOOKMARK [3][-]{subsubsection.4.62.4.119}{\376\377\0004\000.\0006\0002\000.\0004\000.\0001\0001\0009\000\040\000v\000i\000t\000t\000o\000r\000i\000e\000\137\000b\000o\000t\000\040\000[\0002\000/\0002\000]}{subsection.4.62.4}% 445
\BOOKMARK [3][-]{subsubsection.4.62.4.120}{\376\377\0004\000.\0006\0002\000.\0004\000.\0001\0002\0000\000\040\000v\000i\000t\000t\000o\000r\000i\000e\000\137\000g\000i\000o\000c\000a\000t\000o\000r\000e\000\040\000[\0001\000/\0002\000]}{subsection.4.62.4}% 446
\BOOKMARK [3][-]{subsubsection.4.62.4.121}{\376\377\0004\000.\0006\0002\000.\0004\000.\0001\0002\0001\000\040\000v\000i\000t\000t\000o\000r\000i\000e\000\137\000g\000i\000o\000c\000a\000t\000o\000r\000e\000\040\000[\0002\000/\0002\000]}{subsection.4.62.4}% 447
\BOOKMARK [3][-]{subsubsection.4.62.4.122}{\376\377\0004\000.\0006\0002\000.\0004\000.\0001\0002\0002\000\040\000w\000a\000n\000t\000\137\000p\000l\000a\000y\000\137\000a\000g\000a\000i\000n}{subsection.4.62.4}% 448
\BOOKMARK [3][-]{subsubsection.4.62.4.123}{\376\377\0004\000.\0006\0002\000.\0004\000.\0001\0002\0003\000\040\000w\000i\000n\000n\000e\000r\000\137\000n\000a\000m\000e}{subsection.4.62.4}% 449
\BOOKMARK [3][-]{subsubsection.4.62.4.124}{\376\377\0004\000.\0006\0002\000.\0004\000.\0001\0002\0004\000\040\000w\000i\000n\000n\000i\000n\000g\000\137\000p\000l\000a\000y\000e\000r\000\137\000i\000d}{subsection.4.62.4}% 450
\BOOKMARK [1][-]{section.4.63}{\376\377\0004\000.\0006\0003\000\040\000A\000d\000m\000i\000n\000\040\000S\000y\000n\000c}{chapter.4}% 451
\BOOKMARK [2][-]{subsection.4.63.1}{\376\377\0004\000.\0006\0003\000.\0001\000\040\000D\000e\000t\000a\000i\000l\000e\000d\000\040\000D\000e\000s\000c\000r\000i\000p\000t\000i\000o\000n}{section.4.63}% 452
\BOOKMARK [2][-]{subsection.4.63.2}{\376\377\0004\000.\0006\0003\000.\0002\000\040\000F\000u\000n\000c\000t\000i\000o\000n\000\040\000D\000o\000c\000u\000m\000e\000n\000t\000a\000t\000i\000o\000n}{section.4.63}% 453
\BOOKMARK [3][-]{subsubsection.4.63.2.1}{\376\377\0004\000.\0006\0003\000.\0002\000.\0001\000\040\000B\000r\000o\000a\000d\000c\000a\000s\000t\000A\000d\000m\000i\000n\000D\000B\000\050\000\051}{subsection.4.63.2}% 454
\BOOKMARK [3][-]{subsubsection.4.63.2.2}{\376\377\0004\000.\0006\0003\000.\0002\000.\0002\000\040\000B\000r\000o\000a\000d\000c\000a\000s\000t\000A\000d\000m\000i\000n\000U\000s\000e\000r\000A\000c\000t\000i\000o\000n\000\050\000\051}{subsection.4.63.2}% 455
\BOOKMARK [3][-]{subsubsection.4.63.2.3}{\376\377\0004\000.\0006\0003\000.\0002\000.\0003\000\040\000S\000e\000n\000d\000A\000d\000m\000i\000n\000U\000s\000e\000r\000S\000y\000n\000c\000\050\000\051}{subsection.4.63.2}% 456
\BOOKMARK [1][-]{section.4.64}{\376\377\0004\000.\0006\0004\000\040\000S\000t\000a\000t\000i\000\040\000S\000e\000s\000s\000i\000o\000n\000e}{chapter.4}% 457
\BOOKMARK [2][-]{subsection.4.64.1}{\376\377\0004\000.\0006\0004\000.\0001\000\040\000D\000e\000t\000a\000i\000l\000e\000d\000\040\000D\000e\000s\000c\000r\000i\000p\000t\000i\000o\000n}{section.4.64}% 458
\BOOKMARK [2][-]{subsection.4.64.2}{\376\377\0004\000.\0006\0004\000.\0002\000\040\000E\000n\000u\000m\000e\000r\000a\000t\000i\000o\000n\000\040\000T\000y\000p\000e\000\040\000D\000o\000c\000u\000m\000e\000n\000t\000a\000t\000i\000o\000n}{section.4.64}% 459
\BOOKMARK [3][-]{subsubsection.4.64.2.1}{\376\377\0004\000.\0006\0004\000.\0002\000.\0001\000\040\000S\000e\000s\000s\000i\000o\000n\000S\000t\000a\000t\000e}{subsection.4.64.2}% 460
\BOOKMARK [1][-]{section.4.65}{\376\377\0004\000.\0006\0005\000\040\000G\000i\000o\000c\000a\000t\000o\000r\000e\000\040\000S\000e\000s\000s\000i\000o\000n\000e}{chapter.4}% 461
\BOOKMARK [2][-]{subsection.4.65.1}{\376\377\0004\000.\0006\0005\000.\0001\000\040\000D\000e\000t\000a\000i\000l\000e\000d\000\040\000D\000e\000s\000c\000r\000i\000p\000t\000i\000o\000n}{section.4.65}% 462
\BOOKMARK [1][-]{section.4.66}{\376\377\0004\000.\0006\0006\000\040\000S\000e\000s\000s\000i\000o\000n\000e\000\040\000d\000i\000\040\000G\000i\000o\000c\000o}{chapter.4}% 463
\BOOKMARK [2][-]{subsection.4.66.1}{\376\377\0004\000.\0006\0006\000.\0001\000\040\000D\000e\000t\000a\000i\000l\000e\000d\000\040\000D\000e\000s\000c\000r\000i\000p\000t\000i\000o\000n}{section.4.66}% 464
\BOOKMARK [1][-]{section.4.67}{\376\377\0004\000.\0006\0007\000\040\000S\000t\000r\000u\000t\000t\000u\000r\000a\000\040\000S\000e\000r\000v\000e\000r\000\040\000M\000a\000n\000a\000g\000e\000r}{chapter.4}% 465
\BOOKMARK [2][-]{subsection.4.67.1}{\376\377\0004\000.\0006\0007\000.\0001\000\040\000D\000e\000t\000a\000i\000l\000e\000d\000\040\000D\000e\000s\000c\000r\000i\000p\000t\000i\000o\000n}{section.4.67}% 466
\BOOKMARK [1][-]{section.4.68}{\376\377\0004\000.\0006\0008\000\040\000A\000P\000I\000\040\000S\000e\000r\000v\000e\000r\000\040\000M\000a\000n\000a\000g\000e\000r}{chapter.4}% 467
\BOOKMARK [2][-]{subsection.4.68.1}{\376\377\0004\000.\0006\0008\000.\0001\000\040\000D\000e\000t\000a\000i\000l\000e\000d\000\040\000D\000e\000s\000c\000r\000i\000p\000t\000i\000o\000n}{section.4.68}% 468
\BOOKMARK [2][-]{subsection.4.68.2}{\376\377\0004\000.\0006\0008\000.\0002\000\040\000F\000u\000n\000c\000t\000i\000o\000n\000\040\000D\000o\000c\000u\000m\000e\000n\000t\000a\000t\000i\000o\000n}{section.4.68}% 469
\BOOKMARK [3][-]{subsubsection.4.68.2.1}{\376\377\0004\000.\0006\0008\000.\0002\000.\0001\000\040\000A\000d\000d\000P\000l\000a\000y\000e\000r\000T\000o\000S\000e\000s\000s\000i\000o\000n\000\050\000\051}{subsection.4.68.2}% 470
\BOOKMARK [3][-]{subsubsection.4.68.2.2}{\376\377\0004\000.\0006\0008\000.\0002\000.\0002\000\040\000C\000l\000o\000s\000e\000S\000e\000s\000s\000i\000o\000n\000\050\000\051}{subsection.4.68.2}% 471
\BOOKMARK [3][-]{subsubsection.4.68.2.3}{\376\377\0004\000.\0006\0008\000.\0002\000.\0003\000\040\000C\000r\000e\000a\000t\000e\000S\000e\000s\000s\000i\000o\000n\000\050\000\051}{subsection.4.68.2}% 472
\BOOKMARK [3][-]{subsubsection.4.68.2.4}{\376\377\0004\000.\0006\0008\000.\0002\000.\0004\000\040\000G\000e\000n\000e\000r\000a\000t\000e\000S\000e\000s\000s\000i\000o\000n\000I\000d\000\050\000\051}{subsection.4.68.2}% 473
\BOOKMARK [3][-]{subsubsection.4.68.2.5}{\376\377\0004\000.\0006\0008\000.\0002\000.\0005\000\040\000G\000e\000t\000S\000e\000s\000s\000i\000o\000n\000\050\000\051}{subsection.4.68.2}% 474
\BOOKMARK [3][-]{subsubsection.4.68.2.6}{\376\377\0004\000.\0006\0008\000.\0002\000.\0006\000\040\000G\000e\000t\000S\000e\000s\000s\000i\000o\000n\000B\000y\000P\000l\000a\000y\000e\000r\000I\000d\000\050\000\051}{subsection.4.68.2}% 475
\BOOKMARK [3][-]{subsubsection.4.68.2.7}{\376\377\0004\000.\0006\0008\000.\0002\000.\0007\000\040\000I\000n\000i\000t\000S\000e\000r\000v\000e\000r\000M\000a\000n\000a\000g\000e\000r\000\050\000\051}{subsection.4.68.2}% 476
\BOOKMARK [3][-]{subsubsection.4.68.2.8}{\376\377\0004\000.\0006\0008\000.\0002\000.\0008\000\040\000I\000s\000V\000a\000l\000i\000d\000M\000o\000v\000e\000\050\000\051}{subsection.4.68.2}% 477
\BOOKMARK [3][-]{subsubsection.4.68.2.9}{\376\377\0004\000.\0006\0008\000.\0002\000.\0009\000\040\000P\000r\000o\000c\000e\000s\000s\000C\000o\000l\000o\000r\000C\000h\000o\000i\000c\000e\000\050\000\051}{subsection.4.68.2}% 478
\BOOKMARK [3][-]{subsubsection.4.68.2.10}{\376\377\0004\000.\0006\0008\000.\0002\000.\0001\0000\000\040\000P\000r\000o\000c\000e\000s\000s\000D\000r\000a\000w\000\050\000\051}{subsection.4.68.2}% 479
\BOOKMARK [3][-]{subsubsection.4.68.2.11}{\376\377\0004\000.\0006\0008\000.\0002\000.\0001\0001\000\040\000P\000r\000o\000c\000e\000s\000s\000M\000o\000v\000e\000\050\000\051}{subsection.4.68.2}% 480
\BOOKMARK [3][-]{subsubsection.4.68.2.12}{\376\377\0004\000.\0006\0008\000.\0002\000.\0001\0002\000\040\000R\000e\000m\000o\000v\000e\000P\000l\000a\000y\000e\000r\000F\000r\000o\000m\000S\000e\000s\000s\000i\000o\000n\000\050\000\051}{subsection.4.68.2}% 481
\BOOKMARK [3][-]{subsubsection.4.68.2.13}{\376\377\0004\000.\0006\0008\000.\0002\000.\0001\0003\000\040\000S\000h\000u\000t\000d\000o\000w\000n\000S\000e\000r\000v\000e\000r\000M\000a\000n\000a\000g\000e\000r\000\050\000\051}{subsection.4.68.2}% 482
\BOOKMARK [3][-]{subsubsection.4.68.2.14}{\376\377\0004\000.\0006\0008\000.\0002\000.\0001\0004\000\040\000S\000t\000a\000r\000t\000S\000e\000s\000s\000i\000o\000n\000\050\000\051}{subsection.4.68.2}% 483
\BOOKMARK [3][-]{subsubsection.4.68.2.15}{\376\377\0004\000.\0006\0008\000.\0002\000.\0001\0005\000\040\000U\000p\000d\000a\000t\000e\000S\000e\000r\000v\000e\000r\000M\000a\000n\000a\000g\000e\000r\000\050\000\051}{subsection.4.68.2}% 484
\BOOKMARK [3][-]{subsubsection.4.68.2.16}{\376\377\0004\000.\0006\0008\000.\0002\000.\0001\0006\000\040\000U\000p\000d\000a\000t\000e\000S\000e\000s\000s\000i\000o\000n\000L\000o\000g\000i\000c\000\050\000\051}{subsection.4.68.2}% 485
\BOOKMARK [0][-]{chapter.5}{\376\377\0005\000\040\000D\000a\000t\000a\000\040\000S\000t\000r\000u\000c\000t\000u\000r\000e\000\040\000D\000o\000c\000u\000m\000e\000n\000t\000a\000t\000i\000o\000n}{}% 486
\BOOKMARK [1][-]{section.5.1}{\376\377\0005\000.\0001\000\040\000A\000d\000m\000i\000n\000D\000B\000S\000y\000n\000c\000P\000a\000c\000k\000e\000t\000\040\000S\000t\000r\000u\000c\000t\000\040\000R\000e\000f\000e\000r\000e\000n\000c\000e}{chapter.5}% 487
\BOOKMARK [1][-]{section.5.2}{\376\377\0005\000.\0002\000\040\000A\000d\000m\000i\000n\000U\000s\000e\000r\000A\000c\000t\000i\000o\000n\000\040\000S\000t\000r\000u\000c\000t\000\040\000R\000e\000f\000e\000r\000e\000n\000c\000e}{chapter.5}% 488
\BOOKMARK [1][-]{section.5.3}{\376\377\0005\000.\0003\000\040\000A\000d\000m\000i\000n\000U\000s\000e\000r\000S\000y\000n\000c\000D\000a\000t\000a\000\040\000S\000t\000r\000u\000c\000t\000\040\000R\000e\000f\000e\000r\000e\000n\000c\000e}{chapter.5}% 489
\BOOKMARK [1][-]{section.5.4}{\376\377\0005\000.\0004\000\040\000A\000u\000d\000i\000o\000S\000t\000r\000e\000a\000m\000\040\000S\000t\000r\000u\000c\000t\000\040\000R\000e\000f\000e\000r\000e\000n\000c\000e}{chapter.5}% 490
\BOOKMARK [2][-]{subsection.5.4.1}{\376\377\0005\000.\0004\000.\0001\000\040\000F\000i\000e\000l\000d\000\040\000D\000o\000c\000u\000m\000e\000n\000t\000a\000t\000i\000o\000n}{section.5.4}% 491
\BOOKMARK [3][-]{subsubsection.5.4.1.1}{\376\377\0005\000.\0004\000.\0001\000.\0001\000\040\000b\000u\000f\000f\000e\000r}{subsection.5.4.1}% 492
\BOOKMARK [3][-]{subsubsection.5.4.1.2}{\376\377\0005\000.\0004\000.\0001\000.\0002\000\040\000c\000h\000a\000n\000n\000e\000l\000s}{subsection.5.4.1}% 493
\BOOKMARK [3][-]{subsubsection.5.4.1.3}{\376\377\0005\000.\0004\000.\0001\000.\0003\000\040\000p\000r\000o\000c\000e\000s\000s\000o\000r}{subsection.5.4.1}% 494
\BOOKMARK [3][-]{subsubsection.5.4.1.4}{\376\377\0005\000.\0004\000.\0001\000.\0004\000\040\000s\000a\000m\000p\000l\000e\000R\000a\000t\000e}{subsection.5.4.1}% 495
\BOOKMARK [3][-]{subsubsection.5.4.1.5}{\376\377\0005\000.\0004\000.\0001\000.\0005\000\040\000s\000a\000m\000p\000l\000e\000S\000i\000z\000e}{subsection.5.4.1}% 496
\BOOKMARK [1][-]{section.5.5}{\376\377\0005\000.\0005\000\040\000A\000u\000t\000o\000m\000a\000t\000i\000o\000n\000E\000v\000e\000n\000t\000\040\000S\000t\000r\000u\000c\000t\000\040\000R\000e\000f\000e\000r\000e\000n\000c\000e}{chapter.5}% 497
\BOOKMARK [2][-]{subsection.5.5.1}{\376\377\0005\000.\0005\000.\0001\000\040\000F\000i\000e\000l\000d\000\040\000D\000o\000c\000u\000m\000e\000n\000t\000a\000t\000i\000o\000n}{section.5.5}% 498
\BOOKMARK [3][-]{subsubsection.5.5.1.1}{\376\377\0005\000.\0005\000.\0001\000.\0001\000\040\000f\000r\000a\000m\000e}{subsection.5.5.1}% 499
\BOOKMARK [3][-]{subsubsection.5.5.1.2}{\376\377\0005\000.\0005\000.\0001\000.\0002\000\040\000p\000a\000r\000a\000m\000s}{subsection.5.5.1}% 500
\BOOKMARK [3][-]{subsubsection.5.5.1.3}{\376\377\0005\000.\0005\000.\0001\000.\0003\000\040\000t\000y\000p\000e}{subsection.5.5.1}% 501
\BOOKMARK [1][-]{section.5.6}{\376\377\0005\000.\0006\000\040\000A\000u\000t\000o\000m\000a\000t\000i\000o\000n\000E\000v\000e\000n\000t\000L\000i\000s\000t\000\040\000S\000t\000r\000u\000c\000t\000\040\000R\000e\000f\000e\000r\000e\000n\000c\000e}{chapter.5}% 502
\BOOKMARK [2][-]{subsection.5.6.1}{\376\377\0005\000.\0006\000.\0001\000\040\000F\000i\000e\000l\000d\000\040\000D\000o\000c\000u\000m\000e\000n\000t\000a\000t\000i\000o\000n}{section.5.6}% 503
\BOOKMARK [3][-]{subsubsection.5.6.1.1}{\376\377\0005\000.\0006\000.\0001\000.\0001\000\040\000c\000a\000p\000a\000c\000i\000t\000y}{subsection.5.6.1}% 504
\BOOKMARK [3][-]{subsubsection.5.6.1.2}{\376\377\0005\000.\0006\000.\0001\000.\0002\000\040\000c\000o\000u\000n\000t}{subsection.5.6.1}% 505
\BOOKMARK [3][-]{subsubsection.5.6.1.3}{\376\377\0005\000.\0006\000.\0001\000.\0003\000\040\000e\000v\000e\000n\000t\000s}{subsection.5.6.1}% 506
\BOOKMARK [1][-]{section.5.7}{\376\377\0005\000.\0007\000\040\000B\000o\000n\000e\000I\000n\000f\000o\000\040\000S\000t\000r\000u\000c\000t\000\040\000R\000e\000f\000e\000r\000e\000n\000c\000e}{chapter.5}% 507
\BOOKMARK [2][-]{subsection.5.7.1}{\376\377\0005\000.\0007\000.\0001\000\040\000F\000i\000e\000l\000d\000\040\000D\000o\000c\000u\000m\000e\000n\000t\000a\000t\000i\000o\000n}{section.5.7}% 508
\BOOKMARK [3][-]{subsubsection.5.7.1.1}{\376\377\0005\000.\0007\000.\0001\000.\0001\000\040\000n\000a\000m\000e}{subsection.5.7.1}% 509
\BOOKMARK [3][-]{subsubsection.5.7.1.2}{\376\377\0005\000.\0007\000.\0001\000.\0002\000\040\000p\000a\000r\000e\000n\000t}{subsection.5.7.1}% 510
\BOOKMARK [1][-]{section.5.8}{\376\377\0005\000.\0008\000\040\000B\000o\000u\000n\000d\000i\000n\000g\000B\000o\000x\000\040\000S\000t\000r\000u\000c\000t\000\040\000R\000e\000f\000e\000r\000e\000n\000c\000e}{chapter.5}% 511
\BOOKMARK [2][-]{subsection.5.8.1}{\376\377\0005\000.\0008\000.\0001\000\040\000F\000i\000e\000l\000d\000\040\000D\000o\000c\000u\000m\000e\000n\000t\000a\000t\000i\000o\000n}{section.5.8}% 512
\BOOKMARK [3][-]{subsubsection.5.8.1.1}{\376\377\0005\000.\0008\000.\0001\000.\0001\000\040\000m\000a\000x}{subsection.5.8.1}% 513
\BOOKMARK [3][-]{subsubsection.5.8.1.2}{\376\377\0005\000.\0008\000.\0001\000.\0002\000\040\000m\000i\000n}{subsection.5.8.1}% 514
\BOOKMARK [1][-]{section.5.9}{\376\377\0005\000.\0009\000\040\000C\000a\000m\000e\000r\000a\0002\000D\000\040\000S\000t\000r\000u\000c\000t\000\040\000R\000e\000f\000e\000r\000e\000n\000c\000e}{chapter.5}% 515
\BOOKMARK [2][-]{subsection.5.9.1}{\376\377\0005\000.\0009\000.\0001\000\040\000F\000i\000e\000l\000d\000\040\000D\000o\000c\000u\000m\000e\000n\000t\000a\000t\000i\000o\000n}{section.5.9}% 516
\BOOKMARK [3][-]{subsubsection.5.9.1.1}{\376\377\0005\000.\0009\000.\0001\000.\0001\000\040\000o\000f\000f\000s\000e\000t}{subsection.5.9.1}% 517
\BOOKMARK [3][-]{subsubsection.5.9.1.2}{\376\377\0005\000.\0009\000.\0001\000.\0002\000\040\000r\000o\000t\000a\000t\000i\000o\000n}{subsection.5.9.1}% 518
\BOOKMARK [3][-]{subsubsection.5.9.1.3}{\376\377\0005\000.\0009\000.\0001\000.\0003\000\040\000t\000a\000r\000g\000e\000t}{subsection.5.9.1}% 519
\BOOKMARK [3][-]{subsubsection.5.9.1.4}{\376\377\0005\000.\0009\000.\0001\000.\0004\000\040\000z\000o\000o\000m}{subsection.5.9.1}% 520
\BOOKMARK [1][-]{section.5.10}{\376\377\0005\000.\0001\0000\000\040\000C\000a\000m\000e\000r\000a\0003\000D\000\040\000S\000t\000r\000u\000c\000t\000\040\000R\000e\000f\000e\000r\000e\000n\000c\000e}{chapter.5}% 521
\BOOKMARK [2][-]{subsection.5.10.1}{\376\377\0005\000.\0001\0000\000.\0001\000\040\000F\000i\000e\000l\000d\000\040\000D\000o\000c\000u\000m\000e\000n\000t\000a\000t\000i\000o\000n}{section.5.10}% 522
\BOOKMARK [3][-]{subsubsection.5.10.1.1}{\376\377\0005\000.\0001\0000\000.\0001\000.\0001\000\040\000f\000o\000v\000y}{subsection.5.10.1}% 523
\BOOKMARK [3][-]{subsubsection.5.10.1.2}{\376\377\0005\000.\0001\0000\000.\0001\000.\0002\000\040\000p\000o\000s\000i\000t\000i\000o\000n}{subsection.5.10.1}% 524
\BOOKMARK [3][-]{subsubsection.5.10.1.3}{\376\377\0005\000.\0001\0000\000.\0001\000.\0003\000\040\000p\000r\000o\000j\000e\000c\000t\000i\000o\000n}{subsection.5.10.1}% 525
\BOOKMARK [3][-]{subsubsection.5.10.1.4}{\376\377\0005\000.\0001\0000\000.\0001\000.\0004\000\040\000t\000a\000r\000g\000e\000t}{subsection.5.10.1}% 526
\BOOKMARK [3][-]{subsubsection.5.10.1.5}{\376\377\0005\000.\0001\0000\000.\0001\000.\0005\000\040\000u\000p}{subsection.5.10.1}% 527
\BOOKMARK [1][-]{section.5.11}{\376\377\0005\000.\0001\0001\000\040\000C\000a\000m\000p\000o\000I\000n\000p\000u\000t\000\040\000S\000t\000r\000u\000c\000t\000\040\000R\000e\000f\000e\000r\000e\000n\000c\000e}{chapter.5}% 528
\BOOKMARK [2][-]{subsection.5.11.1}{\376\377\0005\000.\0001\0001\000.\0001\000\040\000D\000e\000t\000a\000i\000l\000e\000d\000\040\000D\000e\000s\000c\000r\000i\000p\000t\000i\000o\000n}{section.5.11}% 529
\BOOKMARK [2][-]{subsection.5.11.2}{\376\377\0005\000.\0001\0001\000.\0002\000\040\000F\000i\000e\000l\000d\000\040\000D\000o\000c\000u\000m\000e\000n\000t\000a\000t\000i\000o\000n}{section.5.11}% 530
\BOOKMARK [3][-]{subsubsection.5.11.2.1}{\376\377\0005\000.\0001\0001\000.\0002\000.\0001\000\040\000a\000r\000e\000a}{subsection.5.11.2}% 531
\BOOKMARK [3][-]{subsubsection.5.11.2.2}{\376\377\0005\000.\0001\0001\000.\0002\000.\0002\000\040\000c\000a\000m\000p\000o\000\137\000i\000d}{subsection.5.11.2}% 532
\BOOKMARK [1][-]{section.5.12}{\376\377\0005\000.\0001\0002\000\040\000C\000a\000r\000t\000a\000\040\000S\000t\000r\000u\000c\000t\000\040\000R\000e\000f\000e\000r\000e\000n\000c\000e}{chapter.5}% 533
\BOOKMARK [2][-]{subsection.5.12.1}{\376\377\0005\000.\0001\0002\000.\0001\000\040\000D\000e\000t\000a\000i\000l\000e\000d\000\040\000D\000e\000s\000c\000r\000i\000p\000t\000i\000o\000n}{section.5.12}% 534
\BOOKMARK [2][-]{subsection.5.12.2}{\376\377\0005\000.\0001\0002\000.\0002\000\040\000F\000i\000e\000l\000d\000\040\000D\000o\000c\000u\000m\000e\000n\000t\000a\000t\000i\000o\000n}{section.5.12}% 535
\BOOKMARK [3][-]{subsubsection.5.12.2.1}{\376\377\0005\000.\0001\0002\000.\0002\000.\0001\000\040\000a\000r\000e\000a}{subsection.5.12.2}% 536
\BOOKMARK [3][-]{subsubsection.5.12.2.2}{\376\377\0005\000.\0001\0002\000.\0002\000.\0002\000\040\000c\000o\000l\000o\000r\000e}{subsection.5.12.2}% 537
\BOOKMARK [3][-]{subsubsection.5.12.2.3}{\376\377\0005\000.\0001\0002\000.\0002\000.\0003\000\040\000i\000s\000T\000r\000a\000s\000c\000i\000n\000a\000t\000a}{subsection.5.12.2}% 538
\BOOKMARK [3][-]{subsubsection.5.12.2.4}{\376\377\0005\000.\0001\0002\000.\0002\000.\0004\000\040\000p\000o\000s\000O\000r\000i\000g\000i\000n\000a\000l\000e}{subsection.5.12.2}% 539
\BOOKMARK [3][-]{subsubsection.5.12.2.5}{\376\377\0005\000.\0001\0002\000.\0002\000.\0005\000\040\000t\000i\000p\000o}{subsection.5.12.2}% 540
\BOOKMARK [1][-]{section.5.13}{\376\377\0005\000.\0001\0003\000\040\000C\000h\000a\000t\000S\000t\000o\000r\000i\000c\000o\000\040\000S\000t\000r\000u\000c\000t\000\040\000R\000e\000f\000e\000r\000e\000n\000c\000e}{chapter.5}% 541
\BOOKMARK [2][-]{subsection.5.13.1}{\376\377\0005\000.\0001\0003\000.\0001\000\040\000D\000e\000t\000a\000i\000l\000e\000d\000\040\000D\000e\000s\000c\000r\000i\000p\000t\000i\000o\000n}{section.5.13}% 542
\BOOKMARK [2][-]{subsection.5.13.2}{\376\377\0005\000.\0001\0003\000.\0002\000\040\000F\000i\000e\000l\000d\000\040\000D\000o\000c\000u\000m\000e\000n\000t\000a\000t\000i\000o\000n}{section.5.13}% 543
\BOOKMARK [3][-]{subsubsection.5.13.2.1}{\376\377\0005\000.\0001\0003\000.\0002\000.\0001\000\040\000b\000u\000f\000f\000e\000r}{subsection.5.13.2}% 544
\BOOKMARK [3][-]{subsubsection.5.13.2.2}{\376\377\0005\000.\0001\0003\000.\0002\000.\0002\000\040\000c\000o\000u\000n\000t}{subsection.5.13.2}% 545
\BOOKMARK [3][-]{subsubsection.5.13.2.3}{\376\377\0005\000.\0001\0003\000.\0002\000.\0003\000\040\000h\000e\000a\000d}{subsection.5.13.2}% 546
\BOOKMARK [1][-]{section.5.14}{\376\377\0005\000.\0001\0004\000\040\000C\000l\000a\000s\000s\000i\000f\000i\000c\000a\000R\000e\000c\000o\000r\000d\000\040\000S\000t\000r\000u\000c\000t\000\040\000R\000e\000f\000e\000r\000e\000n\000c\000e}{chapter.5}% 547
\BOOKMARK [2][-]{subsection.5.14.1}{\376\377\0005\000.\0001\0004\000.\0001\000\040\000D\000e\000t\000a\000i\000l\000e\000d\000\040\000D\000e\000s\000c\000r\000i\000p\000t\000i\000o\000n}{section.5.14}% 548
\BOOKMARK [2][-]{subsection.5.14.2}{\376\377\0005\000.\0001\0004\000.\0002\000\040\000F\000i\000e\000l\000d\000\040\000D\000o\000c\000u\000m\000e\000n\000t\000a\000t\000i\000o\000n}{section.5.14}% 549
\BOOKMARK [3][-]{subsubsection.5.14.2.1}{\376\377\0005\000.\0001\0004\000.\0002\000.\0001\000\040\000i\000s\000\137\000b\000o\000t}{subsection.5.14.2}% 550
\BOOKMARK [3][-]{subsubsection.5.14.2.2}{\376\377\0005\000.\0001\0004\000.\0002\000.\0002\000\040\000n\000o\000m\000e}{subsection.5.14.2}% 551
\BOOKMARK [3][-]{subsubsection.5.14.2.3}{\376\377\0005\000.\0001\0004\000.\0002\000.\0003\000\040\000n\000u\000m\000\137\000c\000a\000r\000t\000e}{subsection.5.14.2}% 552
\BOOKMARK [3][-]{subsubsection.5.14.2.4}{\376\377\0005\000.\0001\0004\000.\0002\000.\0004\000\040\000p\000o\000s\000i\000z\000i\000o\000n\000e}{subsection.5.14.2}% 553
\BOOKMARK [1][-]{section.5.15}{\376\377\0005\000.\0001\0005\000\040\000C\000o\000d\000a\000T\000u\000r\000n\000i\000\040\000S\000t\000r\000u\000c\000t\000\040\000R\000e\000f\000e\000r\000e\000n\000c\000e}{chapter.5}% 554
\BOOKMARK [2][-]{subsection.5.15.1}{\376\377\0005\000.\0001\0005\000.\0001\000\040\000D\000e\000t\000a\000i\000l\000e\000d\000\040\000D\000e\000s\000c\000r\000i\000p\000t\000i\000o\000n}{section.5.15}% 555
\BOOKMARK [2][-]{subsection.5.15.2}{\376\377\0005\000.\0001\0005\000.\0002\000\040\000F\000i\000e\000l\000d\000\040\000D\000o\000c\000u\000m\000e\000n\000t\000a\000t\000i\000o\000n}{section.5.15}% 556
\BOOKMARK [3][-]{subsubsection.5.15.2.1}{\376\377\0005\000.\0001\0005\000.\0002\000.\0001\000\040\000f\000r\000o\000n\000t}{subsection.5.15.2}% 557
\BOOKMARK [3][-]{subsubsection.5.15.2.2}{\376\377\0005\000.\0001\0005\000.\0002\000.\0002\000\040\000r\000e\000a\000r}{subsection.5.15.2}% 558
\BOOKMARK [3][-]{subsubsection.5.15.2.3}{\376\377\0005\000.\0001\0005\000.\0002\000.\0003\000\040\000s\000i\000z\000e}{subsection.5.15.2}% 559
\BOOKMARK [3][-]{subsubsection.5.15.2.4}{\376\377\0005\000.\0001\0005\000.\0002\000.\0004\000\040\000v\000e\000r\000s\000o}{subsection.5.15.2}% 560
\BOOKMARK [1][-]{section.5.16}{\376\377\0005\000.\0001\0006\000\040\000C\000o\000l\000o\000r\000\040\000S\000t\000r\000u\000c\000t\000\040\000R\000e\000f\000e\000r\000e\000n\000c\000e}{chapter.5}% 561
\BOOKMARK [2][-]{subsection.5.16.1}{\376\377\0005\000.\0001\0006\000.\0001\000\040\000F\000i\000e\000l\000d\000\040\000D\000o\000c\000u\000m\000e\000n\000t\000a\000t\000i\000o\000n}{section.5.16}% 562
\BOOKMARK [3][-]{subsubsection.5.16.1.1}{\376\377\0005\000.\0001\0006\000.\0001\000.\0001\000\040\000a}{subsection.5.16.1}% 563
\BOOKMARK [3][-]{subsubsection.5.16.1.2}{\376\377\0005\000.\0001\0006\000.\0001\000.\0002\000\040\000b}{subsection.5.16.1}% 564
\BOOKMARK [3][-]{subsubsection.5.16.1.3}{\376\377\0005\000.\0001\0006\000.\0001\000.\0003\000\040\000g}{subsection.5.16.1}% 565
\BOOKMARK [3][-]{subsubsection.5.16.1.4}{\376\377\0005\000.\0001\0006\000.\0001\000.\0004\000\040\000r}{subsection.5.16.1}% 566
\BOOKMARK [1][-]{section.5.17}{\376\377\0005\000.\0001\0007\000\040\000D\000a\000t\000a\000b\000a\000s\000e\000U\000t\000e\000n\000t\000i\000\040\000S\000t\000r\000u\000c\000t\000\040\000R\000e\000f\000e\000r\000e\000n\000c\000e}{chapter.5}% 567
\BOOKMARK [2][-]{subsection.5.17.1}{\376\377\0005\000.\0001\0007\000.\0001\000\040\000D\000e\000t\000a\000i\000l\000e\000d\000\040\000D\000e\000s\000c\000r\000i\000p\000t\000i\000o\000n}{section.5.17}% 568
\BOOKMARK [2][-]{subsection.5.17.2}{\376\377\0005\000.\0001\0007\000.\0002\000\040\000F\000i\000e\000l\000d\000\040\000D\000o\000c\000u\000m\000e\000n\000t\000a\000t\000i\000o\000n}{section.5.17}% 569
\BOOKMARK [3][-]{subsubsection.5.17.2.1}{\376\377\0005\000.\0001\0007\000.\0002\000.\0001\000\040\000c\000a\000p\000a\000c\000i\000t\000a}{subsection.5.17.2}% 570
\BOOKMARK [3][-]{subsubsection.5.17.2.2}{\376\377\0005\000.\0001\0007\000.\0002\000.\0002\000\040\000l\000i\000s\000t\000a}{subsection.5.17.2}% 571
\BOOKMARK [3][-]{subsubsection.5.17.2.3}{\376\377\0005\000.\0001\0007\000.\0002\000.\0003\000\040\000n\000u\000m\000\137\000u\000t\000e\000n\000t\000i}{subsection.5.17.2}% 572
\BOOKMARK [1][-]{section.5.18}{\376\377\0005\000.\0001\0008\000\040\000F\000i\000l\000e\000P\000a\000t\000h\000L\000i\000s\000t\000\040\000S\000t\000r\000u\000c\000t\000\040\000R\000e\000f\000e\000r\000e\000n\000c\000e}{chapter.5}% 573
\BOOKMARK [2][-]{subsection.5.18.1}{\376\377\0005\000.\0001\0008\000.\0001\000\040\000F\000i\000e\000l\000d\000\040\000D\000o\000c\000u\000m\000e\000n\000t\000a\000t\000i\000o\000n}{section.5.18}% 574
\BOOKMARK [3][-]{subsubsection.5.18.1.1}{\376\377\0005\000.\0001\0008\000.\0001\000.\0001\000\040\000c\000o\000u\000n\000t}{subsection.5.18.1}% 575
\BOOKMARK [3][-]{subsubsection.5.18.1.2}{\376\377\0005\000.\0001\0008\000.\0001\000.\0002\000\040\000p\000a\000t\000h\000s}{subsection.5.18.1}% 576
\BOOKMARK [1][-]{section.5.19}{\376\377\0005\000.\0001\0009\000\040\000f\000l\000o\000a\000t\0001\0006\000\040\000S\000t\000r\000u\000c\000t\000\040\000R\000e\000f\000e\000r\000e\000n\000c\000e}{chapter.5}% 577
\BOOKMARK [2][-]{subsection.5.19.1}{\376\377\0005\000.\0001\0009\000.\0001\000\040\000F\000i\000e\000l\000d\000\040\000D\000o\000c\000u\000m\000e\000n\000t\000a\000t\000i\000o\000n}{section.5.19}% 578
\BOOKMARK [3][-]{subsubsection.5.19.1.1}{\376\377\0005\000.\0001\0009\000.\0001\000.\0001\000\040\000v}{subsection.5.19.1}% 579
\BOOKMARK [1][-]{section.5.20}{\376\377\0005\000.\0002\0000\000\040\000f\000l\000o\000a\000t\0003\000\040\000S\000t\000r\000u\000c\000t\000\040\000R\000e\000f\000e\000r\000e\000n\000c\000e}{chapter.5}% 580
\BOOKMARK [2][-]{subsection.5.20.1}{\376\377\0005\000.\0002\0000\000.\0001\000\040\000F\000i\000e\000l\000d\000\040\000D\000o\000c\000u\000m\000e\000n\000t\000a\000t\000i\000o\000n}{section.5.20}% 581
\BOOKMARK [3][-]{subsubsection.5.20.1.1}{\376\377\0005\000.\0002\0000\000.\0001\000.\0001\000\040\000v}{subsection.5.20.1}% 582
\BOOKMARK [1][-]{section.5.21}{\376\377\0005\000.\0002\0001\000\040\000F\000o\000n\000t\000\040\000S\000t\000r\000u\000c\000t\000\040\000R\000e\000f\000e\000r\000e\000n\000c\000e}{chapter.5}% 583
\BOOKMARK [2][-]{subsection.5.21.1}{\376\377\0005\000.\0002\0001\000.\0001\000\040\000F\000i\000e\000l\000d\000\040\000D\000o\000c\000u\000m\000e\000n\000t\000a\000t\000i\000o\000n}{section.5.21}% 584
\BOOKMARK [3][-]{subsubsection.5.21.1.1}{\376\377\0005\000.\0002\0001\000.\0001\000.\0001\000\040\000b\000a\000s\000e\000S\000i\000z\000e}{subsection.5.21.1}% 585
\BOOKMARK [3][-]{subsubsection.5.21.1.2}{\376\377\0005\000.\0002\0001\000.\0001\000.\0002\000\040\000g\000l\000y\000p\000h\000C\000o\000u\000n\000t}{subsection.5.21.1}% 586
\BOOKMARK [3][-]{subsubsection.5.21.1.3}{\376\377\0005\000.\0002\0001\000.\0001\000.\0003\000\040\000g\000l\000y\000p\000h\000P\000a\000d\000d\000i\000n\000g}{subsection.5.21.1}% 587
\BOOKMARK [3][-]{subsubsection.5.21.1.4}{\376\377\0005\000.\0002\0001\000.\0001\000.\0004\000\040\000g\000l\000y\000p\000h\000s}{subsection.5.21.1}% 588
\BOOKMARK [3][-]{subsubsection.5.21.1.5}{\376\377\0005\000.\0002\0001\000.\0001\000.\0005\000\040\000r\000e\000c\000s}{subsection.5.21.1}% 589
\BOOKMARK [3][-]{subsubsection.5.21.1.6}{\376\377\0005\000.\0002\0001\000.\0001\000.\0006\000\040\000t\000e\000x\000t\000u\000r\000e}{subsection.5.21.1}% 590
\BOOKMARK [1][-]{section.5.22}{\376\377\0005\000.\0002\0002\000\040\000G\000a\000m\000e\000S\000e\000s\000s\000i\000o\000n\000\040\000S\000t\000r\000u\000c\000t\000\040\000R\000e\000f\000e\000r\000e\000n\000c\000e}{chapter.5}% 591
\BOOKMARK [2][-]{subsection.5.22.1}{\376\377\0005\000.\0002\0002\000.\0001\000\040\000D\000e\000t\000a\000i\000l\000e\000d\000\040\000D\000e\000s\000c\000r\000i\000p\000t\000i\000o\000n}{section.5.22}% 592
\BOOKMARK [2][-]{subsection.5.22.2}{\376\377\0005\000.\0002\0002\000.\0002\000\040\000F\000i\000e\000l\000d\000\040\000D\000o\000c\000u\000m\000e\000n\000t\000a\000t\000i\000o\000n}{section.5.22}% 593
\BOOKMARK [3][-]{subsubsection.5.22.2.1}{\376\377\0005\000.\0002\0002\000.\0002\000.\0001\000\040\000g\000a\000m\000e\000\137\000s\000t\000a\000t\000e}{subsection.5.22.2}% 594
\BOOKMARK [3][-]{subsubsection.5.22.2.2}{\376\377\0005\000.\0002\0002\000.\0002\000.\0002\000\040\000h\000o\000s\000t\000\137\000i\000d}{subsection.5.22.2}% 595
\BOOKMARK [3][-]{subsubsection.5.22.2.3}{\376\377\0005\000.\0002\0002\000.\0002\000.\0003\000\040\000i\000d\000l\000e\000T\000i\000m\000e}{subsection.5.22.2}% 596
\BOOKMARK [3][-]{subsubsection.5.22.2.4}{\376\377\0005\000.\0002\0002\000.\0002\000.\0004\000\040\000n\000u\000m\000\137\000p\000l\000a\000y\000e\000r\000s}{subsection.5.22.2}% 597
\BOOKMARK [3][-]{subsubsection.5.22.2.5}{\376\377\0005\000.\0002\0002\000.\0002\000.\0005\000\040\000p\000l\000a\000y\000e\000r\000s}{subsection.5.22.2}% 598
\BOOKMARK [3][-]{subsubsection.5.22.2.6}{\376\377\0005\000.\0002\0002\000.\0002\000.\0006\000\040\000s\000e\000s\000s\000i\000o\000n\000\137\000i\000d}{subsection.5.22.2}% 599
\BOOKMARK [3][-]{subsubsection.5.22.2.7}{\376\377\0005\000.\0002\0002\000.\0002\000.\0007\000\040\000s\000t\000a\000r\000t\000C\000o\000u\000n\000t\000d\000o\000w\000n}{subsection.5.22.2}% 600
\BOOKMARK [3][-]{subsubsection.5.22.2.8}{\376\377\0005\000.\0002\0002\000.\0002\000.\0008\000\040\000s\000t\000a\000t\000e}{subsection.5.22.2}% 601
\BOOKMARK [1][-]{section.5.23}{\376\377\0005\000.\0002\0003\000\040\000G\000i\000o\000c\000a\000t\000o\000r\000e\000\040\000S\000t\000r\000u\000c\000t\000\040\000R\000e\000f\000e\000r\000e\000n\000c\000e}{chapter.5}% 602
\BOOKMARK [2][-]{subsection.5.23.1}{\376\377\0005\000.\0002\0003\000.\0001\000\040\000D\000e\000t\000a\000i\000l\000e\000d\000\040\000D\000e\000s\000c\000r\000i\000p\000t\000i\000o\000n}{section.5.23}% 603
\BOOKMARK [2][-]{subsection.5.23.2}{\376\377\0005\000.\0002\0003\000.\0002\000\040\000F\000i\000e\000l\000d\000\040\000D\000o\000c\000u\000m\000e\000n\000t\000a\000t\000i\000o\000n}{section.5.23}% 604
\BOOKMARK [3][-]{subsubsection.5.23.2.1}{\376\377\0005\000.\0002\0003\000.\0002\000.\0001\000\040\000e\000r\000a\000\137\000i\000n\000\137\000p\000r\000e\000l\000o\000b\000b\000y}{subsection.5.23.2}% 605
\BOOKMARK [3][-]{subsubsection.5.23.2.2}{\376\377\0005\000.\0002\0003\000.\0002\000.\0002\000\040\000i\000n\000f\000o}{subsection.5.23.2}% 606
\BOOKMARK [3][-]{subsubsection.5.23.2.3}{\376\377\0005\000.\0002\0003\000.\0002\000.\0003\000\040\000i\000s\000\137\000b\000o\000t}{subsection.5.23.2}% 607
\BOOKMARK [3][-]{subsubsection.5.23.2.4}{\376\377\0005\000.\0002\0003\000.\0002\000.\0004\000\040\000m\000a\000n\000o}{subsection.5.23.2}% 608
\BOOKMARK [3][-]{subsubsection.5.23.2.5}{\376\377\0005\000.\0002\0003\000.\0002\000.\0005\000\040\000m\000a\000n\000o\000\137\000b\000a\000c\000k\000u\000p}{subsection.5.23.2}% 609
\BOOKMARK [3][-]{subsubsection.5.23.2.6}{\376\377\0005\000.\0002\0003\000.\0002\000.\0006\000\040\000n\000o\000m\000e}{subsection.5.23.2}% 610
\BOOKMARK [3][-]{subsubsection.5.23.2.7}{\376\377\0005\000.\0002\0003\000.\0002\000.\0007\000\040\000n\000u\000m\000\137\000c\000a\000r\000t\000e\000\137\000b\000a\000c\000k\000u\000p}{subsection.5.23.2}% 611
\BOOKMARK [3][-]{subsubsection.5.23.2.8}{\376\377\0005\000.\0002\0003\000.\0002\000.\0008\000\040\000n\000u\000m\000\137\000c\000a\000r\000t\000e\000\137\000m\000a\000n\000o}{subsection.5.23.2}% 612
\BOOKMARK [3][-]{subsubsection.5.23.2.9}{\376\377\0005\000.\0002\0003\000.\0002\000.\0009\000\040\000s\000o\000c\000k\000e\000t\000\137\000i\000d}{subsection.5.23.2}% 613
\BOOKMARK [3][-]{subsubsection.5.23.2.10}{\376\377\0005\000.\0002\0003\000.\0002\000.\0001\0000\000\040\000s\000t\000a\000t\000o\000\137\000p\000r\000o\000n\000t\000o}{subsection.5.23.2}% 614
\BOOKMARK [1][-]{section.5.24}{\376\377\0005\000.\0002\0004\000\040\000G\000l\000y\000p\000h\000I\000n\000f\000o\000\040\000S\000t\000r\000u\000c\000t\000\040\000R\000e\000f\000e\000r\000e\000n\000c\000e}{chapter.5}% 615
\BOOKMARK [2][-]{subsection.5.24.1}{\376\377\0005\000.\0002\0004\000.\0001\000\040\000F\000i\000e\000l\000d\000\040\000D\000o\000c\000u\000m\000e\000n\000t\000a\000t\000i\000o\000n}{section.5.24}% 616
\BOOKMARK [3][-]{subsubsection.5.24.1.1}{\376\377\0005\000.\0002\0004\000.\0001\000.\0001\000\040\000a\000d\000v\000a\000n\000c\000e\000X}{subsection.5.24.1}% 617
\BOOKMARK [3][-]{subsubsection.5.24.1.2}{\376\377\0005\000.\0002\0004\000.\0001\000.\0002\000\040\000i\000m\000a\000g\000e}{subsection.5.24.1}% 618
\BOOKMARK [3][-]{subsubsection.5.24.1.3}{\376\377\0005\000.\0002\0004\000.\0001\000.\0003\000\040\000o\000f\000f\000s\000e\000t\000X}{subsection.5.24.1}% 619
\BOOKMARK [3][-]{subsubsection.5.24.1.4}{\376\377\0005\000.\0002\0004\000.\0001\000.\0004\000\040\000o\000f\000f\000s\000e\000t\000Y}{subsection.5.24.1}% 620
\BOOKMARK [3][-]{subsubsection.5.24.1.5}{\376\377\0005\000.\0002\0004\000.\0001\000.\0005\000\040\000v\000a\000l\000u\000e}{subsection.5.24.1}% 621
\BOOKMARK [1][-]{section.5.25}{\376\377\0005\000.\0002\0005\000\040\000I\000m\000a\000g\000e\000\040\000S\000t\000r\000u\000c\000t\000\040\000R\000e\000f\000e\000r\000e\000n\000c\000e}{chapter.5}% 622
\BOOKMARK [2][-]{subsection.5.25.1}{\376\377\0005\000.\0002\0005\000.\0001\000\040\000F\000i\000e\000l\000d\000\040\000D\000o\000c\000u\000m\000e\000n\000t\000a\000t\000i\000o\000n}{section.5.25}% 623
\BOOKMARK [3][-]{subsubsection.5.25.1.1}{\376\377\0005\000.\0002\0005\000.\0001\000.\0001\000\040\000d\000a\000t\000a}{subsection.5.25.1}% 624
\BOOKMARK [3][-]{subsubsection.5.25.1.2}{\376\377\0005\000.\0002\0005\000.\0001\000.\0002\000\040\000f\000o\000r\000m\000a\000t}{subsection.5.25.1}% 625
\BOOKMARK [3][-]{subsubsection.5.25.1.3}{\376\377\0005\000.\0002\0005\000.\0001\000.\0003\000\040\000h\000e\000i\000g\000h\000t}{subsection.5.25.1}% 626
\BOOKMARK [3][-]{subsubsection.5.25.1.4}{\376\377\0005\000.\0002\0005\000.\0001\000.\0004\000\040\000m\000i\000p\000m\000a\000p\000s}{subsection.5.25.1}% 627
\BOOKMARK [3][-]{subsubsection.5.25.1.5}{\376\377\0005\000.\0002\0005\000.\0001\000.\0005\000\040\000w\000i\000d\000t\000h}{subsection.5.25.1}% 628
\BOOKMARK [1][-]{section.5.26}{\376\377\0005\000.\0002\0006\000\040\000L\000a\000n\000C\000o\000m\000p\000a\000c\000t\000U\000s\000e\000r\000\040\000S\000t\000r\000u\000c\000t\000\040\000R\000e\000f\000e\000r\000e\000n\000c\000e}{chapter.5}% 629
\BOOKMARK [2][-]{subsection.5.26.1}{\376\377\0005\000.\0002\0006\000.\0001\000\040\000F\000i\000e\000l\000d\000\040\000D\000o\000c\000u\000m\000e\000n\000t\000a\000t\000i\000o\000n}{section.5.26}% 630
\BOOKMARK [3][-]{subsubsection.5.26.1.1}{\376\377\0005\000.\0002\0006\000.\0001\000.\0001\000\040\000c\000o\000g\000n\000o\000m\000e}{subsection.5.26.1}% 631
\BOOKMARK [3][-]{subsubsection.5.26.1.2}{\376\377\0005\000.\0002\0006\000.\0001\000.\0002\000\040\000e\000m\000a\000i\000l}{subsection.5.26.1}% 632
\BOOKMARK [3][-]{subsubsection.5.26.1.3}{\376\377\0005\000.\0002\0006\000.\0001\000.\0003\000\040\000n\000o\000m\000e}{subsection.5.26.1}% 633
\BOOKMARK [3][-]{subsubsection.5.26.1.4}{\376\377\0005\000.\0002\0006\000.\0001\000.\0004\000\040\000p\000a\000r\000t\000i\000t\000e\000\137\000g\000i\000o\000c\000a\000t\000e}{subsection.5.26.1}% 634
\BOOKMARK [3][-]{subsubsection.5.26.1.5}{\376\377\0005\000.\0002\0006\000.\0001\000.\0005\000\040\000p\000a\000s\000s\000w\000o\000r\000d}{subsection.5.26.1}% 635
\BOOKMARK [3][-]{subsubsection.5.26.1.6}{\376\377\0005\000.\0002\0006\000.\0001\000.\0006\000\040\000p\000i\000n\000\137\000r\000e\000c\000u\000p\000e\000r\000o}{subsection.5.26.1}% 636
\BOOKMARK [3][-]{subsubsection.5.26.1.7}{\376\377\0005\000.\0002\0006\000.\0001\000.\0007\000\040\000s\000t\000o\000r\000i\000c\000o\000\137\000c\000o\000u\000n\000t}{subsection.5.26.1}% 637
\BOOKMARK [3][-]{subsubsection.5.26.1.8}{\376\377\0005\000.\0002\0006\000.\0001\000.\0008\000\040\000s\000t\000o\000r\000i\000c\000o\000\137\000p\000a\000r\000t\000i\000t\000e}{subsection.5.26.1}% 638
\BOOKMARK [3][-]{subsubsection.5.26.1.9}{\376\377\0005\000.\0002\0006\000.\0001\000.\0009\000\040\000u\000s\000e\000r\000n\000a\000m\000e}{subsection.5.26.1}% 639
\BOOKMARK [3][-]{subsubsection.5.26.1.10}{\376\377\0005\000.\0002\0006\000.\0001\000.\0001\0000\000\040\000v\000i\000t\000t\000o\000r\000i\000e\000\137\000b\000o\000t}{subsection.5.26.1}% 640
\BOOKMARK [3][-]{subsubsection.5.26.1.11}{\376\377\0005\000.\0002\0006\000.\0001\000.\0001\0001\000\040\000v\000i\000t\000t\000o\000r\000i\000e\000\137\000g\000i\000o\000c\000a\000t\000o\000r\000e}{subsection.5.26.1}% 641
\BOOKMARK [1][-]{section.5.27}{\376\377\0005\000.\0002\0007\000\040\000L\000a\000n\000D\000e\000l\000e\000t\000e\000S\000a\000v\000e\000P\000a\000c\000k\000e\000t\000\040\000S\000t\000r\000u\000c\000t\000\040\000R\000e\000f\000e\000r\000e\000n\000c\000e}{chapter.5}% 642
\BOOKMARK [2][-]{subsection.5.27.1}{\376\377\0005\000.\0002\0007\000.\0001\000\040\000D\000e\000t\000a\000i\000l\000e\000d\000\040\000D\000e\000s\000c\000r\000i\000p\000t\000i\000o\000n}{section.5.27}% 643
\BOOKMARK [2][-]{subsection.5.27.2}{\376\377\0005\000.\0002\0007\000.\0002\000\040\000F\000i\000e\000l\000d\000\040\000D\000o\000c\000u\000m\000e\000n\000t\000a\000t\000i\000o\000n}{section.5.27}% 644
\BOOKMARK [3][-]{subsubsection.5.27.2.1}{\376\377\0005\000.\0002\0007\000.\0002\000.\0001\000\040\000d\000a\000t\000a\000\137\000s\000a\000l\000v\000a\000t\000a\000g\000g\000i\000o}{subsection.5.27.2}% 645
\BOOKMARK [3][-]{subsubsection.5.27.2.2}{\376\377\0005\000.\0002\0007\000.\0002\000.\0002\000\040\000m\000a\000g\000i\000c}{subsection.5.27.2}% 646
\BOOKMARK [3][-]{subsubsection.5.27.2.3}{\376\377\0005\000.\0002\0007\000.\0002\000.\0003\000\040\000o\000w\000n\000e\000r\000\137\000u\000s\000e\000r\000n\000a\000m\000e}{subsection.5.27.2}% 647
\BOOKMARK [1][-]{section.5.28}{\376\377\0005\000.\0002\0008\000\040\000L\000a\000n\000P\000a\000c\000k\000e\000t\000H\000e\000a\000d\000e\000r\000\040\000S\000t\000r\000u\000c\000t\000\040\000R\000e\000f\000e\000r\000e\000n\000c\000e}{chapter.5}% 648
\BOOKMARK [2][-]{subsection.5.28.1}{\376\377\0005\000.\0002\0008\000.\0001\000\040\000D\000e\000t\000a\000i\000l\000e\000d\000\040\000D\000e\000s\000c\000r\000i\000p\000t\000i\000o\000n}{section.5.28}% 649
\BOOKMARK [2][-]{subsection.5.28.2}{\376\377\0005\000.\0002\0008\000.\0002\000\040\000F\000i\000e\000l\000d\000\040\000D\000o\000c\000u\000m\000e\000n\000t\000a\000t\000i\000o\000n}{section.5.28}% 650
\BOOKMARK [3][-]{subsubsection.5.28.2.1}{\376\377\0005\000.\0002\0008\000.\0002\000.\0001\000\040\000l\000e\000n\000g\000t\000h}{subsection.5.28.2}% 651
\BOOKMARK [3][-]{subsubsection.5.28.2.2}{\376\377\0005\000.\0002\0008\000.\0002\000.\0002\000\040\000m\000a\000g\000i\000c}{subsection.5.28.2}% 652
\BOOKMARK [1][-]{section.5.29}{\376\377\0005\000.\0002\0009\000\040\000L\000a\000n\000S\000t\000a\000t\000s\000S\000y\000n\000c\000P\000a\000c\000k\000e\000t\000\040\000S\000t\000r\000u\000c\000t\000\040\000R\000e\000f\000e\000r\000e\000n\000c\000e}{chapter.5}% 653
\BOOKMARK [2][-]{subsection.5.29.1}{\376\377\0005\000.\0002\0009\000.\0001\000\040\000F\000i\000e\000l\000d\000\040\000D\000o\000c\000u\000m\000e\000n\000t\000a\000t\000i\000o\000n}{section.5.29}% 654
\BOOKMARK [3][-]{subsubsection.5.29.1.1}{\376\377\0005\000.\0002\0009\000.\0001\000.\0001\000\040\000m\000a\000g\000i\000c}{subsection.5.29.1}% 655
\BOOKMARK [3][-]{subsubsection.5.29.1.2}{\376\377\0005\000.\0002\0009\000.\0001\000.\0002\000\040\000p\000a\000r\000t\000i\000t\000e\000\137\000g\000i\000o\000c\000a\000t\000e}{subsection.5.29.1}% 656
\BOOKMARK [3][-]{subsubsection.5.29.1.3}{\376\377\0005\000.\0002\0009\000.\0001\000.\0003\000\040\000s\000t\000o\000r\000i\000c\000o\000\137\000c\000o\000u\000n\000t}{subsection.5.29.1}% 657
\BOOKMARK [3][-]{subsubsection.5.29.1.4}{\376\377\0005\000.\0002\0009\000.\0001\000.\0004\000\040\000s\000t\000o\000r\000i\000c\000o\000\137\000p\000a\000r\000t\000i\000t\000e}{subsection.5.29.1}% 658
\BOOKMARK [3][-]{subsubsection.5.29.1.5}{\376\377\0005\000.\0002\0009\000.\0001\000.\0005\000\040\000u\000s\000e\000r\000n\000a\000m\000e}{subsection.5.29.1}% 659
\BOOKMARK [3][-]{subsubsection.5.29.1.6}{\376\377\0005\000.\0002\0009\000.\0001\000.\0006\000\040\000v\000i\000t\000t\000o\000r\000i\000e\000\137\000b\000o\000t}{subsection.5.29.1}% 660
\BOOKMARK [3][-]{subsubsection.5.29.1.7}{\376\377\0005\000.\0002\0009\000.\0001\000.\0007\000\040\000v\000i\000t\000t\000o\000r\000i\000e\000\137\000g\000i\000o\000c\000a\000t\000o\000r\000e}{subsection.5.29.1}% 661
\BOOKMARK [1][-]{section.5.30}{\376\377\0005\000.\0003\0000\000\040\000L\000i\000s\000t\000a\000C\000a\000r\000t\000e\000\040\000S\000t\000r\000u\000c\000t\000\040\000R\000e\000f\000e\000r\000e\000n\000c\000e}{chapter.5}% 662
\BOOKMARK [2][-]{subsection.5.30.1}{\376\377\0005\000.\0003\0000\000.\0001\000\040\000D\000e\000t\000a\000i\000l\000e\000d\000\040\000D\000e\000s\000c\000r\000i\000p\000t\000i\000o\000n}{section.5.30}% 663
\BOOKMARK [2][-]{subsection.5.30.2}{\376\377\0005\000.\0003\0000\000.\0002\000\040\000F\000i\000e\000l\000d\000\040\000D\000o\000c\000u\000m\000e\000n\000t\000a\000t\000i\000o\000n}{section.5.30}% 664
\BOOKMARK [3][-]{subsubsection.5.30.2.1}{\376\377\0005\000.\0003\0000\000.\0002\000.\0001\000\040\000c\000o\000d\000a}{subsection.5.30.2}% 665
\BOOKMARK [3][-]{subsubsection.5.30.2.2}{\376\377\0005\000.\0003\0000\000.\0002\000.\0002\000\040\000l\000u\000n\000g\000h\000e\000z\000z\000a}{subsection.5.30.2}% 666
\BOOKMARK [3][-]{subsubsection.5.30.2.3}{\376\377\0005\000.\0003\0000\000.\0002\000.\0003\000\040\000t\000e\000s\000t\000a}{subsection.5.30.2}% 667
\BOOKMARK [1][-]{section.5.31}{\376\377\0005\000.\0003\0001\000\040\000M\000a\000t\000e\000r\000i\000a\000l\000\040\000S\000t\000r\000u\000c\000t\000\040\000R\000e\000f\000e\000r\000e\000n\000c\000e}{chapter.5}% 668
\BOOKMARK [2][-]{subsection.5.31.1}{\376\377\0005\000.\0003\0001\000.\0001\000\040\000F\000i\000e\000l\000d\000\040\000D\000o\000c\000u\000m\000e\000n\000t\000a\000t\000i\000o\000n}{section.5.31}% 669
\BOOKMARK [3][-]{subsubsection.5.31.1.1}{\376\377\0005\000.\0003\0001\000.\0001\000.\0001\000\040\000m\000a\000p\000s}{subsection.5.31.1}% 670
\BOOKMARK [3][-]{subsubsection.5.31.1.2}{\376\377\0005\000.\0003\0001\000.\0001\000.\0002\000\040\000p\000a\000r\000a\000m\000s}{subsection.5.31.1}% 671
\BOOKMARK [3][-]{subsubsection.5.31.1.3}{\376\377\0005\000.\0003\0001\000.\0001\000.\0003\000\040\000s\000h\000a\000d\000e\000r}{subsection.5.31.1}% 672
\BOOKMARK [1][-]{section.5.32}{\376\377\0005\000.\0003\0002\000\040\000M\000a\000t\000e\000r\000i\000a\000l\000M\000a\000p\000\040\000S\000t\000r\000u\000c\000t\000\040\000R\000e\000f\000e\000r\000e\000n\000c\000e}{chapter.5}% 673
\BOOKMARK [2][-]{subsection.5.32.1}{\376\377\0005\000.\0003\0002\000.\0001\000\040\000F\000i\000e\000l\000d\000\040\000D\000o\000c\000u\000m\000e\000n\000t\000a\000t\000i\000o\000n}{section.5.32}% 674
\BOOKMARK [3][-]{subsubsection.5.32.1.1}{\376\377\0005\000.\0003\0002\000.\0001\000.\0001\000\040\000c\000o\000l\000o\000r}{subsection.5.32.1}% 675
\BOOKMARK [3][-]{subsubsection.5.32.1.2}{\376\377\0005\000.\0003\0002\000.\0001\000.\0002\000\040\000t\000e\000x\000t\000u\000r\000e}{subsection.5.32.1}% 676
\BOOKMARK [3][-]{subsubsection.5.32.1.3}{\376\377\0005\000.\0003\0002\000.\0001\000.\0003\000\040\000v\000a\000l\000u\000e}{subsection.5.32.1}% 677
\BOOKMARK [1][-]{section.5.33}{\376\377\0005\000.\0003\0003\000\040\000M\000a\000t\000r\000i\000x\000\040\000S\000t\000r\000u\000c\000t\000\040\000R\000e\000f\000e\000r\000e\000n\000c\000e}{chapter.5}% 678
\BOOKMARK [2][-]{subsection.5.33.1}{\376\377\0005\000.\0003\0003\000.\0001\000\040\000F\000i\000e\000l\000d\000\040\000D\000o\000c\000u\000m\000e\000n\000t\000a\000t\000i\000o\000n}{section.5.33}% 679
\BOOKMARK [3][-]{subsubsection.5.33.1.1}{\376\377\0005\000.\0003\0003\000.\0001\000.\0001\000\040\000m\0000}{subsection.5.33.1}% 680
\BOOKMARK [3][-]{subsubsection.5.33.1.2}{\376\377\0005\000.\0003\0003\000.\0001\000.\0002\000\040\000m\0001}{subsection.5.33.1}% 681
\BOOKMARK [3][-]{subsubsection.5.33.1.3}{\376\377\0005\000.\0003\0003\000.\0001\000.\0003\000\040\000m\0001\0000}{subsection.5.33.1}% 682
\BOOKMARK [3][-]{subsubsection.5.33.1.4}{\376\377\0005\000.\0003\0003\000.\0001\000.\0004\000\040\000m\0001\0001}{subsection.5.33.1}% 683
\BOOKMARK [3][-]{subsubsection.5.33.1.5}{\376\377\0005\000.\0003\0003\000.\0001\000.\0005\000\040\000m\0001\0002}{subsection.5.33.1}% 684
\BOOKMARK [3][-]{subsubsection.5.33.1.6}{\376\377\0005\000.\0003\0003\000.\0001\000.\0006\000\040\000m\0001\0003}{subsection.5.33.1}% 685
\BOOKMARK [3][-]{subsubsection.5.33.1.7}{\376\377\0005\000.\0003\0003\000.\0001\000.\0007\000\040\000m\0001\0004}{subsection.5.33.1}% 686
\BOOKMARK [3][-]{subsubsection.5.33.1.8}{\376\377\0005\000.\0003\0003\000.\0001\000.\0008\000\040\000m\0001\0005}{subsection.5.33.1}% 687
\BOOKMARK [3][-]{subsubsection.5.33.1.9}{\376\377\0005\000.\0003\0003\000.\0001\000.\0009\000\040\000m\0002}{subsection.5.33.1}% 688
\BOOKMARK [3][-]{subsubsection.5.33.1.10}{\376\377\0005\000.\0003\0003\000.\0001\000.\0001\0000\000\040\000m\0003}{subsection.5.33.1}% 689
\BOOKMARK [3][-]{subsubsection.5.33.1.11}{\376\377\0005\000.\0003\0003\000.\0001\000.\0001\0001\000\040\000m\0004}{subsection.5.33.1}% 690
\BOOKMARK [3][-]{subsubsection.5.33.1.12}{\376\377\0005\000.\0003\0003\000.\0001\000.\0001\0002\000\040\000m\0005}{subsection.5.33.1}% 691
\BOOKMARK [3][-]{subsubsection.5.33.1.13}{\376\377\0005\000.\0003\0003\000.\0001\000.\0001\0003\000\040\000m\0006}{subsection.5.33.1}% 692
\BOOKMARK [3][-]{subsubsection.5.33.1.14}{\376\377\0005\000.\0003\0003\000.\0001\000.\0001\0004\000\040\000m\0007}{subsection.5.33.1}% 693
\BOOKMARK [3][-]{subsubsection.5.33.1.15}{\376\377\0005\000.\0003\0003\000.\0001\000.\0001\0005\000\040\000m\0008}{subsection.5.33.1}% 694
\BOOKMARK [3][-]{subsubsection.5.33.1.16}{\376\377\0005\000.\0003\0003\000.\0001\000.\0001\0006\000\040\000m\0009}{subsection.5.33.1}% 695
\BOOKMARK [1][-]{section.5.34}{\376\377\0005\000.\0003\0004\000\040\000M\000e\000s\000h\000\040\000S\000t\000r\000u\000c\000t\000\040\000R\000e\000f\000e\000r\000e\000n\000c\000e}{chapter.5}% 696
\BOOKMARK [2][-]{subsection.5.34.1}{\376\377\0005\000.\0003\0004\000.\0001\000\040\000F\000i\000e\000l\000d\000\040\000D\000o\000c\000u\000m\000e\000n\000t\000a\000t\000i\000o\000n}{section.5.34}% 697
\BOOKMARK [3][-]{subsubsection.5.34.1.1}{\376\377\0005\000.\0003\0004\000.\0001\000.\0001\000\040\000a\000n\000i\000m\000N\000o\000r\000m\000a\000l\000s}{subsection.5.34.1}% 698
\BOOKMARK [3][-]{subsubsection.5.34.1.2}{\376\377\0005\000.\0003\0004\000.\0001\000.\0002\000\040\000a\000n\000i\000m\000V\000e\000r\000t\000i\000c\000e\000s}{subsection.5.34.1}% 699
\BOOKMARK [3][-]{subsubsection.5.34.1.3}{\376\377\0005\000.\0003\0004\000.\0001\000.\0003\000\040\000b\000o\000n\000e\000C\000o\000u\000n\000t}{subsection.5.34.1}% 700
\BOOKMARK [3][-]{subsubsection.5.34.1.4}{\376\377\0005\000.\0003\0004\000.\0001\000.\0004\000\040\000b\000o\000n\000e\000I\000n\000d\000i\000c\000e\000s}{subsection.5.34.1}% 701
\BOOKMARK [3][-]{subsubsection.5.34.1.5}{\376\377\0005\000.\0003\0004\000.\0001\000.\0005\000\040\000b\000o\000n\000e\000W\000e\000i\000g\000h\000t\000s}{subsection.5.34.1}% 702
\BOOKMARK [3][-]{subsubsection.5.34.1.6}{\376\377\0005\000.\0003\0004\000.\0001\000.\0006\000\040\000c\000o\000l\000o\000r\000s}{subsection.5.34.1}% 703
\BOOKMARK [3][-]{subsubsection.5.34.1.7}{\376\377\0005\000.\0003\0004\000.\0001\000.\0007\000\040\000i\000n\000d\000i\000c\000e\000s}{subsection.5.34.1}% 704
\BOOKMARK [3][-]{subsubsection.5.34.1.8}{\376\377\0005\000.\0003\0004\000.\0001\000.\0008\000\040\000n\000o\000r\000m\000a\000l\000s}{subsection.5.34.1}% 705
\BOOKMARK [3][-]{subsubsection.5.34.1.9}{\376\377\0005\000.\0003\0004\000.\0001\000.\0009\000\040\000t\000a\000n\000g\000e\000n\000t\000s}{subsection.5.34.1}% 706
\BOOKMARK [3][-]{subsubsection.5.34.1.10}{\376\377\0005\000.\0003\0004\000.\0001\000.\0001\0000\000\040\000t\000e\000x\000c\000o\000o\000r\000d\000s}{subsection.5.34.1}% 707
\BOOKMARK [3][-]{subsubsection.5.34.1.11}{\376\377\0005\000.\0003\0004\000.\0001\000.\0001\0001\000\040\000t\000e\000x\000c\000o\000o\000r\000d\000s\0002}{subsection.5.34.1}% 708
\BOOKMARK [3][-]{subsubsection.5.34.1.12}{\376\377\0005\000.\0003\0004\000.\0001\000.\0001\0002\000\040\000t\000r\000i\000a\000n\000g\000l\000e\000C\000o\000u\000n\000t}{subsection.5.34.1}% 709
\BOOKMARK [3][-]{subsubsection.5.34.1.13}{\376\377\0005\000.\0003\0004\000.\0001\000.\0001\0003\000\040\000v\000a\000o\000I\000d}{subsection.5.34.1}% 710
\BOOKMARK [3][-]{subsubsection.5.34.1.14}{\376\377\0005\000.\0003\0004\000.\0001\000.\0001\0004\000\040\000v\000b\000o\000I\000d}{subsection.5.34.1}% 711
\BOOKMARK [3][-]{subsubsection.5.34.1.15}{\376\377\0005\000.\0003\0004\000.\0001\000.\0001\0005\000\040\000v\000e\000r\000t\000e\000x\000C\000o\000u\000n\000t}{subsection.5.34.1}% 712
\BOOKMARK [3][-]{subsubsection.5.34.1.16}{\376\377\0005\000.\0003\0004\000.\0001\000.\0001\0006\000\040\000v\000e\000r\000t\000i\000c\000e\000s}{subsection.5.34.1}% 713
\BOOKMARK [1][-]{section.5.35}{\376\377\0005\000.\0003\0005\000\040\000M\000e\000s\000s\000a\000g\000g\000i\000o\000C\000h\000a\000t\000\040\000S\000t\000r\000u\000c\000t\000\040\000R\000e\000f\000e\000r\000e\000n\000c\000e}{chapter.5}% 714
\BOOKMARK [2][-]{subsection.5.35.1}{\376\377\0005\000.\0003\0005\000.\0001\000\040\000D\000e\000t\000a\000i\000l\000e\000d\000\040\000D\000e\000s\000c\000r\000i\000p\000t\000i\000o\000n}{section.5.35}% 715
\BOOKMARK [2][-]{subsection.5.35.2}{\376\377\0005\000.\0003\0005\000.\0002\000\040\000F\000i\000e\000l\000d\000\040\000D\000o\000c\000u\000m\000e\000n\000t\000a\000t\000i\000o\000n}{section.5.35}% 716
\BOOKMARK [3][-]{subsubsection.5.35.2.1}{\376\377\0005\000.\0003\0005\000.\0002\000.\0001\000\040\000m\000i\000t\000t\000e\000n\000t\000e}{subsection.5.35.2}% 717
\BOOKMARK [3][-]{subsubsection.5.35.2.2}{\376\377\0005\000.\0003\0005\000.\0002\000.\0002\000\040\000o\000r\000a\000r\000i\000o}{subsection.5.35.2}% 718
\BOOKMARK [3][-]{subsubsection.5.35.2.3}{\376\377\0005\000.\0003\0005\000.\0002\000.\0003\000\040\000t\000e\000s\000t\000o}{subsection.5.35.2}% 719
\BOOKMARK [1][-]{section.5.36}{\376\377\0005\000.\0003\0006\000\040\000M\000o\000d\000e\000l\000\040\000S\000t\000r\000u\000c\000t\000\040\000R\000e\000f\000e\000r\000e\000n\000c\000e}{chapter.5}% 720
\BOOKMARK [2][-]{subsection.5.36.1}{\376\377\0005\000.\0003\0006\000.\0001\000\040\000F\000i\000e\000l\000d\000\040\000D\000o\000c\000u\000m\000e\000n\000t\000a\000t\000i\000o\000n}{section.5.36}% 721
\BOOKMARK [3][-]{subsubsection.5.36.1.1}{\376\377\0005\000.\0003\0006\000.\0001\000.\0001\000\040\000b\000o\000n\000e\000M\000a\000t\000r\000i\000c\000e\000s}{subsection.5.36.1}% 722
\BOOKMARK [3][-]{subsubsection.5.36.1.2}{\376\377\0005\000.\0003\0006\000.\0001\000.\0002\000\040\000c\000u\000r\000r\000e\000n\000t\000P\000o\000s\000e}{subsection.5.36.1}% 723
\BOOKMARK [3][-]{subsubsection.5.36.1.3}{\376\377\0005\000.\0003\0006\000.\0001\000.\0003\000\040\000m\000a\000t\000e\000r\000i\000a\000l\000C\000o\000u\000n\000t}{subsection.5.36.1}% 724
\BOOKMARK [3][-]{subsubsection.5.36.1.4}{\376\377\0005\000.\0003\0006\000.\0001\000.\0004\000\040\000m\000a\000t\000e\000r\000i\000a\000l\000s}{subsection.5.36.1}% 725
\BOOKMARK [3][-]{subsubsection.5.36.1.5}{\376\377\0005\000.\0003\0006\000.\0001\000.\0005\000\040\000m\000e\000s\000h\000C\000o\000u\000n\000t}{subsection.5.36.1}% 726
\BOOKMARK [3][-]{subsubsection.5.36.1.6}{\376\377\0005\000.\0003\0006\000.\0001\000.\0006\000\040\000m\000e\000s\000h\000e\000s}{subsection.5.36.1}% 727
\BOOKMARK [3][-]{subsubsection.5.36.1.7}{\376\377\0005\000.\0003\0006\000.\0001\000.\0007\000\040\000m\000e\000s\000h\000M\000a\000t\000e\000r\000i\000a\000l}{subsection.5.36.1}% 728
\BOOKMARK [3][-]{subsubsection.5.36.1.8}{\376\377\0005\000.\0003\0006\000.\0001\000.\0008\000\040\000s\000k\000e\000l\000e\000t\000o\000n}{subsection.5.36.1}% 729
\BOOKMARK [3][-]{subsubsection.5.36.1.9}{\376\377\0005\000.\0003\0006\000.\0001\000.\0009\000\040\000t\000r\000a\000n\000s\000f\000o\000r\000m}{subsection.5.36.1}% 730
\BOOKMARK [1][-]{section.5.37}{\376\377\0005\000.\0003\0007\000\040\000M\000o\000d\000e\000l\000A\000n\000i\000m\000a\000t\000i\000o\000n\000\040\000S\000t\000r\000u\000c\000t\000\040\000R\000e\000f\000e\000r\000e\000n\000c\000e}{chapter.5}% 731
\BOOKMARK [2][-]{subsection.5.37.1}{\376\377\0005\000.\0003\0007\000.\0001\000\040\000F\000i\000e\000l\000d\000\040\000D\000o\000c\000u\000m\000e\000n\000t\000a\000t\000i\000o\000n}{section.5.37}% 732
\BOOKMARK [3][-]{subsubsection.5.37.1.1}{\376\377\0005\000.\0003\0007\000.\0001\000.\0001\000\040\000b\000o\000n\000e\000C\000o\000u\000n\000t}{subsection.5.37.1}% 733
\BOOKMARK [3][-]{subsubsection.5.37.1.2}{\376\377\0005\000.\0003\0007\000.\0001\000.\0002\000\040\000k\000e\000y\000f\000r\000a\000m\000e\000C\000o\000u\000n\000t}{subsection.5.37.1}% 734
\BOOKMARK [3][-]{subsubsection.5.37.1.3}{\376\377\0005\000.\0003\0007\000.\0001\000.\0003\000\040\000k\000e\000y\000f\000r\000a\000m\000e\000P\000o\000s\000e\000s}{subsection.5.37.1}% 735
\BOOKMARK [3][-]{subsubsection.5.37.1.4}{\376\377\0005\000.\0003\0007\000.\0001\000.\0004\000\040\000n\000a\000m\000e}{subsection.5.37.1}% 736
\BOOKMARK [1][-]{section.5.38}{\376\377\0005\000.\0003\0008\000\040\000M\000o\000d\000e\000l\000S\000k\000e\000l\000e\000t\000o\000n\000\040\000S\000t\000r\000u\000c\000t\000\040\000R\000e\000f\000e\000r\000e\000n\000c\000e}{chapter.5}% 737
\BOOKMARK [2][-]{subsection.5.38.1}{\376\377\0005\000.\0003\0008\000.\0001\000\040\000F\000i\000e\000l\000d\000\040\000D\000o\000c\000u\000m\000e\000n\000t\000a\000t\000i\000o\000n}{section.5.38}% 738
\BOOKMARK [3][-]{subsubsection.5.38.1.1}{\376\377\0005\000.\0003\0008\000.\0001\000.\0001\000\040\000b\000i\000n\000d\000P\000o\000s\000e}{subsection.5.38.1}% 739
\BOOKMARK [3][-]{subsubsection.5.38.1.2}{\376\377\0005\000.\0003\0008\000.\0001\000.\0002\000\040\000b\000o\000n\000e\000C\000o\000u\000n\000t}{subsection.5.38.1}% 740
\BOOKMARK [3][-]{subsubsection.5.38.1.3}{\376\377\0005\000.\0003\0008\000.\0001\000.\0003\000\040\000b\000o\000n\000e\000s}{subsection.5.38.1}% 741
\BOOKMARK [1][-]{section.5.39}{\376\377\0005\000.\0003\0009\000\040\000M\000u\000s\000i\000c\000\040\000S\000t\000r\000u\000c\000t\000\040\000R\000e\000f\000e\000r\000e\000n\000c\000e}{chapter.5}% 742
\BOOKMARK [2][-]{subsection.5.39.1}{\376\377\0005\000.\0003\0009\000.\0001\000\040\000F\000i\000e\000l\000d\000\040\000D\000o\000c\000u\000m\000e\000n\000t\000a\000t\000i\000o\000n}{section.5.39}% 743
\BOOKMARK [3][-]{subsubsection.5.39.1.1}{\376\377\0005\000.\0003\0009\000.\0001\000.\0001\000\040\000c\000t\000x\000D\000a\000t\000a}{subsection.5.39.1}% 744
\BOOKMARK [3][-]{subsubsection.5.39.1.2}{\376\377\0005\000.\0003\0009\000.\0001\000.\0002\000\040\000c\000t\000x\000T\000y\000p\000e}{subsection.5.39.1}% 745
\BOOKMARK [3][-]{subsubsection.5.39.1.3}{\376\377\0005\000.\0003\0009\000.\0001\000.\0003\000\040\000f\000r\000a\000m\000e\000C\000o\000u\000n\000t}{subsection.5.39.1}% 746
\BOOKMARK [3][-]{subsubsection.5.39.1.4}{\376\377\0005\000.\0003\0009\000.\0001\000.\0004\000\040\000l\000o\000o\000p\000i\000n\000g}{subsection.5.39.1}% 747
\BOOKMARK [3][-]{subsubsection.5.39.1.5}{\376\377\0005\000.\0003\0009\000.\0001\000.\0005\000\040\000s\000t\000r\000e\000a\000m}{subsection.5.39.1}% 748
\BOOKMARK [1][-]{section.5.40}{\376\377\0005\000.\0004\0000\000\040\000N\000e\000t\000P\000a\000c\000k\000e\000t\000\040\000S\000t\000r\000u\000c\000t\000\040\000R\000e\000f\000e\000r\000e\000n\000c\000e}{chapter.5}% 749
\BOOKMARK [1][-]{section.5.41}{\376\377\0005\000.\0004\0001\000\040\000N\000o\000d\000o\000A\000l\000b\000e\000r\000o\000\040\000S\000t\000r\000u\000c\000t\000\040\000R\000e\000f\000e\000r\000e\000n\000c\000e}{chapter.5}% 750
\BOOKMARK [2][-]{subsection.5.41.1}{\376\377\0005\000.\0004\0001\000.\0001\000\040\000D\000e\000t\000a\000i\000l\000e\000d\000\040\000D\000e\000s\000c\000r\000i\000p\000t\000i\000o\000n}{section.5.41}% 751
\BOOKMARK [2][-]{subsection.5.41.2}{\376\377\0005\000.\0004\0001\000.\0002\000\040\000F\000i\000e\000l\000d\000\040\000D\000o\000c\000u\000m\000e\000n\000t\000a\000t\000i\000o\000n}{section.5.41}% 752
\BOOKMARK [3][-]{subsubsection.5.41.2.1}{\376\377\0005\000.\0004\0001\000.\0002\000.\0001\000\040\000l\000e\000f\000t}{subsection.5.41.2}% 753
\BOOKMARK [3][-]{subsubsection.5.41.2.2}{\376\377\0005\000.\0004\0001\000.\0002\000.\0002\000\040\000r\000i\000g\000h\000t}{subsection.5.41.2}% 754
\BOOKMARK [3][-]{subsubsection.5.41.2.3}{\376\377\0005\000.\0004\0001\000.\0002\000.\0003\000\040\000u\000t\000e\000n\000t\000e}{subsection.5.41.2}% 755
\BOOKMARK [1][-]{section.5.42}{\376\377\0005\000.\0004\0002\000\040\000N\000o\000d\000o\000C\000a\000r\000t\000a\000\040\000S\000t\000r\000u\000c\000t\000\040\000R\000e\000f\000e\000r\000e\000n\000c\000e}{chapter.5}% 756
\BOOKMARK [2][-]{subsection.5.42.1}{\376\377\0005\000.\0004\0002\000.\0001\000\040\000D\000e\000t\000a\000i\000l\000e\000d\000\040\000D\000e\000s\000c\000r\000i\000p\000t\000i\000o\000n}{section.5.42}% 757
\BOOKMARK [2][-]{subsection.5.42.2}{\376\377\0005\000.\0004\0002\000.\0002\000\040\000F\000i\000e\000l\000d\000\040\000D\000o\000c\000u\000m\000e\000n\000t\000a\000t\000i\000o\000n}{section.5.42}% 758
\BOOKMARK [3][-]{subsubsection.5.42.2.1}{\376\377\0005\000.\0004\0002\000.\0002\000.\0001\000\040\000c\000a\000r\000t\000a}{subsection.5.42.2}% 759
\BOOKMARK [3][-]{subsubsection.5.42.2.2}{\376\377\0005\000.\0004\0002\000.\0002\000.\0002\000\040\000p\000r\000e\000v}{subsection.5.42.2}% 760
\BOOKMARK [3][-]{subsubsection.5.42.2.3}{\376\377\0005\000.\0004\0002\000.\0002\000.\0003\000\040\000p\000r\000o\000s\000s\000i\000m\000o}{subsection.5.42.2}% 761
\BOOKMARK [1][-]{section.5.43}{\376\377\0005\000.\0004\0003\000\040\000N\000o\000d\000o\000C\000o\000d\000a\000\040\000S\000t\000r\000u\000c\000t\000\040\000R\000e\000f\000e\000r\000e\000n\000c\000e}{chapter.5}% 762
\BOOKMARK [2][-]{subsection.5.43.1}{\376\377\0005\000.\0004\0003\000.\0001\000\040\000D\000e\000t\000a\000i\000l\000e\000d\000\040\000D\000e\000s\000c\000r\000i\000p\000t\000i\000o\000n}{section.5.43}% 763
\BOOKMARK [2][-]{subsection.5.43.2}{\376\377\0005\000.\0004\0003\000.\0002\000\040\000F\000i\000e\000l\000d\000\040\000D\000o\000c\000u\000m\000e\000n\000t\000a\000t\000i\000o\000n}{section.5.43}% 764
\BOOKMARK [3][-]{subsubsection.5.43.2.1}{\376\377\0005\000.\0004\0003\000.\0002\000.\0001\000\040\000g\000i\000o\000c\000a\000t\000o\000r\000e}{subsection.5.43.2}% 765
\BOOKMARK [3][-]{subsubsection.5.43.2.2}{\376\377\0005\000.\0004\0003\000.\0002\000.\0002\000\040\000n\000e\000x\000t}{subsection.5.43.2}% 766
\BOOKMARK [3][-]{subsubsection.5.43.2.3}{\376\377\0005\000.\0004\0003\000.\0002\000.\0003\000\040\000p\000r\000e\000v}{subsection.5.43.2}% 767
\BOOKMARK [1][-]{section.5.44}{\376\377\0005\000.\0004\0004\000\040\000N\000o\000d\000o\000D\000e\000c\000i\000s\000i\000o\000n\000e\000\040\000S\000t\000r\000u\000c\000t\000\040\000R\000e\000f\000e\000r\000e\000n\000c\000e}{chapter.5}% 768
\BOOKMARK [2][-]{subsection.5.44.1}{\376\377\0005\000.\0004\0004\000.\0001\000\040\000D\000e\000t\000a\000i\000l\000e\000d\000\040\000D\000e\000s\000c\000r\000i\000p\000t\000i\000o\000n}{section.5.44}% 769
\BOOKMARK [2][-]{subsection.5.44.2}{\376\377\0005\000.\0004\0004\000.\0002\000\040\000F\000i\000e\000l\000d\000\040\000D\000o\000c\000u\000m\000e\000n\000t\000a\000t\000i\000o\000n}{section.5.44}% 770
\BOOKMARK [3][-]{subsubsection.5.44.2.1}{\376\377\0005\000.\0004\0004\000.\0002\000.\0001\000\040\000a\000z\000i\000o\000n\000e}{subsection.5.44.2}% 771
\BOOKMARK [3][-]{subsubsection.5.44.2.2}{\376\377\0005\000.\0004\0004\000.\0002\000.\0002\000\040\000n\000o}{subsection.5.44.2}% 772
\BOOKMARK [3][-]{subsubsection.5.44.2.3}{\376\377\0005\000.\0004\0004\000.\0002\000.\0003\000\040\000p\000r\000i\000o\000r\000i\000t\000a}{subsection.5.44.2}% 773
\BOOKMARK [3][-]{subsubsection.5.44.2.4}{\376\377\0005\000.\0004\0004\000.\0002\000.\0004\000\040\000s\000i}{subsection.5.44.2}% 774
\BOOKMARK [1][-]{section.5.45}{\376\377\0005\000.\0004\0005\000\040\000N\000o\000d\000o\000P\000i\000l\000a\000\040\000S\000t\000r\000u\000c\000t\000\040\000R\000e\000f\000e\000r\000e\000n\000c\000e}{chapter.5}% 775
\BOOKMARK [2][-]{subsection.5.45.1}{\376\377\0005\000.\0004\0005\000.\0001\000\040\000D\000e\000t\000a\000i\000l\000e\000d\000\040\000D\000e\000s\000c\000r\000i\000p\000t\000i\000o\000n}{section.5.45}% 776
\BOOKMARK [2][-]{subsection.5.45.2}{\376\377\0005\000.\0004\0005\000.\0002\000\040\000F\000i\000e\000l\000d\000\040\000D\000o\000c\000u\000m\000e\000n\000t\000a\000t\000i\000o\000n}{section.5.45}% 777
\BOOKMARK [3][-]{subsubsection.5.45.2.1}{\376\377\0005\000.\0004\0005\000.\0002\000.\0001\000\040\000c\000a\000r\000t\000a}{subsection.5.45.2}% 778
\BOOKMARK [3][-]{subsubsection.5.45.2.2}{\376\377\0005\000.\0004\0005\000.\0002\000.\0002\000\040\000n\000e\000x\000t}{subsection.5.45.2}% 779
\BOOKMARK [1][-]{section.5.46}{\376\377\0005\000.\0004\0006\000\040\000N\000P\000a\000t\000c\000h\000I\000n\000f\000o\000\040\000S\000t\000r\000u\000c\000t\000\040\000R\000e\000f\000e\000r\000e\000n\000c\000e}{chapter.5}% 780
\BOOKMARK [2][-]{subsection.5.46.1}{\376\377\0005\000.\0004\0006\000.\0001\000\040\000F\000i\000e\000l\000d\000\040\000D\000o\000c\000u\000m\000e\000n\000t\000a\000t\000i\000o\000n}{section.5.46}% 781
\BOOKMARK [3][-]{subsubsection.5.46.1.1}{\376\377\0005\000.\0004\0006\000.\0001\000.\0001\000\040\000b\000o\000t\000t\000o\000m}{subsection.5.46.1}% 782
\BOOKMARK [3][-]{subsubsection.5.46.1.2}{\376\377\0005\000.\0004\0006\000.\0001\000.\0002\000\040\000l\000a\000y\000o\000u\000t}{subsection.5.46.1}% 783
\BOOKMARK [3][-]{subsubsection.5.46.1.3}{\376\377\0005\000.\0004\0006\000.\0001\000.\0003\000\040\000l\000e\000f\000t}{subsection.5.46.1}% 784
\BOOKMARK [3][-]{subsubsection.5.46.1.4}{\376\377\0005\000.\0004\0006\000.\0001\000.\0004\000\040\000r\000i\000g\000h\000t}{subsection.5.46.1}% 785
\BOOKMARK [3][-]{subsubsection.5.46.1.5}{\376\377\0005\000.\0004\0006\000.\0001\000.\0005\000\040\000s\000o\000u\000r\000c\000e}{subsection.5.46.1}% 786
\BOOKMARK [3][-]{subsubsection.5.46.1.6}{\376\377\0005\000.\0004\0006\000.\0001\000.\0006\000\040\000t\000o\000p}{subsection.5.46.1}% 787
\BOOKMARK [1][-]{section.5.47}{\376\377\0005\000.\0004\0007\000\040\000P\000a\000c\000k\000e\000t\000C\000h\000a\000t\000\040\000S\000t\000r\000u\000c\000t\000\040\000R\000e\000f\000e\000r\000e\000n\000c\000e}{chapter.5}% 788
\BOOKMARK [2][-]{subsection.5.47.1}{\376\377\0005\000.\0004\0007\000.\0001\000\040\000D\000e\000t\000a\000i\000l\000e\000d\000\040\000D\000e\000s\000c\000r\000i\000p\000t\000i\000o\000n}{section.5.47}% 789
\BOOKMARK [1][-]{section.5.48}{\376\377\0005\000.\0004\0008\000\040\000P\000a\000c\000k\000e\000t\000C\000o\000l\000o\000r\000C\000h\000o\000i\000c\000e\000\040\000S\000t\000r\000u\000c\000t\000\040\000R\000e\000f\000e\000r\000e\000n\000c\000e}{chapter.5}% 790
\BOOKMARK [2][-]{subsection.5.48.1}{\376\377\0005\000.\0004\0008\000.\0001\000\040\000D\000e\000t\000a\000i\000l\000e\000d\000\040\000D\000e\000s\000c\000r\000i\000p\000t\000i\000o\000n}{section.5.48}% 791
\BOOKMARK [1][-]{section.5.49}{\376\377\0005\000.\0004\0009\000\040\000P\000a\000c\000k\000e\000t\000C\000r\000e\000a\000t\000e\000S\000e\000s\000s\000i\000o\000n\000\040\000S\000t\000r\000u\000c\000t\000\040\000R\000e\000f\000e\000r\000e\000n\000c\000e}{chapter.5}% 792
\BOOKMARK [2][-]{subsection.5.49.1}{\376\377\0005\000.\0004\0009\000.\0001\000\040\000D\000e\000t\000a\000i\000l\000e\000d\000\040\000D\000e\000s\000c\000r\000i\000p\000t\000i\000o\000n}{section.5.49}% 793
\BOOKMARK [1][-]{section.5.50}{\376\377\0005\000.\0005\0000\000\040\000P\000a\000c\000k\000e\000t\000D\000r\000a\000w\000\040\000S\000t\000r\000u\000c\000t\000\040\000R\000e\000f\000e\000r\000e\000n\000c\000e}{chapter.5}% 794
\BOOKMARK [2][-]{subsection.5.50.1}{\376\377\0005\000.\0005\0000\000.\0001\000\040\000D\000e\000t\000a\000i\000l\000e\000d\000\040\000D\000e\000s\000c\000r\000i\000p\000t\000i\000o\000n}{section.5.50}% 795
\BOOKMARK [1][-]{section.5.51}{\376\377\0005\000.\0005\0001\000\040\000P\000a\000c\000k\000e\000t\000G\000a\000m\000e\000F\000i\000n\000i\000s\000h\000e\000d\000\040\000S\000t\000r\000u\000c\000t\000\040\000R\000e\000f\000e\000r\000e\000n\000c\000e}{chapter.5}% 796
\BOOKMARK [2][-]{subsection.5.51.1}{\376\377\0005\000.\0005\0001\000.\0001\000\040\000D\000e\000t\000a\000i\000l\000e\000d\000\040\000D\000e\000s\000c\000r\000i\000p\000t\000i\000o\000n}{section.5.51}% 797
\BOOKMARK [1][-]{section.5.52}{\376\377\0005\000.\0005\0002\000\040\000P\000a\000c\000k\000e\000t\000G\000a\000m\000e\000S\000t\000a\000t\000e\000\040\000S\000t\000r\000u\000c\000t\000\040\000R\000e\000f\000e\000r\000e\000n\000c\000e}{chapter.5}% 798
\BOOKMARK [2][-]{subsection.5.52.1}{\376\377\0005\000.\0005\0002\000.\0001\000\040\000D\000e\000t\000a\000i\000l\000e\000d\000\040\000D\000e\000s\000c\000r\000i\000p\000t\000i\000o\000n}{section.5.52}% 799
\BOOKMARK [1][-]{section.5.53}{\376\377\0005\000.\0005\0003\000\040\000P\000a\000c\000k\000e\000t\000H\000e\000a\000r\000t\000b\000e\000a\000t\000\040\000S\000t\000r\000u\000c\000t\000\040\000R\000e\000f\000e\000r\000e\000n\000c\000e}{chapter.5}% 800
\BOOKMARK [2][-]{subsection.5.53.1}{\376\377\0005\000.\0005\0003\000.\0001\000\040\000D\000e\000t\000a\000i\000l\000e\000d\000\040\000D\000e\000s\000c\000r\000i\000p\000t\000i\000o\000n}{section.5.53}% 801
\BOOKMARK [1][-]{section.5.54}{\376\377\0005\000.\0005\0004\000\040\000P\000a\000c\000k\000e\000t\000H\000o\000s\000t\000R\000e\000t\000u\000r\000n\000L\000o\000b\000b\000y\000\040\000S\000t\000r\000u\000c\000t\000\040\000R\000e\000f\000e\000r\000e\000n\000c\000e}{chapter.5}% 802
\BOOKMARK [2][-]{subsection.5.54.1}{\376\377\0005\000.\0005\0004\000.\0001\000\040\000D\000e\000t\000a\000i\000l\000e\000d\000\040\000D\000e\000s\000c\000r\000i\000p\000t\000i\000o\000n}{section.5.54}% 803
\BOOKMARK [1][-]{section.5.55}{\376\377\0005\000.\0005\0005\000\040\000P\000a\000c\000k\000e\000t\000J\000o\000i\000n\000G\000a\000m\000e\000\040\000S\000t\000r\000u\000c\000t\000\040\000R\000e\000f\000e\000r\000e\000n\000c\000e}{chapter.5}% 804
\BOOKMARK [2][-]{subsection.5.55.1}{\376\377\0005\000.\0005\0005\000.\0001\000\040\000D\000e\000t\000a\000i\000l\000e\000d\000\040\000D\000e\000s\000c\000r\000i\000p\000t\000i\000o\000n}{section.5.55}% 805
\BOOKMARK [1][-]{section.5.56}{\376\377\0005\000.\0005\0006\000\040\000P\000a\000c\000k\000e\000t\000J\000o\000i\000n\000R\000e\000j\000e\000c\000t\000e\000d\000\040\000S\000t\000r\000u\000c\000t\000\040\000R\000e\000f\000e\000r\000e\000n\000c\000e}{chapter.5}% 806
\BOOKMARK [2][-]{subsection.5.56.1}{\376\377\0005\000.\0005\0006\000.\0001\000\040\000D\000e\000t\000a\000i\000l\000e\000d\000\040\000D\000e\000s\000c\000r\000i\000p\000t\000i\000o\000n}{section.5.56}% 807
\BOOKMARK [1][-]{section.5.57}{\376\377\0005\000.\0005\0007\000\040\000P\000a\000c\000k\000e\000t\000J\000o\000i\000n\000S\000e\000s\000s\000i\000o\000n\000\040\000S\000t\000r\000u\000c\000t\000\040\000R\000e\000f\000e\000r\000e\000n\000c\000e}{chapter.5}% 808
\BOOKMARK [2][-]{subsection.5.57.1}{\376\377\0005\000.\0005\0007\000.\0001\000\040\000D\000e\000t\000a\000i\000l\000e\000d\000\040\000D\000e\000s\000c\000r\000i\000p\000t\000i\000o\000n}{section.5.57}% 809
\BOOKMARK [1][-]{section.5.58}{\376\377\0005\000.\0005\0008\000\040\000P\000a\000c\000k\000e\000t\000M\000o\000v\000e\000\040\000S\000t\000r\000u\000c\000t\000\040\000R\000e\000f\000e\000r\000e\000n\000c\000e}{chapter.5}% 810
\BOOKMARK [2][-]{subsection.5.58.1}{\376\377\0005\000.\0005\0008\000.\0001\000\040\000D\000e\000t\000a\000i\000l\000e\000d\000\040\000D\000e\000s\000c\000r\000i\000p\000t\000i\000o\000n}{section.5.58}% 811
\BOOKMARK [1][-]{section.5.59}{\376\377\0005\000.\0005\0009\000\040\000P\000a\000c\000k\000e\000t\000P\000l\000a\000y\000A\000g\000a\000i\000n\000\040\000S\000t\000r\000u\000c\000t\000\040\000R\000e\000f\000e\000r\000e\000n\000c\000e}{chapter.5}% 812
\BOOKMARK [2][-]{subsection.5.59.1}{\376\377\0005\000.\0005\0009\000.\0001\000\040\000D\000e\000t\000a\000i\000l\000e\000d\000\040\000D\000e\000s\000c\000r\000i\000p\000t\000i\000o\000n}{section.5.59}% 813
\BOOKMARK [1][-]{section.5.60}{\376\377\0005\000.\0006\0000\000\040\000P\000a\000c\000k\000e\000t\000P\000l\000a\000y\000e\000r\000H\000a\000n\000d\000\040\000S\000t\000r\000u\000c\000t\000\040\000R\000e\000f\000e\000r\000e\000n\000c\000e}{chapter.5}% 814
\BOOKMARK [2][-]{subsection.5.60.1}{\376\377\0005\000.\0006\0000\000.\0001\000\040\000D\000e\000t\000a\000i\000l\000e\000d\000\040\000D\000e\000s\000c\000r\000i\000p\000t\000i\000o\000n}{section.5.60}% 815
\BOOKMARK [1][-]{section.5.61}{\376\377\0005\000.\0006\0001\000\040\000P\000a\000c\000k\000e\000t\000P\000l\000a\000y\000e\000r\000R\000e\000a\000d\000y\000\040\000S\000t\000r\000u\000c\000t\000\040\000R\000e\000f\000e\000r\000e\000n\000c\000e}{chapter.5}% 816
\BOOKMARK [2][-]{subsection.5.61.1}{\376\377\0005\000.\0006\0001\000.\0001\000\040\000D\000e\000t\000a\000i\000l\000e\000d\000\040\000D\000e\000s\000c\000r\000i\000p\000t\000i\000o\000n}{section.5.61}% 817
\BOOKMARK [1][-]{section.5.62}{\376\377\0005\000.\0006\0002\000\040\000P\000a\000c\000k\000e\000t\000S\000e\000s\000s\000i\000o\000n\000L\000i\000s\000t\000\040\000S\000t\000r\000u\000c\000t\000\040\000R\000e\000f\000e\000r\000e\000n\000c\000e}{chapter.5}% 818
\BOOKMARK [2][-]{subsection.5.62.1}{\376\377\0005\000.\0006\0002\000.\0001\000\040\000D\000e\000t\000a\000i\000l\000e\000d\000\040\000D\000e\000s\000c\000r\000i\000p\000t\000i\000o\000n}{section.5.62}% 819
\BOOKMARK [1][-]{section.5.63}{\376\377\0005\000.\0006\0003\000\040\000P\000a\000c\000k\000e\000t\000S\000e\000s\000s\000i\000o\000n\000S\000t\000a\000t\000e\000\040\000S\000t\000r\000u\000c\000t\000\040\000R\000e\000f\000e\000r\000e\000n\000c\000e}{chapter.5}% 820
\BOOKMARK [2][-]{subsection.5.63.1}{\376\377\0005\000.\0006\0003\000.\0001\000\040\000D\000e\000t\000a\000i\000l\000e\000d\000\040\000D\000e\000s\000c\000r\000i\000p\000t\000i\000o\000n}{section.5.63}% 821
\BOOKMARK [1][-]{section.5.64}{\376\377\0005\000.\0006\0004\000\040\000P\000a\000r\000t\000i\000t\000a\000R\000e\000g\000i\000s\000t\000r\000a\000t\000a\000\040\000S\000t\000r\000u\000c\000t\000\040\000R\000e\000f\000e\000r\000e\000n\000c\000e}{chapter.5}% 822
\BOOKMARK [2][-]{subsection.5.64.1}{\376\377\0005\000.\0006\0004\000.\0001\000\040\000D\000e\000t\000a\000i\000l\000e\000d\000\040\000D\000e\000s\000c\000r\000i\000p\000t\000i\000o\000n}{section.5.64}% 823
\BOOKMARK [2][-]{subsection.5.64.2}{\376\377\0005\000.\0006\0004\000.\0002\000\040\000F\000i\000e\000l\000d\000\040\000D\000o\000c\000u\000m\000e\000n\000t\000a\000t\000i\000o\000n}{section.5.64}% 824
\BOOKMARK [3][-]{subsubsection.5.64.2.1}{\376\377\0005\000.\0006\0004\000.\0002\000.\0001\000\040\000d\000u\000r\000a\000t\000a\000\137\000s\000e\000c\000o\000n\000d\000i}{subsection.5.64.2}% 825
\BOOKMARK [3][-]{subsubsection.5.64.2.2}{\376\377\0005\000.\0006\0004\000.\0002\000.\0002\000\040\000e\000s\000i\000t\000o}{subsection.5.64.2}% 826
\BOOKMARK [3][-]{subsubsection.5.64.2.3}{\376\377\0005\000.\0006\0004\000.\0002\000.\0003\000\040\000m\000o\000d\000a\000l\000i\000t\000a}{subsection.5.64.2}% 827
\BOOKMARK [3][-]{subsubsection.5.64.2.4}{\376\377\0005\000.\0006\0004\000.\0002\000.\0004\000\040\000p\000o\000s\000i\000z\000i\000o\000n\000e}{subsection.5.64.2}% 828
\BOOKMARK [1][-]{section.5.65}{\376\377\0005\000.\0006\0005\000\040\000P\000i\000l\000a\000\040\000S\000t\000r\000u\000c\000t\000\040\000R\000e\000f\000e\000r\000e\000n\000c\000e}{chapter.5}% 829
\BOOKMARK [2][-]{subsection.5.65.1}{\376\377\0005\000.\0006\0005\000.\0001\000\040\000D\000e\000t\000a\000i\000l\000e\000d\000\040\000D\000e\000s\000c\000r\000i\000p\000t\000i\000o\000n}{section.5.65}% 830
\BOOKMARK [2][-]{subsection.5.65.2}{\376\377\0005\000.\0006\0005\000.\0002\000\040\000F\000i\000e\000l\000d\000\040\000D\000o\000c\000u\000m\000e\000n\000t\000a\000t\000i\000o\000n}{section.5.65}% 831
\BOOKMARK [3][-]{subsubsection.5.65.2.1}{\376\377\0005\000.\0006\0005\000.\0002\000.\0001\000\040\000s\000i\000z\000e}{subsection.5.65.2}% 832
\BOOKMARK [3][-]{subsubsection.5.65.2.2}{\376\377\0005\000.\0006\0005\000.\0002\000.\0002\000\040\000t\000o\000p}{subsection.5.65.2}% 833
\BOOKMARK [1][-]{section.5.66}{\376\377\0005\000.\0006\0006\000\040\000R\000a\000y\000\040\000S\000t\000r\000u\000c\000t\000\040\000R\000e\000f\000e\000r\000e\000n\000c\000e}{chapter.5}% 834
\BOOKMARK [2][-]{subsection.5.66.1}{\376\377\0005\000.\0006\0006\000.\0001\000\040\000F\000i\000e\000l\000d\000\040\000D\000o\000c\000u\000m\000e\000n\000t\000a\000t\000i\000o\000n}{section.5.66}% 835
\BOOKMARK [3][-]{subsubsection.5.66.1.1}{\376\377\0005\000.\0006\0006\000.\0001\000.\0001\000\040\000d\000i\000r\000e\000c\000t\000i\000o\000n}{subsection.5.66.1}% 836
\BOOKMARK [3][-]{subsubsection.5.66.1.2}{\376\377\0005\000.\0006\0006\000.\0001\000.\0002\000\040\000p\000o\000s\000i\000t\000i\000o\000n}{subsection.5.66.1}% 837
\BOOKMARK [1][-]{section.5.67}{\376\377\0005\000.\0006\0007\000\040\000R\000a\000y\000C\000o\000l\000l\000i\000s\000i\000o\000n\000\040\000S\000t\000r\000u\000c\000t\000\040\000R\000e\000f\000e\000r\000e\000n\000c\000e}{chapter.5}% 838
\BOOKMARK [2][-]{subsection.5.67.1}{\376\377\0005\000.\0006\0007\000.\0001\000\040\000F\000i\000e\000l\000d\000\040\000D\000o\000c\000u\000m\000e\000n\000t\000a\000t\000i\000o\000n}{section.5.67}% 839
\BOOKMARK [3][-]{subsubsection.5.67.1.1}{\376\377\0005\000.\0006\0007\000.\0001\000.\0001\000\040\000d\000i\000s\000t\000a\000n\000c\000e}{subsection.5.67.1}% 840
\BOOKMARK [3][-]{subsubsection.5.67.1.2}{\376\377\0005\000.\0006\0007\000.\0001\000.\0002\000\040\000h\000i\000t}{subsection.5.67.1}% 841
\BOOKMARK [3][-]{subsubsection.5.67.1.3}{\376\377\0005\000.\0006\0007\000.\0001\000.\0003\000\040\000n\000o\000r\000m\000a\000l}{subsection.5.67.1}% 842
\BOOKMARK [3][-]{subsubsection.5.67.1.4}{\376\377\0005\000.\0006\0007\000.\0001\000.\0004\000\040\000p\000o\000i\000n\000t}{subsection.5.67.1}% 843
\BOOKMARK [1][-]{section.5.68}{\376\377\0005\000.\0006\0008\000\040\000R\000e\000c\000t\000a\000n\000g\000l\000e\000\040\000S\000t\000r\000u\000c\000t\000\040\000R\000e\000f\000e\000r\000e\000n\000c\000e}{chapter.5}% 844
\BOOKMARK [2][-]{subsection.5.68.1}{\376\377\0005\000.\0006\0008\000.\0001\000\040\000F\000i\000e\000l\000d\000\040\000D\000o\000c\000u\000m\000e\000n\000t\000a\000t\000i\000o\000n}{section.5.68}% 845
\BOOKMARK [3][-]{subsubsection.5.68.1.1}{\376\377\0005\000.\0006\0008\000.\0001\000.\0001\000\040\000h\000e\000i\000g\000h\000t}{subsection.5.68.1}% 846
\BOOKMARK [3][-]{subsubsection.5.68.1.2}{\376\377\0005\000.\0006\0008\000.\0001\000.\0002\000\040\000w\000i\000d\000t\000h}{subsection.5.68.1}% 847
\BOOKMARK [3][-]{subsubsection.5.68.1.3}{\376\377\0005\000.\0006\0008\000.\0001\000.\0003\000\040\000x}{subsection.5.68.1}% 848
\BOOKMARK [3][-]{subsubsection.5.68.1.4}{\376\377\0005\000.\0006\0008\000.\0001\000.\0004\000\040\000y}{subsection.5.68.1}% 849
\BOOKMARK [1][-]{section.5.69}{\376\377\0005\000.\0006\0009\000\040\000R\000e\000n\000d\000e\000r\000T\000e\000x\000t\000u\000r\000e\000\040\000S\000t\000r\000u\000c\000t\000\040\000R\000e\000f\000e\000r\000e\000n\000c\000e}{chapter.5}% 850
\BOOKMARK [2][-]{subsection.5.69.1}{\376\377\0005\000.\0006\0009\000.\0001\000\040\000F\000i\000e\000l\000d\000\040\000D\000o\000c\000u\000m\000e\000n\000t\000a\000t\000i\000o\000n}{section.5.69}% 851
\BOOKMARK [3][-]{subsubsection.5.69.1.1}{\376\377\0005\000.\0006\0009\000.\0001\000.\0001\000\040\000d\000e\000p\000t\000h}{subsection.5.69.1}% 852
\BOOKMARK [3][-]{subsubsection.5.69.1.2}{\376\377\0005\000.\0006\0009\000.\0001\000.\0002\000\040\000i\000d}{subsection.5.69.1}% 853
\BOOKMARK [3][-]{subsubsection.5.69.1.3}{\376\377\0005\000.\0006\0009\000.\0001\000.\0003\000\040\000t\000e\000x\000t\000u\000r\000e}{subsection.5.69.1}% 854
\BOOKMARK [1][-]{section.5.70}{\376\377\0005\000.\0007\0000\000\040\000r\000l\000D\000r\000a\000w\000C\000a\000l\000l\000\040\000S\000t\000r\000u\000c\000t\000\040\000R\000e\000f\000e\000r\000e\000n\000c\000e}{chapter.5}% 855
\BOOKMARK [2][-]{subsection.5.70.1}{\376\377\0005\000.\0007\0000\000.\0001\000\040\000F\000i\000e\000l\000d\000\040\000D\000o\000c\000u\000m\000e\000n\000t\000a\000t\000i\000o\000n}{section.5.70}% 856
\BOOKMARK [3][-]{subsubsection.5.70.1.1}{\376\377\0005\000.\0007\0000\000.\0001\000.\0001\000\040\000m\000o\000d\000e}{subsection.5.70.1}% 857
\BOOKMARK [3][-]{subsubsection.5.70.1.2}{\376\377\0005\000.\0007\0000\000.\0001\000.\0002\000\040\000t\000e\000x\000t\000u\000r\000e\000I\000d}{subsection.5.70.1}% 858
\BOOKMARK [3][-]{subsubsection.5.70.1.3}{\376\377\0005\000.\0007\0000\000.\0001\000.\0003\000\040\000v\000e\000r\000t\000e\000x\000A\000l\000i\000g\000n\000m\000e\000n\000t}{subsection.5.70.1}% 859
\BOOKMARK [3][-]{subsubsection.5.70.1.4}{\376\377\0005\000.\0007\0000\000.\0001\000.\0004\000\040\000v\000e\000r\000t\000e\000x\000C\000o\000u\000n\000t}{subsection.5.70.1}% 860
\BOOKMARK [1][-]{section.5.71}{\376\377\0005\000.\0007\0001\000\040\000r\000l\000R\000e\000n\000d\000e\000r\000B\000a\000t\000c\000h\000\040\000S\000t\000r\000u\000c\000t\000\040\000R\000e\000f\000e\000r\000e\000n\000c\000e}{chapter.5}% 861
\BOOKMARK [2][-]{subsection.5.71.1}{\376\377\0005\000.\0007\0001\000.\0001\000\040\000F\000i\000e\000l\000d\000\040\000D\000o\000c\000u\000m\000e\000n\000t\000a\000t\000i\000o\000n}{section.5.71}% 862
\BOOKMARK [3][-]{subsubsection.5.71.1.1}{\376\377\0005\000.\0007\0001\000.\0001\000.\0001\000\040\000b\000u\000f\000f\000e\000r\000C\000o\000u\000n\000t}{subsection.5.71.1}% 863
\BOOKMARK [3][-]{subsubsection.5.71.1.2}{\376\377\0005\000.\0007\0001\000.\0001\000.\0002\000\040\000c\000u\000r\000r\000e\000n\000t\000B\000u\000f\000f\000e\000r}{subsection.5.71.1}% 864
\BOOKMARK [3][-]{subsubsection.5.71.1.3}{\376\377\0005\000.\0007\0001\000.\0001\000.\0003\000\040\000c\000u\000r\000r\000e\000n\000t\000D\000e\000p\000t\000h}{subsection.5.71.1}% 865
\BOOKMARK [3][-]{subsubsection.5.71.1.4}{\376\377\0005\000.\0007\0001\000.\0001\000.\0004\000\040\000d\000r\000a\000w\000C\000o\000u\000n\000t\000e\000r}{subsection.5.71.1}% 866
\BOOKMARK [3][-]{subsubsection.5.71.1.5}{\376\377\0005\000.\0007\0001\000.\0001\000.\0005\000\040\000d\000r\000a\000w\000s}{subsection.5.71.1}% 867
\BOOKMARK [3][-]{subsubsection.5.71.1.6}{\376\377\0005\000.\0007\0001\000.\0001\000.\0006\000\040\000v\000e\000r\000t\000e\000x\000B\000u\000f\000f\000e\000r}{subsection.5.71.1}% 868
\BOOKMARK [1][-]{section.5.72}{\376\377\0005\000.\0007\0002\000\040\000r\000l\000V\000e\000r\000t\000e\000x\000B\000u\000f\000f\000e\000r\000\040\000S\000t\000r\000u\000c\000t\000\040\000R\000e\000f\000e\000r\000e\000n\000c\000e}{chapter.5}% 869
\BOOKMARK [2][-]{subsection.5.72.1}{\376\377\0005\000.\0007\0002\000.\0001\000\040\000F\000i\000e\000l\000d\000\040\000D\000o\000c\000u\000m\000e\000n\000t\000a\000t\000i\000o\000n}{section.5.72}% 870
\BOOKMARK [3][-]{subsubsection.5.72.1.1}{\376\377\0005\000.\0007\0002\000.\0001\000.\0001\000\040\000c\000o\000l\000o\000r\000s}{subsection.5.72.1}% 871
\BOOKMARK [3][-]{subsubsection.5.72.1.2}{\376\377\0005\000.\0007\0002\000.\0001\000.\0002\000\040\000e\000l\000e\000m\000e\000n\000t\000C\000o\000u\000n\000t}{subsection.5.72.1}% 872
\BOOKMARK [3][-]{subsubsection.5.72.1.3}{\376\377\0005\000.\0007\0002\000.\0001\000.\0003\000\040\000i\000n\000d\000i\000c\000e\000s}{subsection.5.72.1}% 873
\BOOKMARK [3][-]{subsubsection.5.72.1.4}{\376\377\0005\000.\0007\0002\000.\0001\000.\0004\000\040\000n\000o\000r\000m\000a\000l\000s}{subsection.5.72.1}% 874
\BOOKMARK [3][-]{subsubsection.5.72.1.5}{\376\377\0005\000.\0007\0002\000.\0001\000.\0005\000\040\000t\000e\000x\000c\000o\000o\000r\000d\000s}{subsection.5.72.1}% 875
\BOOKMARK [3][-]{subsubsection.5.72.1.6}{\376\377\0005\000.\0007\0002\000.\0001\000.\0006\000\040\000v\000a\000o\000I\000d}{subsection.5.72.1}% 876
\BOOKMARK [3][-]{subsubsection.5.72.1.7}{\376\377\0005\000.\0007\0002\000.\0001\000.\0007\000\040\000v\000b\000o\000I\000d}{subsection.5.72.1}% 877
\BOOKMARK [3][-]{subsubsection.5.72.1.8}{\376\377\0005\000.\0007\0002\000.\0001\000.\0008\000\040\000v\000e\000r\000t\000i\000c\000e\000s}{subsection.5.72.1}% 878
\BOOKMARK [1][-]{section.5.73}{\376\377\0005\000.\0007\0003\000\040\000S\000a\000v\000e\000R\000e\000c\000e\000i\000v\000e\000r\000\040\000S\000t\000r\000u\000c\000t\000\040\000R\000e\000f\000e\000r\000e\000n\000c\000e}{chapter.5}% 879
\BOOKMARK [2][-]{subsection.5.73.1}{\376\377\0005\000.\0007\0003\000.\0001\000\040\000D\000e\000t\000a\000i\000l\000e\000d\000\040\000D\000e\000s\000c\000r\000i\000p\000t\000i\000o\000n}{section.5.73}% 880
\BOOKMARK [2][-]{subsection.5.73.2}{\376\377\0005\000.\0007\0003\000.\0002\000\040\000F\000i\000e\000l\000d\000\040\000D\000o\000c\000u\000m\000e\000n\000t\000a\000t\000i\000o\000n}{section.5.73}% 881
\BOOKMARK [3][-]{subsubsection.5.73.2.1}{\376\377\0005\000.\0007\0003\000.\0002\000.\0001\000\040\000a\000t\000t\000i\000v\000o}{subsection.5.73.2}% 882
\BOOKMARK [3][-]{subsubsection.5.73.2.2}{\376\377\0005\000.\0007\0003\000.\0002\000.\0002\000\040\000f\000i\000l\000e\000\137\000s\000i\000z\000e}{subsection.5.73.2}% 883
\BOOKMARK [3][-]{subsubsection.5.73.2.3}{\376\377\0005\000.\0007\0003\000.\0002\000.\0003\000\040\000f\000i\000l\000e\000d\000a\000t\000a}{subsection.5.73.2}% 884
\BOOKMARK [3][-]{subsubsection.5.73.2.4}{\376\377\0005\000.\0007\0003\000.\0002\000.\0004\000\040\000k\000e\000y}{subsection.5.73.2}% 885
\BOOKMARK [3][-]{subsubsection.5.73.2.5}{\376\377\0005\000.\0007\0003\000.\0002\000.\0005\000\040\000r\000i\000c\000e\000v\000u\000t\000i}{subsection.5.73.2}% 886
\BOOKMARK [3][-]{subsubsection.5.73.2.6}{\376\377\0005\000.\0007\0003\000.\0002\000.\0006\000\040\000t\000i\000m\000e\000r}{subsection.5.73.2}% 887
\BOOKMARK [3][-]{subsubsection.5.73.2.7}{\376\377\0005\000.\0007\0003\000.\0002\000.\0007\000\040\000t\000o\000t\000a\000l}{subsection.5.73.2}% 888
\BOOKMARK [1][-]{section.5.74}{\376\377\0005\000.\0007\0004\000\040\000S\000e\000r\000v\000e\000r\000M\000a\000n\000a\000g\000e\000r\000\040\000S\000t\000r\000u\000c\000t\000\040\000R\000e\000f\000e\000r\000e\000n\000c\000e}{chapter.5}% 889
\BOOKMARK [2][-]{subsection.5.74.1}{\376\377\0005\000.\0007\0004\000.\0001\000\040\000D\000e\000t\000a\000i\000l\000e\000d\000\040\000D\000e\000s\000c\000r\000i\000p\000t\000i\000o\000n}{section.5.74}% 890
\BOOKMARK [2][-]{subsection.5.74.2}{\376\377\0005\000.\0007\0004\000.\0002\000\040\000F\000i\000e\000l\000d\000\040\000D\000o\000c\000u\000m\000e\000n\000t\000a\000t\000i\000o\000n}{section.5.74}% 891
\BOOKMARK [3][-]{subsubsection.5.74.2.1}{\376\377\0005\000.\0007\0004\000.\0002\000.\0001\000\040\000f\000r\000a\000m\000e\000T\000i\000m\000e}{subsection.5.74.2}% 892
\BOOKMARK [3][-]{subsubsection.5.74.2.2}{\376\377\0005\000.\0007\0004\000.\0002\000.\0002\000\040\000n\000u\000m\000\137\000a\000c\000t\000i\000v\000e\000\137\000s\000e\000s\000s\000i\000o\000n\000s}{subsection.5.74.2}% 893
\BOOKMARK [3][-]{subsubsection.5.74.2.3}{\376\377\0005\000.\0007\0004\000.\0002\000.\0003\000\040\000s\000e\000s\000s\000i\000o\000n\000s}{subsection.5.74.2}% 894
\BOOKMARK [1][-]{section.5.75}{\376\377\0005\000.\0007\0005\000\040\000S\000e\000s\000s\000i\000o\000n\000P\000l\000a\000y\000e\000r\000\040\000S\000t\000r\000u\000c\000t\000\040\000R\000e\000f\000e\000r\000e\000n\000c\000e}{chapter.5}% 895
\BOOKMARK [2][-]{subsection.5.75.1}{\376\377\0005\000.\0007\0005\000.\0001\000\040\000D\000e\000t\000a\000i\000l\000e\000d\000\040\000D\000e\000s\000c\000r\000i\000p\000t\000i\000o\000n}{section.5.75}% 896
\BOOKMARK [2][-]{subsection.5.75.2}{\376\377\0005\000.\0007\0005\000.\0002\000\040\000F\000i\000e\000l\000d\000\040\000D\000o\000c\000u\000m\000e\000n\000t\000a\000t\000i\000o\000n}{section.5.75}% 897
\BOOKMARK [3][-]{subsubsection.5.75.2.1}{\376\377\0005\000.\0007\0005\000.\0002\000.\0001\000\040\000i\000s\000\137\000b\000o\000t}{subsection.5.75.2}% 898
\BOOKMARK [3][-]{subsubsection.5.75.2.2}{\376\377\0005\000.\0007\0005\000.\0002\000.\0002\000\040\000i\000s\000\137\000c\000o\000n\000n\000e\000c\000t\000e\000d}{subsection.5.75.2}% 899
\BOOKMARK [3][-]{subsubsection.5.75.2.3}{\376\377\0005\000.\0007\0005\000.\0002\000.\0003\000\040\000l\000a\000s\000t\000H\000e\000a\000r\000t\000b\000e\000a\000t}{subsection.5.75.2}% 900
\BOOKMARK [3][-]{subsubsection.5.75.2.4}{\376\377\0005\000.\0007\0005\000.\0002\000.\0004\000\040\000m\000a\000n\000o}{subsection.5.75.2}% 901
\BOOKMARK [3][-]{subsubsection.5.75.2.5}{\376\377\0005\000.\0007\0005\000.\0002\000.\0005\000\040\000n\000o\000m\000e}{subsection.5.75.2}% 902
\BOOKMARK [3][-]{subsubsection.5.75.2.6}{\376\377\0005\000.\0007\0005\000.\0002\000.\0006\000\040\000p\000l\000a\000y\000e\000r\000\137\000i\000d}{subsection.5.75.2}% 903
\BOOKMARK [1][-]{section.5.76}{\376\377\0005\000.\0007\0006\000\040\000S\000h\000a\000d\000e\000r\000\040\000S\000t\000r\000u\000c\000t\000\040\000R\000e\000f\000e\000r\000e\000n\000c\000e}{chapter.5}% 904
\BOOKMARK [2][-]{subsection.5.76.1}{\376\377\0005\000.\0007\0006\000.\0001\000\040\000F\000i\000e\000l\000d\000\040\000D\000o\000c\000u\000m\000e\000n\000t\000a\000t\000i\000o\000n}{section.5.76}% 905
\BOOKMARK [3][-]{subsubsection.5.76.1.1}{\376\377\0005\000.\0007\0006\000.\0001\000.\0001\000\040\000i\000d}{subsection.5.76.1}% 906
\BOOKMARK [3][-]{subsubsection.5.76.1.2}{\376\377\0005\000.\0007\0006\000.\0001\000.\0002\000\040\000l\000o\000c\000s}{subsection.5.76.1}% 907
\BOOKMARK [1][-]{section.5.77}{\376\377\0005\000.\0007\0007\000\040\000S\000o\000u\000n\000d\000\040\000S\000t\000r\000u\000c\000t\000\040\000R\000e\000f\000e\000r\000e\000n\000c\000e}{chapter.5}% 908
\BOOKMARK [2][-]{subsection.5.77.1}{\376\377\0005\000.\0007\0007\000.\0001\000\040\000F\000i\000e\000l\000d\000\040\000D\000o\000c\000u\000m\000e\000n\000t\000a\000t\000i\000o\000n}{section.5.77}% 909
\BOOKMARK [3][-]{subsubsection.5.77.1.1}{\376\377\0005\000.\0007\0007\000.\0001\000.\0001\000\040\000f\000r\000a\000m\000e\000C\000o\000u\000n\000t}{subsection.5.77.1}% 910
\BOOKMARK [3][-]{subsubsection.5.77.1.2}{\376\377\0005\000.\0007\0007\000.\0001\000.\0002\000\040\000s\000t\000r\000e\000a\000m}{subsection.5.77.1}% 911
\BOOKMARK [1][-]{section.5.78}{\376\377\0005\000.\0007\0008\000\040\000S\000t\000a\000t\000i\000s\000t\000i\000c\000h\000e\000\040\000S\000t\000r\000u\000c\000t\000\040\000R\000e\000f\000e\000r\000e\000n\000c\000e}{chapter.5}% 912
\BOOKMARK [2][-]{subsection.5.78.1}{\376\377\0005\000.\0007\0008\000.\0001\000\040\000D\000e\000t\000a\000i\000l\000e\000d\000\040\000D\000e\000s\000c\000r\000i\000p\000t\000i\000o\000n}{section.5.78}% 913
\BOOKMARK [2][-]{subsection.5.78.2}{\376\377\0005\000.\0007\0008\000.\0002\000\040\000F\000i\000e\000l\000d\000\040\000D\000o\000c\000u\000m\000e\000n\000t\000a\000t\000i\000o\000n}{section.5.78}% 914
\BOOKMARK [3][-]{subsubsection.5.78.2.1}{\376\377\0005\000.\0007\0008\000.\0002\000.\0001\000\040\000c\000o\000g\000n\000o\000m\000e}{subsection.5.78.2}% 915
\BOOKMARK [3][-]{subsubsection.5.78.2.2}{\376\377\0005\000.\0007\0008\000.\0002\000.\0002\000\040\000e\000m\000a\000i\000l}{subsection.5.78.2}% 916
\BOOKMARK [3][-]{subsubsection.5.78.2.3}{\376\377\0005\000.\0007\0008\000.\0002\000.\0003\000\040\000n\000o\000m\000e}{subsection.5.78.2}% 917
\BOOKMARK [3][-]{subsubsection.5.78.2.4}{\376\377\0005\000.\0007\0008\000.\0002\000.\0004\000\040\000p\000a\000r\000t\000i\000t\000e\000\137\000g\000i\000o\000c\000a\000t\000e}{subsection.5.78.2}% 918
\BOOKMARK [3][-]{subsubsection.5.78.2.5}{\376\377\0005\000.\0007\0008\000.\0002\000.\0005\000\040\000p\000a\000s\000s\000w\000o\000r\000d}{subsection.5.78.2}% 919
\BOOKMARK [3][-]{subsubsection.5.78.2.6}{\376\377\0005\000.\0007\0008\000.\0002\000.\0006\000\040\000p\000i\000n\000\137\000r\000e\000c\000u\000p\000e\000r\000o}{subsection.5.78.2}% 920
\BOOKMARK [3][-]{subsubsection.5.78.2.7}{\376\377\0005\000.\0007\0008\000.\0002\000.\0007\000\040\000s\000t\000o\000r\000i\000c\000o\000\137\000p\000a\000r\000t\000i\000t\000e}{subsection.5.78.2}% 921
\BOOKMARK [3][-]{subsubsection.5.78.2.8}{\376\377\0005\000.\0007\0008\000.\0002\000.\0008\000\040\000u\000s\000e\000r\000n\000a\000m\000e}{subsection.5.78.2}% 922
\BOOKMARK [3][-]{subsubsection.5.78.2.9}{\376\377\0005\000.\0007\0008\000.\0002\000.\0009\000\040\000v\000i\000t\000t\000o\000r\000i\000e\000\137\000b\000o\000t}{subsection.5.78.2}% 923
\BOOKMARK [3][-]{subsubsection.5.78.2.10}{\376\377\0005\000.\0007\0008\000.\0002\000.\0001\0000\000\040\000v\000i\000t\000t\000o\000r\000i\000e\000\137\000g\000i\000o\000c\000a\000t\000o\000r\000e}{subsection.5.78.2}% 924
\BOOKMARK [1][-]{section.5.79}{\376\377\0005\000.\0007\0009\000\040\000S\000t\000a\000t\000o\000G\000i\000o\000c\000o\000\040\000S\000t\000r\000u\000c\000t\000\040\000R\000e\000f\000e\000r\000e\000n\000c\000e}{chapter.5}% 925
\BOOKMARK [2][-]{subsection.5.79.1}{\376\377\0005\000.\0007\0009\000.\0001\000\040\000D\000e\000t\000a\000i\000l\000e\000d\000\040\000D\000e\000s\000c\000r\000i\000p\000t\000i\000o\000n}{section.5.79}% 926
\BOOKMARK [2][-]{subsection.5.79.2}{\376\377\0005\000.\0007\0009\000.\0002\000\040\000F\000i\000e\000l\000d\000\040\000D\000o\000c\000u\000m\000e\000n\000t\000a\000t\000i\000o\000n}{section.5.79}% 927
\BOOKMARK [3][-]{subsubsection.5.79.2.1}{\376\377\0005\000.\0007\0009\000.\0002\000.\0001\000\040\000a\000n\000i\000m\000\137\000a\000t\000t\000i\000v\000a}{subsection.5.79.2}% 928
\BOOKMARK [3][-]{subsubsection.5.79.2.2}{\376\377\0005\000.\0007\0009\000.\0002\000.\0002\000\040\000a\000n\000i\000m\000\137\000c\000a\000r\000t\000a}{subsection.5.79.2}% 929
\BOOKMARK [3][-]{subsubsection.5.79.2.3}{\376\377\0005\000.\0007\0009\000.\0002\000.\0003\000\040\000a\000n\000i\000m\000\137\000e\000n\000d}{subsection.5.79.2}% 930
\BOOKMARK [3][-]{subsubsection.5.79.2.4}{\376\377\0005\000.\0007\0009\000.\0002\000.\0004\000\040\000a\000n\000i\000m\000\137\000g\000i\000a\000\137\000a\000p\000p\000l\000i\000c\000a\000t\000a}{subsection.5.79.2}% 931
\BOOKMARK [3][-]{subsubsection.5.79.2.5}{\376\377\0005\000.\0007\0009\000.\0002\000.\0005\000\040\000a\000n\000i\000m\000\137\000p\000e\000s\000c\000a\000\137\000c\000o\000u\000n\000t}{subsection.5.79.2}% 932
\BOOKMARK [3][-]{subsubsection.5.79.2.6}{\376\377\0005\000.\0007\0009\000.\0002\000.\0006\000\040\000a\000n\000i\000m\000\137\000s\000t\000a\000r\000t}{subsection.5.79.2}% 933
\BOOKMARK [3][-]{subsubsection.5.79.2.7}{\376\377\0005\000.\0007\0009\000.\0002\000.\0007\000\040\000a\000n\000i\000m\000\137\000t}{subsection.5.79.2}% 934
\BOOKMARK [3][-]{subsubsection.5.79.2.8}{\376\377\0005\000.\0007\0009\000.\0002\000.\0008\000\040\000a\000u\000t\000o\000r\000e\000\137\000a\000n\000i\000m\000a\000z\000i\000o\000n\000e}{subsection.5.79.2}% 935
\BOOKMARK [3][-]{subsubsection.5.79.2.9}{\376\377\0005\000.\0007\0009\000.\0002\000.\0009\000\040\000c\000a\000r\000t\000a\000\137\000p\000e\000n\000d\000e\000n\000t\000e}{subsection.5.79.2}% 936
\BOOKMARK [3][-]{subsubsection.5.79.2.10}{\376\377\0005\000.\0007\0009\000.\0002\000.\0001\0000\000\040\000c\000h\000a\000t\000\137\000a\000p\000e\000r\000t\000a}{subsection.5.79.2}% 937
\BOOKMARK [3][-]{subsubsection.5.79.2.11}{\376\377\0005\000.\0007\0009\000.\0002\000.\0001\0001\000\040\000c\000h\000a\000t\000\137\000b\000u\000f\000f\000e\000r}{subsection.5.79.2}% 938
\BOOKMARK [3][-]{subsubsection.5.79.2.12}{\376\377\0005\000.\0007\0009\000.\0002\000.\0001\0002\000\040\000c\000h\000a\000t\000\137\000h\000i\000s\000t\000o\000r\000y}{subsection.5.79.2}% 939
\BOOKMARK [3][-]{subsubsection.5.79.2.13}{\376\377\0005\000.\0007\0009\000.\0002\000.\0001\0003\000\040\000c\000o\000l\000o\000r\000e\000\137\000a\000t\000t\000i\000v\000o}{subsection.5.79.2}% 940
\BOOKMARK [3][-]{subsubsection.5.79.2.14}{\376\377\0005\000.\0007\0009\000.\0002\000.\0001\0004\000\040\000d\000a\000t\000a\000\137\000s\000a\000l\000v\000a\000t\000a\000g\000g\000i\000o}{subsection.5.79.2}% 941
\BOOKMARK [3][-]{subsubsection.5.79.2.15}{\376\377\0005\000.\0007\0009\000.\0002\000.\0001\0005\000\040\000d\000e\000v\000e\000\137\000c\000h\000i\000a\000m\000a\000r\000e\000\137\000u\000n\000o}{subsection.5.79.2}% 942
\BOOKMARK [3][-]{subsubsection.5.79.2.16}{\376\377\0005\000.\0007\0009\000.\0002\000.\0001\0006\000\040\000d\000i\000r\000e\000z\000i\000o\000n\000e}{subsection.5.79.2}% 943
\BOOKMARK [3][-]{subsubsection.5.79.2.17}{\376\377\0005\000.\0007\0009\000.\0002\000.\0001\0007\000\040\000d\000u\000r\000a\000t\000a\000\137\000p\000a\000r\000t\000i\000t\000a}{subsection.5.79.2}% 944
\BOOKMARK [3][-]{subsubsection.5.79.2.18}{\376\377\0005\000.\0007\0009\000.\0002\000.\0001\0008\000\040\000g\000i\000o\000c\000a\000t\000o\000r\000i}{subsection.5.79.2}% 945
\BOOKMARK [3][-]{subsubsection.5.79.2.19}{\376\377\0005\000.\0007\0009\000.\0002\000.\0001\0009\000\040\000g\000i\000o\000c\000o\000\137\000f\000i\000n\000i\000t\000o}{subsection.5.79.2}% 946
\BOOKMARK [3][-]{subsubsection.5.79.2.20}{\376\377\0005\000.\0007\0009\000.\0002\000.\0002\0000\000\040\000i\000d\000\137\000c\000a\000r\000t\000a\000\137\000i\000n\000\137\000t\000r\000a\000s\000c\000i\000n\000a\000m\000e\000n\000t\000o}{subsection.5.79.2}% 947
\BOOKMARK [3][-]{subsubsection.5.79.2.21}{\376\377\0005\000.\0007\0009\000.\0002\000.\0002\0001\000\040\000i\000n\000\137\000s\000c\000e\000l\000t\000a\000\137\000c\000o\000l\000o\000r\000e}{subsection.5.79.2}% 948
\BOOKMARK [3][-]{subsubsection.5.79.2.22}{\376\377\0005\000.\0007\0009\000.\0002\000.\0002\0002\000\040\000m\000a\000z\000z\000o}{subsection.5.79.2}% 949
\BOOKMARK [3][-]{subsubsection.5.79.2.23}{\376\377\0005\000.\0007\0009\000.\0002\000.\0002\0003\000\040\000m\000e\000s\000s\000a\000g\000g\000i\000o}{subsection.5.79.2}% 950
\BOOKMARK [3][-]{subsubsection.5.79.2.24}{\376\377\0005\000.\0007\0009\000.\0002\000.\0002\0004\000\040\000m\000o\000d\000a\000l\000i\000t\000a}{subsection.5.79.2}% 951
\BOOKMARK [3][-]{subsubsection.5.79.2.25}{\376\377\0005\000.\0007\0009\000.\0002\000.\0002\0005\000\040\000n\000o\000d\000o\000\137\000c\000a\000r\000t\000a\000\137\000t\000r\000a\000s\000c\000i\000n\000a\000t\000a}{subsection.5.79.2}% 952
\BOOKMARK [3][-]{subsubsection.5.79.2.26}{\376\377\0005\000.\0007\0009\000.\0002\000.\0002\0006\000\040\000n\000o\000t\000i\000f\000i\000c\000a}{subsection.5.79.2}% 953
\BOOKMARK [3][-]{subsubsection.5.79.2.27}{\376\377\0005\000.\0007\0009\000.\0002\000.\0002\0007\000\040\000n\000u\000m\000\137\000c\000a\000r\000t\000e\000\137\000m\000a\000z\000z\000o}{subsection.5.79.2}% 954
\BOOKMARK [3][-]{subsubsection.5.79.2.28}{\376\377\0005\000.\0007\0009\000.\0002\000.\0002\0008\000\040\000n\000u\000m\000\137\000c\000a\000r\000t\000e\000\137\000s\000c\000a\000r\000t\000i}{subsection.5.79.2}% 955
\BOOKMARK [3][-]{subsubsection.5.79.2.29}{\376\377\0005\000.\0007\0009\000.\0002\000.\0002\0009\000\040\000n\000u\000m\000\137\000c\000h\000a\000t\000\137\000m\000s\000g}{subsection.5.79.2}% 956
\BOOKMARK [3][-]{subsubsection.5.79.2.30}{\376\377\0005\000.\0007\0009\000.\0002\000.\0003\0000\000\040\000n\000u\000m\000\137\000g\000i\000o\000c\000a\000t\000o\000r\000i}{subsection.5.79.2}% 957
\BOOKMARK [3][-]{subsubsection.5.79.2.31}{\376\377\0005\000.\0007\0009\000.\0002\000.\0003\0001\000\040\000s\000c\000a\000r\000t\000i}{subsection.5.79.2}% 958
\BOOKMARK [3][-]{subsubsection.5.79.2.32}{\376\377\0005\000.\0007\0009\000.\0002\000.\0003\0002\000\040\000s\000l\000o\000t\000\137\000s\000a\000l\000v\000a\000t\000a\000g\000g\000i\000o}{subsection.5.79.2}% 959
\BOOKMARK [3][-]{subsubsection.5.79.2.33}{\376\377\0005\000.\0007\0009\000.\0002\000.\0003\0003\000\040\000s\000t\000a\000t\000i\000s\000t\000i\000c\000h\000e\000\137\000g\000i\000a\000\137\000s\000a\000l\000v\000a\000t\000e}{subsection.5.79.2}% 960
\BOOKMARK [3][-]{subsubsection.5.79.2.34}{\376\377\0005\000.\0007\0009\000.\0002\000.\0003\0004\000\040\000t\000i\000m\000e\000r\000\137\000n\000o\000t\000i\000f\000i\000c\000a}{subsection.5.79.2}% 961
\BOOKMARK [3][-]{subsubsection.5.79.2.35}{\376\377\0005\000.\0007\0009\000.\0002\000.\0003\0005\000\040\000t\000i\000m\000e\000r\000\137\000u\000n\000o}{subsection.5.79.2}% 962
\BOOKMARK [3][-]{subsubsection.5.79.2.36}{\376\377\0005\000.\0007\0009\000.\0002\000.\0003\0006\000\040\000t\000i\000p\000o\000\137\000a\000n\000i\000m\000a\000z\000i\000o\000n\000e}{subsection.5.79.2}% 963
\BOOKMARK [3][-]{subsubsection.5.79.2.37}{\376\377\0005\000.\0007\0009\000.\0002\000.\0003\0007\000\040\000t\000u\000r\000n\000o\000\137\000c\000o\000r\000r\000e\000n\000t\000e}{subsection.5.79.2}% 964
\BOOKMARK [1][-]{section.5.80}{\376\377\0005\000.\0008\0000\000\040\000S\000t\000a\000t\000s\000S\000y\000n\000c\000P\000a\000c\000k\000e\000t\000\040\000S\000t\000r\000u\000c\000t\000\040\000R\000e\000f\000e\000r\000e\000n\000c\000e}{chapter.5}% 965
\BOOKMARK [2][-]{subsection.5.80.1}{\376\377\0005\000.\0008\0000\000.\0001\000\040\000D\000e\000t\000a\000i\000l\000e\000d\000\040\000D\000e\000s\000c\000r\000i\000p\000t\000i\000o\000n}{section.5.80}% 966
\BOOKMARK [1][-]{section.5.81}{\376\377\0005\000.\0008\0001\000\040\000T\000e\000m\000p\000S\000a\000v\000e\000\040\000S\000t\000r\000u\000c\000t\000\040\000R\000e\000f\000e\000r\000e\000n\000c\000e}{chapter.5}% 967
\BOOKMARK [2][-]{subsection.5.81.1}{\376\377\0005\000.\0008\0001\000.\0001\000\040\000D\000e\000t\000a\000i\000l\000e\000d\000\040\000D\000e\000s\000c\000r\000i\000p\000t\000i\000o\000n}{section.5.81}% 968
\BOOKMARK [2][-]{subsection.5.81.2}{\376\377\0005\000.\0008\0001\000.\0002\000\040\000F\000i\000e\000l\000d\000\040\000D\000o\000c\000u\000m\000e\000n\000t\000a\000t\000i\000o\000n}{section.5.81}% 969
\BOOKMARK [3][-]{subsubsection.5.81.2.1}{\376\377\0005\000.\0008\0001\000.\0002\000.\0001\000\040\000d\000a\000t\000a}{subsection.5.81.2}% 970
\BOOKMARK [3][-]{subsubsection.5.81.2.2}{\376\377\0005\000.\0008\0001\000.\0002\000.\0002\000\040\000p\000e\000r\000c\000o\000r\000s\000o}{subsection.5.81.2}% 971
\BOOKMARK [1][-]{section.5.82}{\376\377\0005\000.\0008\0002\000\040\000T\000e\000x\000t\000u\000r\000e\000\040\000S\000t\000r\000u\000c\000t\000\040\000R\000e\000f\000e\000r\000e\000n\000c\000e}{chapter.5}% 972
\BOOKMARK [2][-]{subsection.5.82.1}{\376\377\0005\000.\0008\0002\000.\0001\000\040\000F\000i\000e\000l\000d\000\040\000D\000o\000c\000u\000m\000e\000n\000t\000a\000t\000i\000o\000n}{section.5.82}% 973
\BOOKMARK [3][-]{subsubsection.5.82.1.1}{\376\377\0005\000.\0008\0002\000.\0001\000.\0001\000\040\000f\000o\000r\000m\000a\000t}{subsection.5.82.1}% 974
\BOOKMARK [3][-]{subsubsection.5.82.1.2}{\376\377\0005\000.\0008\0002\000.\0001\000.\0002\000\040\000h\000e\000i\000g\000h\000t}{subsection.5.82.1}% 975
\BOOKMARK [3][-]{subsubsection.5.82.1.3}{\376\377\0005\000.\0008\0002\000.\0001\000.\0003\000\040\000i\000d}{subsection.5.82.1}% 976
\BOOKMARK [3][-]{subsubsection.5.82.1.4}{\376\377\0005\000.\0008\0002\000.\0001\000.\0004\000\040\000m\000i\000p\000m\000a\000p\000s}{subsection.5.82.1}% 977
\BOOKMARK [3][-]{subsubsection.5.82.1.5}{\376\377\0005\000.\0008\0002\000.\0001\000.\0005\000\040\000w\000i\000d\000t\000h}{subsection.5.82.1}% 978
\BOOKMARK [1][-]{section.5.83}{\376\377\0005\000.\0008\0003\000\040\000T\000r\000a\000n\000s\000f\000o\000r\000m\000\040\000S\000t\000r\000u\000c\000t\000\040\000R\000e\000f\000e\000r\000e\000n\000c\000e}{chapter.5}% 979
\BOOKMARK [2][-]{subsection.5.83.1}{\376\377\0005\000.\0008\0003\000.\0001\000\040\000F\000i\000e\000l\000d\000\040\000D\000o\000c\000u\000m\000e\000n\000t\000a\000t\000i\000o\000n}{section.5.83}% 980
\BOOKMARK [3][-]{subsubsection.5.83.1.1}{\376\377\0005\000.\0008\0003\000.\0001\000.\0001\000\040\000r\000o\000t\000a\000t\000i\000o\000n}{subsection.5.83.1}% 981
\BOOKMARK [3][-]{subsubsection.5.83.1.2}{\376\377\0005\000.\0008\0003\000.\0001\000.\0002\000\040\000s\000c\000a\000l\000e}{subsection.5.83.1}% 982
\BOOKMARK [3][-]{subsubsection.5.83.1.3}{\376\377\0005\000.\0008\0003\000.\0001\000.\0003\000\040\000t\000r\000a\000n\000s\000l\000a\000t\000i\000o\000n}{subsection.5.83.1}% 983
\BOOKMARK [1][-]{section.5.84}{\376\377\0005\000.\0008\0004\000\040\000U\000t\000e\000n\000t\000e\000\040\000S\000t\000r\000u\000c\000t\000\040\000R\000e\000f\000e\000r\000e\000n\000c\000e}{chapter.5}% 984
\BOOKMARK [2][-]{subsection.5.84.1}{\376\377\0005\000.\0008\0004\000.\0001\000\040\000D\000e\000t\000a\000i\000l\000e\000d\000\040\000D\000e\000s\000c\000r\000i\000p\000t\000i\000o\000n}{section.5.84}% 985
\BOOKMARK [2][-]{subsection.5.84.2}{\376\377\0005\000.\0008\0004\000.\0002\000\040\000F\000i\000e\000l\000d\000\040\000D\000o\000c\000u\000m\000e\000n\000t\000a\000t\000i\000o\000n}{section.5.84}% 986
\BOOKMARK [3][-]{subsubsection.5.84.2.1}{\376\377\0005\000.\0008\0004\000.\0002\000.\0001\000\040\000c\000o\000g\000n\000o\000m\000e}{subsection.5.84.2}% 987
\BOOKMARK [3][-]{subsubsection.5.84.2.2}{\376\377\0005\000.\0008\0004\000.\0002\000.\0002\000\040\000e\000m\000a\000i\000l}{subsection.5.84.2}% 988
\BOOKMARK [3][-]{subsubsection.5.84.2.3}{\376\377\0005\000.\0008\0004\000.\0002\000.\0003\000\040\000n\000o\000m\000e}{subsection.5.84.2}% 989
\BOOKMARK [3][-]{subsubsection.5.84.2.4}{\376\377\0005\000.\0008\0004\000.\0002\000.\0004\000\040\000p\000a\000s\000s\000w\000o\000r\000d}{subsection.5.84.2}% 990
\BOOKMARK [3][-]{subsubsection.5.84.2.5}{\376\377\0005\000.\0008\0004\000.\0002\000.\0005\000\040\000u\000s\000e\000r\000n\000a\000m\000e}{subsection.5.84.2}% 991
\BOOKMARK [1][-]{section.5.85}{\376\377\0005\000.\0008\0005\000\040\000V\000e\000c\000t\000o\000r\0002\000\040\000S\000t\000r\000u\000c\000t\000\040\000R\000e\000f\000e\000r\000e\000n\000c\000e}{chapter.5}% 992
\BOOKMARK [2][-]{subsection.5.85.1}{\376\377\0005\000.\0008\0005\000.\0001\000\040\000F\000i\000e\000l\000d\000\040\000D\000o\000c\000u\000m\000e\000n\000t\000a\000t\000i\000o\000n}{section.5.85}% 993
\BOOKMARK [3][-]{subsubsection.5.85.1.1}{\376\377\0005\000.\0008\0005\000.\0001\000.\0001\000\040\000x}{subsection.5.85.1}% 994
\BOOKMARK [3][-]{subsubsection.5.85.1.2}{\376\377\0005\000.\0008\0005\000.\0001\000.\0002\000\040\000y}{subsection.5.85.1}% 995
\BOOKMARK [1][-]{section.5.86}{\376\377\0005\000.\0008\0006\000\040\000V\000e\000c\000t\000o\000r\0003\000\040\000S\000t\000r\000u\000c\000t\000\040\000R\000e\000f\000e\000r\000e\000n\000c\000e}{chapter.5}% 996
\BOOKMARK [2][-]{subsection.5.86.1}{\376\377\0005\000.\0008\0006\000.\0001\000\040\000F\000i\000e\000l\000d\000\040\000D\000o\000c\000u\000m\000e\000n\000t\000a\000t\000i\000o\000n}{section.5.86}% 997
\BOOKMARK [3][-]{subsubsection.5.86.1.1}{\376\377\0005\000.\0008\0006\000.\0001\000.\0001\000\040\000x}{subsection.5.86.1}% 998
\BOOKMARK [3][-]{subsubsection.5.86.1.2}{\376\377\0005\000.\0008\0006\000.\0001\000.\0002\000\040\000y}{subsection.5.86.1}% 999
\BOOKMARK [3][-]{subsubsection.5.86.1.3}{\376\377\0005\000.\0008\0006\000.\0001\000.\0003\000\040\000z}{subsection.5.86.1}% 1000
\BOOKMARK [1][-]{section.5.87}{\376\377\0005\000.\0008\0007\000\040\000V\000e\000c\000t\000o\000r\0004\000\040\000S\000t\000r\000u\000c\000t\000\040\000R\000e\000f\000e\000r\000e\000n\000c\000e}{chapter.5}% 1001
\BOOKMARK [2][-]{subsection.5.87.1}{\376\377\0005\000.\0008\0007\000.\0001\000\040\000F\000i\000e\000l\000d\000\040\000D\000o\000c\000u\000m\000e\000n\000t\000a\000t\000i\000o\000n}{section.5.87}% 1002
\BOOKMARK [3][-]{subsubsection.5.87.1.1}{\376\377\0005\000.\0008\0007\000.\0001\000.\0001\000\040\000w}{subsection.5.87.1}% 1003
\BOOKMARK [3][-]{subsubsection.5.87.1.2}{\376\377\0005\000.\0008\0007\000.\0001\000.\0002\000\040\000x}{subsection.5.87.1}% 1004
\BOOKMARK [3][-]{subsubsection.5.87.1.3}{\376\377\0005\000.\0008\0007\000.\0001\000.\0003\000\040\000y}{subsection.5.87.1}% 1005
\BOOKMARK [3][-]{subsubsection.5.87.1.4}{\376\377\0005\000.\0008\0007\000.\0001\000.\0004\000\040\000z}{subsection.5.87.1}% 1006
\BOOKMARK [1][-]{section.5.88}{\376\377\0005\000.\0008\0008\000\040\000V\000r\000D\000e\000v\000i\000c\000e\000I\000n\000f\000o\000\040\000S\000t\000r\000u\000c\000t\000\040\000R\000e\000f\000e\000r\000e\000n\000c\000e}{chapter.5}% 1007
\BOOKMARK [2][-]{subsection.5.88.1}{\376\377\0005\000.\0008\0008\000.\0001\000\040\000F\000i\000e\000l\000d\000\040\000D\000o\000c\000u\000m\000e\000n\000t\000a\000t\000i\000o\000n}{section.5.88}% 1008
\BOOKMARK [3][-]{subsubsection.5.88.1.1}{\376\377\0005\000.\0008\0008\000.\0001\000.\0001\000\040\000c\000h\000r\000o\000m\000a\000A\000b\000C\000o\000r\000r\000e\000c\000t\000i\000o\000n}{subsection.5.88.1}% 1009
\BOOKMARK [3][-]{subsubsection.5.88.1.2}{\376\377\0005\000.\0008\0008\000.\0001\000.\0002\000\040\000e\000y\000e\000T\000o\000S\000c\000r\000e\000e\000n\000D\000i\000s\000t\000a\000n\000c\000e}{subsection.5.88.1}% 1010
\BOOKMARK [3][-]{subsubsection.5.88.1.3}{\376\377\0005\000.\0008\0008\000.\0001\000.\0003\000\040\000h\000R\000e\000s\000o\000l\000u\000t\000i\000o\000n}{subsection.5.88.1}% 1011
\BOOKMARK [3][-]{subsubsection.5.88.1.4}{\376\377\0005\000.\0008\0008\000.\0001\000.\0004\000\040\000h\000S\000c\000r\000e\000e\000n\000S\000i\000z\000e}{subsection.5.88.1}% 1012
\BOOKMARK [3][-]{subsubsection.5.88.1.5}{\376\377\0005\000.\0008\0008\000.\0001\000.\0005\000\040\000i\000n\000t\000e\000r\000p\000u\000p\000i\000l\000l\000a\000r\000y\000D\000i\000s\000t\000a\000n\000c\000e}{subsection.5.88.1}% 1013
\BOOKMARK [3][-]{subsubsection.5.88.1.6}{\376\377\0005\000.\0008\0008\000.\0001\000.\0006\000\040\000l\000e\000n\000s\000D\000i\000s\000t\000o\000r\000t\000i\000o\000n\000V\000a\000l\000u\000e\000s}{subsection.5.88.1}% 1014
\BOOKMARK [3][-]{subsubsection.5.88.1.7}{\376\377\0005\000.\0008\0008\000.\0001\000.\0007\000\040\000l\000e\000n\000s\000S\000e\000p\000a\000r\000a\000t\000i\000o\000n\000D\000i\000s\000t\000a\000n\000c\000e}{subsection.5.88.1}% 1015
\BOOKMARK [3][-]{subsubsection.5.88.1.8}{\376\377\0005\000.\0008\0008\000.\0001\000.\0008\000\040\000v\000R\000e\000s\000o\000l\000u\000t\000i\000o\000n}{subsection.5.88.1}% 1016
\BOOKMARK [3][-]{subsubsection.5.88.1.9}{\376\377\0005\000.\0008\0008\000.\0001\000.\0009\000\040\000v\000S\000c\000r\000e\000e\000n\000S\000i\000z\000e}{subsection.5.88.1}% 1017
\BOOKMARK [1][-]{section.5.89}{\376\377\0005\000.\0008\0009\000\040\000V\000r\000S\000t\000e\000r\000e\000o\000C\000o\000n\000f\000i\000g\000\040\000S\000t\000r\000u\000c\000t\000\040\000R\000e\000f\000e\000r\000e\000n\000c\000e}{chapter.5}% 1018
\BOOKMARK [2][-]{subsection.5.89.1}{\376\377\0005\000.\0008\0009\000.\0001\000\040\000F\000i\000e\000l\000d\000\040\000D\000o\000c\000u\000m\000e\000n\000t\000a\000t\000i\000o\000n}{section.5.89}% 1019
\BOOKMARK [3][-]{subsubsection.5.89.1.1}{\376\377\0005\000.\0008\0009\000.\0001\000.\0001\000\040\000l\000e\000f\000t\000L\000e\000n\000s\000C\000e\000n\000t\000e\000r}{subsection.5.89.1}% 1020
\BOOKMARK [3][-]{subsubsection.5.89.1.2}{\376\377\0005\000.\0008\0009\000.\0001\000.\0002\000\040\000l\000e\000f\000t\000S\000c\000r\000e\000e\000n\000C\000e\000n\000t\000e\000r}{subsection.5.89.1}% 1021
\BOOKMARK [3][-]{subsubsection.5.89.1.3}{\376\377\0005\000.\0008\0009\000.\0001\000.\0003\000\040\000p\000r\000o\000j\000e\000c\000t\000i\000o\000n}{subsection.5.89.1}% 1022
\BOOKMARK [3][-]{subsubsection.5.89.1.4}{\376\377\0005\000.\0008\0009\000.\0001\000.\0004\000\040\000r\000i\000g\000h\000t\000L\000e\000n\000s\000C\000e\000n\000t\000e\000r}{subsection.5.89.1}% 1023
\BOOKMARK [3][-]{subsubsection.5.89.1.5}{\376\377\0005\000.\0008\0009\000.\0001\000.\0005\000\040\000r\000i\000g\000h\000t\000S\000c\000r\000e\000e\000n\000C\000e\000n\000t\000e\000r}{subsection.5.89.1}% 1024
\BOOKMARK [3][-]{subsubsection.5.89.1.6}{\376\377\0005\000.\0008\0009\000.\0001\000.\0006\000\040\000s\000c\000a\000l\000e}{subsection.5.89.1}% 1025
\BOOKMARK [3][-]{subsubsection.5.89.1.7}{\376\377\0005\000.\0008\0009\000.\0001\000.\0007\000\040\000s\000c\000a\000l\000e\000I\000n}{subsection.5.89.1}% 1026
\BOOKMARK [3][-]{subsubsection.5.89.1.8}{\376\377\0005\000.\0008\0009\000.\0001\000.\0008\000\040\000v\000i\000e\000w\000O\000f\000f\000s\000e\000t}{subsection.5.89.1}% 1027
\BOOKMARK [1][-]{section.5.90}{\376\377\0005\000.\0009\0000\000\040\000W\000a\000v\000e\000\040\000S\000t\000r\000u\000c\000t\000\040\000R\000e\000f\000e\000r\000e\000n\000c\000e}{chapter.5}% 1028
\BOOKMARK [2][-]{subsection.5.90.1}{\376\377\0005\000.\0009\0000\000.\0001\000\040\000F\000i\000e\000l\000d\000\040\000D\000o\000c\000u\000m\000e\000n\000t\000a\000t\000i\000o\000n}{section.5.90}% 1029
\BOOKMARK [3][-]{subsubsection.5.90.1.1}{\376\377\0005\000.\0009\0000\000.\0001\000.\0001\000\040\000c\000h\000a\000n\000n\000e\000l\000s}{subsection.5.90.1}% 1030
\BOOKMARK [3][-]{subsubsection.5.90.1.2}{\376\377\0005\000.\0009\0000\000.\0001\000.\0002\000\040\000d\000a\000t\000a}{subsection.5.90.1}% 1031
\BOOKMARK [3][-]{subsubsection.5.90.1.3}{\376\377\0005\000.\0009\0000\000.\0001\000.\0003\000\040\000f\000r\000a\000m\000e\000C\000o\000u\000n\000t}{subsection.5.90.1}% 1032
\BOOKMARK [3][-]{subsubsection.5.90.1.4}{\376\377\0005\000.\0009\0000\000.\0001\000.\0004\000\040\000s\000a\000m\000p\000l\000e\000R\000a\000t\000e}{subsection.5.90.1}% 1033
\BOOKMARK [3][-]{subsubsection.5.90.1.5}{\376\377\0005\000.\0009\0000\000.\0001\000.\0005\000\040\000s\000a\000m\000p\000l\000e\000S\000i\000z\000e}{subsection.5.90.1}% 1034
\BOOKMARK [0][-]{chapter.6}{\376\377\0006\000\040\000F\000i\000l\000e\000\040\000D\000o\000c\000u\000m\000e\000n\000t\000a\000t\000i\000o\000n}{}% 1035
\BOOKMARK [1][-]{section.6.1}{\376\377\0006\000.\0001\000\040\000l\000i\000b\000/\000a\000u\000t\000h\000.\000h\000\040\000F\000i\000l\000e\000\040\000R\000e\000f\000e\000r\000e\000n\000c\000e}{chapter.6}% 1036
\BOOKMARK [2][-]{subsection.6.1.1}{\376\377\0006\000.\0001\000.\0001\000\040\000D\000e\000t\000a\000i\000l\000e\000d\000\040\000D\000e\000s\000c\000r\000i\000p\000t\000i\000o\000n}{section.6.1}% 1037
\BOOKMARK [2][-]{subsection.6.1.2}{\376\377\0006\000.\0001\000.\0002\000\040\000V\000a\000r\000i\000a\000b\000l\000e\000\040\000D\000o\000c\000u\000m\000e\000n\000t\000a\000t\000i\000o\000n}{section.6.1}% 1038
\BOOKMARK [3][-]{subsubsection.6.1.2.1}{\376\377\0006\000.\0001\000.\0002\000.\0001\000\040\000c\000o\000g\000n\000o\000m\000e\000C\000o\000u\000n\000t}{subsection.6.1.2}% 1039
\BOOKMARK [3][-]{subsubsection.6.1.2.2}{\376\377\0006\000.\0001\000.\0002\000.\0002\000\040\000e\000r\000r\000o\000r\000e\000\137\000r\000e\000g\000i\000s\000t\000r\000a\000z\000i\000o\000n\000e\000\137\000p\000a\000s\000s}{subsection.6.1.2}% 1040
\BOOKMARK [3][-]{subsubsection.6.1.2.3}{\376\377\0006\000.\0001\000.\0002\000.\0003\000\040\000e\000r\000r\000o\000r\000e\000\137\000r\000e\000g\000i\000s\000t\000r\000a\000z\000i\000o\000n\000e\000\137\000u\000s\000e\000r\000n\000a\000m\000e}{subsection.6.1.2}% 1041
\BOOKMARK [3][-]{subsubsection.6.1.2.4}{\376\377\0006\000.\0001\000.\0002\000.\0004\000\040\000i\000d\000\137\000t\000e\000m\000p\000\137\000l\000o\000g\000i\000n}{subsection.6.1.2}% 1042
\BOOKMARK [3][-]{subsubsection.6.1.2.5}{\376\377\0006\000.\0001\000.\0002\000.\0005\000\040\000i\000n\000p\000u\000t\000C\000o\000g\000n\000o\000m\000e}{subsection.6.1.2}% 1043
\BOOKMARK [3][-]{subsubsection.6.1.2.6}{\376\377\0006\000.\0001\000.\0002\000.\0006\000\040\000i\000n\000p\000u\000t\000N\000o\000m\000e}{subsection.6.1.2}% 1044
\BOOKMARK [3][-]{subsubsection.6.1.2.7}{\376\377\0006\000.\0001\000.\0002\000.\0007\000\040\000i\000n\000p\000u\000t\000P\000a\000s\000s\000w\000o\000r\000d}{subsection.6.1.2}% 1045
\BOOKMARK [3][-]{subsubsection.6.1.2.8}{\376\377\0006\000.\0001\000.\0002\000.\0008\000\040\000i\000n\000p\000u\000t\000P\000i\000n}{subsection.6.1.2}% 1046
\BOOKMARK [3][-]{subsubsection.6.1.2.9}{\376\377\0006\000.\0001\000.\0002\000.\0009\000\040\000n\000o\000m\000e\000C\000o\000u\000n\000t}{subsection.6.1.2}% 1047
\BOOKMARK [3][-]{subsubsection.6.1.2.10}{\376\377\0006\000.\0001\000.\0002\000.\0001\0000\000\040\000n\000u\000o\000v\000o\000\137\000u\000t\000e\000n\000t\000e}{subsection.6.1.2}% 1048
\BOOKMARK [3][-]{subsubsection.6.1.2.11}{\376\377\0006\000.\0001\000.\0002\000.\0001\0001\000\040\000p\000a\000s\000s\000C\000o\000u\000n\000t}{subsection.6.1.2}% 1049
\BOOKMARK [3][-]{subsubsection.6.1.2.12}{\376\377\0006\000.\0001\000.\0002\000.\0001\0002\000\040\000p\000i\000n\000C\000o\000u\000n\000t}{subsection.6.1.2}% 1050
\BOOKMARK [1][-]{section.6.2}{\376\377\0006\000.\0002\000\040\000a\000u\000t\000h\000.\000h}{chapter.6}% 1051
\BOOKMARK [1][-]{section.6.3}{\376\377\0006\000.\0003\000\040\000l\000i\000b\000/\000a\000u\000t\000h\000\137\000v\000a\000l\000i\000d\000a\000t\000i\000o\000n\000.\000h\000\040\000F\000i\000l\000e\000\040\000R\000e\000f\000e\000r\000e\000n\000c\000e}{chapter.6}% 1052
\BOOKMARK [2][-]{subsection.6.3.1}{\376\377\0006\000.\0003\000.\0001\000\040\000D\000e\000t\000a\000i\000l\000e\000d\000\040\000D\000e\000s\000c\000r\000i\000p\000t\000i\000o\000n}{section.6.3}% 1053
\BOOKMARK [2][-]{subsection.6.3.2}{\376\377\0006\000.\0003\000.\0002\000\040\000F\000u\000n\000c\000t\000i\000o\000n\000\040\000D\000o\000c\000u\000m\000e\000n\000t\000a\000t\000i\000o\000n}{section.6.3}% 1054
\BOOKMARK [3][-]{subsubsection.6.3.2.1}{\376\377\0006\000.\0003\000.\0002\000.\0001\000\040\000A\000u\000t\000h\000\137\000E\000m\000a\000i\000l\000F\000o\000r\000m\000a\000l\000m\000e\000n\000t\000e\000V\000a\000l\000i\000d\000a\000\050\000\051}{subsection.6.3.2}% 1055
\BOOKMARK [3][-]{subsubsection.6.3.2.2}{\376\377\0006\000.\0003\000.\0002\000.\0002\000\040\000A\000u\000t\000h\000\137\000E\000m\000a\000i\000l\000G\000i\000a\000U\000s\000a\000t\000a\000\050\000\051}{subsection.6.3.2}% 1056
\BOOKMARK [3][-]{subsubsection.6.3.2.3}{\376\377\0006\000.\0003\000.\0002\000.\0003\000\040\000A\000u\000t\000h\000\137\000P\000a\000s\000s\000w\000o\000r\000d\000V\000a\000l\000i\000d\000a\000\050\000\051}{subsection.6.3.2}% 1057
\BOOKMARK [3][-]{subsubsection.6.3.2.4}{\376\377\0006\000.\0003\000.\0002\000.\0004\000\040\000A\000u\000t\000h\000\137\000P\000I\000N\000V\000a\000l\000i\000d\000o\000\050\000\051}{subsection.6.3.2}% 1058
\BOOKMARK [3][-]{subsubsection.6.3.2.5}{\376\377\0006\000.\0003\000.\0002\000.\0005\000\040\000A\000u\000t\000h\000\137\000U\000s\000e\000r\000n\000a\000m\000e\000G\000i\000a\000U\000s\000a\000t\000o\000\050\000\051}{subsection.6.3.2}% 1059
\BOOKMARK [3][-]{subsubsection.6.3.2.6}{\376\377\0006\000.\0003\000.\0002\000.\0006\000\040\000A\000u\000t\000h\000\137\000U\000s\000e\000r\000n\000a\000m\000e\000N\000o\000n\000V\000u\000o\000t\000o\000\050\000\051}{subsection.6.3.2}% 1060
\BOOKMARK [3][-]{subsubsection.6.3.2.7}{\376\377\0006\000.\0003\000.\0002\000.\0007\000\040\000A\000u\000t\000h\000\137\000V\000e\000r\000i\000f\000i\000c\000a\000C\000r\000e\000d\000e\000n\000z\000i\000a\000l\000i\000\050\000\051}{subsection.6.3.2}% 1061
\BOOKMARK [3][-]{subsubsection.6.3.2.8}{\376\377\0006\000.\0003\000.\0002\000.\0008\000\040\000A\000u\000t\000h\000\137\000V\000e\000r\000i\000f\000i\000c\000a\000E\000m\000a\000i\000l\000P\000I\000N\000\050\000\051}{subsection.6.3.2}% 1062
\BOOKMARK [1][-]{section.6.4}{\376\377\0006\000.\0004\000\040\000a\000u\000t\000h\000\137\000v\000a\000l\000i\000d\000a\000t\000i\000o\000n\000.\000h}{chapter.6}% 1063
\BOOKMARK [1][-]{section.6.5}{\376\377\0006\000.\0005\000\040\000l\000i\000b\000/\000d\000a\000t\000a\000\137\000s\000t\000r\000u\000c\000t\000u\000r\000e\000s\000.\000h\000\040\000F\000i\000l\000e\000\040\000R\000e\000f\000e\000r\000e\000n\000c\000e}{chapter.6}% 1064
\BOOKMARK [2][-]{subsection.6.5.1}{\376\377\0006\000.\0005\000.\0001\000\040\000D\000e\000t\000a\000i\000l\000e\000d\000\040\000D\000e\000s\000c\000r\000i\000p\000t\000i\000o\000n}{section.6.5}% 1065
\BOOKMARK [2][-]{subsection.6.5.2}{\376\377\0006\000.\0005\000.\0002\000\040\000M\000a\000c\000r\000o\000\040\000D\000e\000f\000i\000n\000i\000t\000i\000o\000n\000\040\000D\000o\000c\000u\000m\000e\000n\000t\000a\000t\000i\000o\000n}{section.6.5}% 1066
\BOOKMARK [3][-]{subsubsection.6.5.2.1}{\376\377\0006\000.\0005\000.\0002\000.\0001\000\040\000D\000B\000\137\000C\000A\000P\000A\000C\000I\000T\000A\000\137\000I\000N\000I\000Z\000I\000A\000L\000E}{subsection.6.5.2}% 1067
\BOOKMARK [3][-]{subsubsection.6.5.2.2}{\376\377\0006\000.\0005\000.\0002\000.\0002\000\040\000G\000I\000O\000C\000A\000T\000O\000R\000E\000\137\000N\000O\000M\000E\000\137\000B\000U\000F}{subsection.6.5.2}% 1068
\BOOKMARK [3][-]{subsubsection.6.5.2.3}{\376\377\0006\000.\0005\000.\0002\000.\0003\000\040\000M\000A\000X\000\137\000P\000A\000R\000T\000I\000T\000E\000\137\000S\000T\000O\000R\000I\000C\000O}{subsection.6.5.2}% 1069
\BOOKMARK [2][-]{subsection.6.5.3}{\376\377\0006\000.\0005\000.\0003\000\040\000T\000y\000p\000e\000d\000e\000f\000\040\000D\000o\000c\000u\000m\000e\000n\000t\000a\000t\000i\000o\000n}{section.6.5}% 1070
\BOOKMARK [3][-]{subsubsection.6.5.3.1}{\376\377\0006\000.\0005\000.\0003\000.\0001\000\040\000N\000o\000d\000o\000C\000a\000r\000t\000a}{subsection.6.5.3}% 1071
\BOOKMARK [3][-]{subsubsection.6.5.3.2}{\376\377\0006\000.\0005\000.\0003\000.\0002\000\040\000N\000o\000d\000o\000M\000a\000n\000o}{subsection.6.5.3}% 1072
\BOOKMARK [2][-]{subsection.6.5.4}{\376\377\0006\000.\0005\000.\0004\000\040\000E\000n\000u\000m\000e\000r\000a\000t\000i\000o\000n\000\040\000T\000y\000p\000e\000\040\000D\000o\000c\000u\000m\000e\000n\000t\000a\000t\000i\000o\000n}{section.6.5}% 1073
\BOOKMARK [3][-]{subsubsection.6.5.4.1}{\376\377\0006\000.\0005\000.\0004\000.\0001\000\040\000C\000o\000l\000o\000r\000e}{subsection.6.5.4}% 1074
\BOOKMARK [3][-]{subsubsection.6.5.4.2}{\376\377\0006\000.\0005\000.\0004\000.\0002\000\040\000F\000a\000s\000e\000A\000p\000p\000l\000i\000c\000a\000z\000i\000o\000n\000e}{subsection.6.5.4}% 1075
\BOOKMARK [3][-]{subsubsection.6.5.4.3}{\376\377\0006\000.\0005\000.\0004\000.\0003\000\040\000T\000i\000p\000o\000C\000a\000r\000t\000a}{subsection.6.5.4}% 1076
\BOOKMARK [1][-]{section.6.6}{\376\377\0006\000.\0006\000\040\000d\000a\000t\000a\000\137\000s\000t\000r\000u\000c\000t\000u\000r\000e\000s\000.\000h}{chapter.6}% 1077
\BOOKMARK [1][-]{section.6.7}{\376\377\0006\000.\0007\000\040\000l\000i\000b\000/\000d\000a\000t\000a\000\137\000s\000t\000r\000u\000c\000t\000u\000r\000e\000s\000/\000b\000s\000t\000.\000h\000\040\000F\000i\000l\000e\000\040\000R\000e\000f\000e\000r\000e\000n\000c\000e}{chapter.6}% 1078
\BOOKMARK [2][-]{subsection.6.7.1}{\376\377\0006\000.\0007\000.\0001\000\040\000D\000e\000t\000a\000i\000l\000e\000d\000\040\000D\000e\000s\000c\000r\000i\000p\000t\000i\000o\000n}{section.6.7}% 1079
\BOOKMARK [1][-]{section.6.8}{\376\377\0006\000.\0008\000\040\000b\000s\000t\000.\000h}{chapter.6}% 1080
\BOOKMARK [1][-]{section.6.9}{\376\377\0006\000.\0009\000\040\000l\000i\000b\000/\000d\000a\000t\000a\000\137\000s\000t\000r\000u\000c\000t\000u\000r\000e\000s\000/\000c\000h\000a\000t\000.\000h\000\040\000F\000i\000l\000e\000\040\000R\000e\000f\000e\000r\000e\000n\000c\000e}{chapter.6}% 1081
\BOOKMARK [2][-]{subsection.6.9.1}{\376\377\0006\000.\0009\000.\0001\000\040\000D\000e\000t\000a\000i\000l\000e\000d\000\040\000D\000e\000s\000c\000r\000i\000p\000t\000i\000o\000n}{section.6.9}% 1082
\BOOKMARK [2][-]{subsection.6.9.2}{\376\377\0006\000.\0009\000.\0002\000\040\000M\000a\000c\000r\000o\000\040\000D\000e\000f\000i\000n\000i\000t\000i\000o\000n\000\040\000D\000o\000c\000u\000m\000e\000n\000t\000a\000t\000i\000o\000n}{section.6.9}% 1083
\BOOKMARK [3][-]{subsubsection.6.9.2.1}{\376\377\0006\000.\0009\000.\0002\000.\0001\000\040\000C\000H\000A\000T\000\137\000S\000T\000O\000R\000I\000C\000O\000\137\000M\000A\000X}{subsection.6.9.2}% 1084
\BOOKMARK [1][-]{section.6.10}{\376\377\0006\000.\0001\0000\000\040\000c\000h\000a\000t\000.\000h}{chapter.6}% 1085
\BOOKMARK [1][-]{section.6.11}{\376\377\0006\000.\0001\0001\000\040\000l\000i\000b\000/\000d\000a\000t\000a\000\137\000s\000t\000r\000u\000c\000t\000u\000r\000e\000s\000/\000l\000i\000s\000t\000.\000h\000\040\000F\000i\000l\000e\000\040\000R\000e\000f\000e\000r\000e\000n\000c\000e}{chapter.6}% 1086
\BOOKMARK [2][-]{subsection.6.11.1}{\376\377\0006\000.\0001\0001\000.\0001\000\040\000D\000e\000t\000a\000i\000l\000e\000d\000\040\000D\000e\000s\000c\000r\000i\000p\000t\000i\000o\000n}{section.6.11}% 1087
\BOOKMARK [1][-]{section.6.12}{\376\377\0006\000.\0001\0002\000\040\000l\000i\000s\000t\000.\000h}{chapter.6}% 1088
\BOOKMARK [1][-]{section.6.13}{\376\377\0006\000.\0001\0003\000\040\000l\000i\000b\000/\000l\000i\000s\000t\000.\000h\000\040\000F\000i\000l\000e\000\040\000R\000e\000f\000e\000r\000e\000n\000c\000e}{chapter.6}% 1089
\BOOKMARK [2][-]{subsection.6.13.1}{\376\377\0006\000.\0001\0003\000.\0001\000\040\000D\000e\000t\000a\000i\000l\000e\000d\000\040\000D\000e\000s\000c\000r\000i\000p\000t\000i\000o\000n}{section.6.13}% 1090
\BOOKMARK [1][-]{section.6.14}{\376\377\0006\000.\0001\0004\000\040\000l\000i\000s\000t\000.\000h}{chapter.6}% 1091
\BOOKMARK [1][-]{section.6.15}{\376\377\0006\000.\0001\0005\000\040\000l\000i\000b\000/\000d\000a\000t\000a\000\137\000s\000t\000r\000u\000c\000t\000u\000r\000e\000s\000/\000q\000u\000e\000u\000e\000.\000h\000\040\000F\000i\000l\000e\000\040\000R\000e\000f\000e\000r\000e\000n\000c\000e}{chapter.6}% 1092
\BOOKMARK [2][-]{subsection.6.15.1}{\376\377\0006\000.\0001\0005\000.\0001\000\040\000D\000e\000t\000a\000i\000l\000e\000d\000\040\000D\000e\000s\000c\000r\000i\000p\000t\000i\000o\000n}{section.6.15}% 1093
\BOOKMARK [1][-]{section.6.16}{\376\377\0006\000.\0001\0006\000\040\000q\000u\000e\000u\000e\000.\000h}{chapter.6}% 1094
\BOOKMARK [1][-]{section.6.17}{\376\377\0006\000.\0001\0007\000\040\000l\000i\000b\000/\000d\000a\000t\000a\000\137\000s\000t\000r\000u\000c\000t\000u\000r\000e\000s\000/\000s\000t\000a\000c\000k\000.\000h\000\040\000F\000i\000l\000e\000\040\000R\000e\000f\000e\000r\000e\000n\000c\000e}{chapter.6}% 1095
\BOOKMARK [2][-]{subsection.6.17.1}{\376\377\0006\000.\0001\0007\000.\0001\000\040\000D\000e\000t\000a\000i\000l\000e\000d\000\040\000D\000e\000s\000c\000r\000i\000p\000t\000i\000o\000n}{section.6.17}% 1096
\BOOKMARK [1][-]{section.6.18}{\376\377\0006\000.\0001\0008\000\040\000s\000t\000a\000c\000k\000.\000h}{chapter.6}% 1097
\BOOKMARK [1][-]{section.6.19}{\376\377\0006\000.\0001\0009\000\040\000l\000i\000b\000/\000f\000s\000/\000f\000s\000.\000h\000\040\000F\000i\000l\000e\000\040\000R\000e\000f\000e\000r\000e\000n\000c\000e}{chapter.6}% 1098
\BOOKMARK [2][-]{subsection.6.19.1}{\376\377\0006\000.\0001\0009\000.\0001\000\040\000D\000e\000t\000a\000i\000l\000e\000d\000\040\000D\000e\000s\000c\000r\000i\000p\000t\000i\000o\000n}{section.6.19}% 1099
\BOOKMARK [1][-]{section.6.20}{\376\377\0006\000.\0002\0000\000\040\000f\000s\000.\000h}{chapter.6}% 1100
\BOOKMARK [1][-]{section.6.21}{\376\377\0006\000.\0002\0001\000\040\000l\000i\000b\000/\000g\000a\000m\000e\000\137\000l\000o\000g\000i\000c\000.\000h\000\040\000F\000i\000l\000e\000\040\000R\000e\000f\000e\000r\000e\000n\000c\000e}{chapter.6}% 1101
\BOOKMARK [2][-]{subsection.6.21.1}{\376\377\0006\000.\0002\0001\000.\0001\000\040\000D\000e\000t\000a\000i\000l\000e\000d\000\040\000D\000e\000s\000c\000r\000i\000p\000t\000i\000o\000n}{section.6.21}% 1102
\BOOKMARK [2][-]{subsection.6.21.2}{\376\377\0006\000.\0002\0001\000.\0002\000\040\000F\000u\000n\000c\000t\000i\000o\000n\000\040\000D\000o\000c\000u\000m\000e\000n\000t\000a\000t\000i\000o\000n}{section.6.21}% 1103
\BOOKMARK [3][-]{subsubsection.6.21.2.1}{\376\377\0006\000.\0002\0001\000.\0002\000.\0001\000\040\000A\000p\000p\000l\000i\000c\000a\000E\000f\000f\000e\000t\000t\000o\000\050\000\051}{subsection.6.21.2}% 1104
\BOOKMARK [3][-]{subsubsection.6.21.2.2}{\376\377\0006\000.\0002\0001\000.\0002\000.\0002\000\040\000C\000a\000r\000i\000c\000a\000P\000a\000r\000t\000i\000t\000a\000D\000a\000S\000l\000o\000t\000\050\000\051}{subsection.6.21.2}% 1105
\BOOKMARK [3][-]{subsubsection.6.21.2.3}{\376\377\0006\000.\0002\0001\000.\0002\000.\0003\000\040\000C\000o\000m\000p\000a\000t\000t\000a\000S\000a\000l\000v\000a\000t\000a\000g\000g\000i\000U\000t\000e\000n\000t\000e\000\050\000\051}{subsection.6.21.2}% 1106
\BOOKMARK [3][-]{subsubsection.6.21.2.4}{\376\377\0006\000.\0002\0001\000.\0002\000.\0004\000\040\000E\000l\000i\000m\000i\000n\000a\000P\000a\000r\000t\000i\000t\000a\000\050\000\051}{subsection.6.21.2}% 1107
\BOOKMARK [3][-]{subsubsection.6.21.2.5}{\376\377\0006\000.\0002\0001\000.\0002\000.\0005\000\040\000E\000l\000i\000m\000i\000n\000a\000S\000a\000l\000v\000a\000t\000a\000g\000g\000i\000o\000\050\000\051}{subsection.6.21.2}% 1108
\BOOKMARK [3][-]{subsubsection.6.21.2.6}{\376\377\0006\000.\0002\0001\000.\0002\000.\0006\000\040\000E\000l\000i\000m\000i\000n\000a\000T\000u\000t\000t\000i\000S\000a\000l\000v\000a\000t\000a\000g\000g\000i\000U\000t\000e\000n\000t\000e\000\050\000\051}{subsection.6.21.2}% 1109
\BOOKMARK [3][-]{subsubsection.6.21.2.7}{\376\377\0006\000.\0002\0001\000.\0002\000.\0007\000\040\000G\000e\000t\000S\000a\000v\000e\000F\000i\000l\000e\000P\000a\000t\000h\000\050\000\051}{subsection.6.21.2}% 1110
\BOOKMARK [3][-]{subsubsection.6.21.2.8}{\376\377\0006\000.\0002\0001\000.\0002\000.\0008\000\040\000M\000o\000s\000s\000a\000V\000a\000l\000i\000d\000a\000\050\000\051}{subsection.6.21.2}% 1111
\BOOKMARK [3][-]{subsubsection.6.21.2.9}{\376\377\0006\000.\0002\0001\000.\0002\000.\0009\000\040\000M\000o\000s\000t\000r\000a\000N\000o\000t\000i\000f\000i\000c\000a\000\050\000\051}{subsection.6.21.2}% 1112
\BOOKMARK [3][-]{subsubsection.6.21.2.10}{\376\377\0006\000.\0002\0001\000.\0002\000.\0001\0000\000\040\000N\000u\000o\000v\000a\000P\000a\000r\000t\000i\000t\000a\000\050\000\051}{subsection.6.21.2}% 1113
\BOOKMARK [3][-]{subsubsection.6.21.2.11}{\376\377\0006\000.\0002\0001\000.\0002\000.\0001\0001\000\040\000R\000i\000c\000a\000r\000c\000a\000M\000a\000z\000z\000o\000\050\000\051}{subsection.6.21.2}% 1114
\BOOKMARK [3][-]{subsubsection.6.21.2.12}{\376\377\0006\000.\0002\0001\000.\0002\000.\0001\0002\000\040\000R\000i\000c\000o\000s\000t\000r\000u\000i\000s\000c\000i\000S\000t\000a\000t\000o\000A\000D\000T\000\050\000\051}{subsection.6.21.2}% 1115
\BOOKMARK [3][-]{subsubsection.6.21.2.13}{\376\377\0006\000.\0002\0001\000.\0002\000.\0001\0003\000\040\000S\000a\000l\000v\000a\000P\000a\000r\000t\000i\000t\000a\000\050\000\051}{subsection.6.21.2}% 1116
\BOOKMARK [2][-]{subsection.6.21.3}{\376\377\0006\000.\0002\0001\000.\0003\000\040\000V\000a\000r\000i\000a\000b\000l\000e\000\040\000D\000o\000c\000u\000m\000e\000n\000t\000a\000t\000i\000o\000n}{section.6.21}% 1117
\BOOKMARK [3][-]{subsubsection.6.21.3.1}{\376\377\0006\000.\0002\0001\000.\0003\000.\0001\000\040\000c\000o\000d\000a\000\137\000t\000u\000r\000n\000i}{subsection.6.21.3}% 1118
\BOOKMARK [3][-]{subsubsection.6.21.3.2}{\376\377\0006\000.\0002\0001\000.\0003\000.\0002\000\040\000m\000a\000z\000z\000o\000\137\000p\000i\000l\000a}{subsection.6.21.3}% 1119
\BOOKMARK [3][-]{subsubsection.6.21.3.3}{\376\377\0006\000.\0002\0001\000.\0003\000.\0003\000\040\000s\000c\000a\000r\000t\000i\000\137\000p\000i\000l\000a}{subsection.6.21.3}% 1120
\BOOKMARK [1][-]{section.6.22}{\376\377\0006\000.\0002\0002\000\040\000g\000a\000m\000e\000\137\000l\000o\000g\000i\000c\000.\000h}{chapter.6}% 1121
\BOOKMARK [1][-]{section.6.23}{\376\377\0006\000.\0002\0003\000\040\000l\000i\000b\000/\000r\000a\000y\000l\000i\000b\000/\000i\000n\000c\000l\000u\000d\000e\000/\000r\000a\000y\000l\000i\000b\000.\000h\000\040\000F\000i\000l\000e\000\040\000R\000e\000f\000e\000r\000e\000n\000c\000e}{chapter.6}% 1122
\BOOKMARK [2][-]{subsection.6.23.1}{\376\377\0006\000.\0002\0003\000.\0001\000\040\000M\000a\000c\000r\000o\000\040\000D\000e\000f\000i\000n\000i\000t\000i\000o\000n\000\040\000D\000o\000c\000u\000m\000e\000n\000t\000a\000t\000i\000o\000n}{section.6.23}% 1123
\BOOKMARK [3][-]{subsubsection.6.23.1.1}{\376\377\0006\000.\0002\0003\000.\0001\000.\0001\000\040\000B\000E\000I\000G\000E}{subsection.6.23.1}% 1124
\BOOKMARK [3][-]{subsubsection.6.23.1.2}{\376\377\0006\000.\0002\0003\000.\0001\000.\0002\000\040\000B\000L\000A\000C\000K}{subsection.6.23.1}% 1125
\BOOKMARK [3][-]{subsubsection.6.23.1.3}{\376\377\0006\000.\0002\0003\000.\0001\000.\0003\000\040\000B\000L\000A\000N\000K}{subsection.6.23.1}% 1126
\BOOKMARK [3][-]{subsubsection.6.23.1.4}{\376\377\0006\000.\0002\0003\000.\0001\000.\0004\000\040\000B\000L\000U\000E}{subsection.6.23.1}% 1127
\BOOKMARK [3][-]{subsubsection.6.23.1.5}{\376\377\0006\000.\0002\0003\000.\0001\000.\0005\000\040\000B\000R\000O\000W\000N}{subsection.6.23.1}% 1128
\BOOKMARK [3][-]{subsubsection.6.23.1.6}{\376\377\0006\000.\0002\0003\000.\0001\000.\0006\000\040\000C\000L\000I\000T\000E\000R\000A\000L}{subsection.6.23.1}% 1129
\BOOKMARK [3][-]{subsubsection.6.23.1.7}{\376\377\0006\000.\0002\0003\000.\0001\000.\0007\000\040\000D\000A\000R\000K\000B\000L\000U\000E}{subsection.6.23.1}% 1130
\BOOKMARK [3][-]{subsubsection.6.23.1.8}{\376\377\0006\000.\0002\0003\000.\0001\000.\0008\000\040\000D\000A\000R\000K\000B\000R\000O\000W\000N}{subsection.6.23.1}% 1131
\BOOKMARK [3][-]{subsubsection.6.23.1.9}{\376\377\0006\000.\0002\0003\000.\0001\000.\0009\000\040\000D\000A\000R\000K\000G\000R\000A\000Y}{subsection.6.23.1}% 1132
\BOOKMARK [3][-]{subsubsection.6.23.1.10}{\376\377\0006\000.\0002\0003\000.\0001\000.\0001\0000\000\040\000D\000A\000R\000K\000G\000R\000E\000E\000N}{subsection.6.23.1}% 1133
\BOOKMARK [3][-]{subsubsection.6.23.1.11}{\376\377\0006\000.\0002\0003\000.\0001\000.\0001\0001\000\040\000D\000A\000R\000K\000P\000U\000R\000P\000L\000E}{subsection.6.23.1}% 1134
\BOOKMARK [3][-]{subsubsection.6.23.1.12}{\376\377\0006\000.\0002\0003\000.\0001\000.\0001\0002\000\040\000D\000E\000G\0002\000R\000A\000D}{subsection.6.23.1}% 1135
\BOOKMARK [3][-]{subsubsection.6.23.1.13}{\376\377\0006\000.\0002\0003\000.\0001\000.\0001\0003\000\040\000G\000e\000t\000M\000o\000u\000s\000e\000R\000a\000y}{subsection.6.23.1}% 1136
\BOOKMARK [3][-]{subsubsection.6.23.1.14}{\376\377\0006\000.\0002\0003\000.\0001\000.\0001\0004\000\040\000G\000O\000L\000D}{subsection.6.23.1}% 1137
\BOOKMARK [3][-]{subsubsection.6.23.1.15}{\376\377\0006\000.\0002\0003\000.\0001\000.\0001\0005\000\040\000G\000R\000A\000Y}{subsection.6.23.1}% 1138
\BOOKMARK [3][-]{subsubsection.6.23.1.16}{\376\377\0006\000.\0002\0003\000.\0001\000.\0001\0006\000\040\000G\000R\000E\000E\000N}{subsection.6.23.1}% 1139
\BOOKMARK [3][-]{subsubsection.6.23.1.17}{\376\377\0006\000.\0002\0003\000.\0001\000.\0001\0007\000\040\000L\000I\000G\000H\000T\000G\000R\000A\000Y}{subsection.6.23.1}% 1140
\BOOKMARK [3][-]{subsubsection.6.23.1.18}{\376\377\0006\000.\0002\0003\000.\0001\000.\0001\0008\000\040\000L\000I\000M\000E}{subsection.6.23.1}% 1141
\BOOKMARK [3][-]{subsubsection.6.23.1.19}{\376\377\0006\000.\0002\0003\000.\0001\000.\0001\0009\000\040\000M\000A\000G\000E\000N\000T\000A}{subsection.6.23.1}% 1142
\BOOKMARK [3][-]{subsubsection.6.23.1.20}{\376\377\0006\000.\0002\0003\000.\0001\000.\0002\0000\000\040\000M\000A\000R\000O\000O\000N}{subsection.6.23.1}% 1143
\BOOKMARK [3][-]{subsubsection.6.23.1.21}{\376\377\0006\000.\0002\0003\000.\0001\000.\0002\0001\000\040\000M\000A\000T\000E\000R\000I\000A\000L\000\137\000M\000A\000P\000\137\000D\000I\000F\000F\000U\000S\000E}{subsection.6.23.1}% 1144
\BOOKMARK [3][-]{subsubsection.6.23.1.22}{\376\377\0006\000.\0002\0003\000.\0001\000.\0002\0002\000\040\000M\000A\000T\000E\000R\000I\000A\000L\000\137\000M\000A\000P\000\137\000S\000P\000E\000C\000U\000L\000A\000R}{subsection.6.23.1}% 1145
\BOOKMARK [3][-]{subsubsection.6.23.1.23}{\376\377\0006\000.\0002\0003\000.\0001\000.\0002\0003\000\040\000M\000O\000U\000S\000E\000\137\000L\000E\000F\000T\000\137\000B\000U\000T\000T\000O\000N}{subsection.6.23.1}% 1146
\BOOKMARK [3][-]{subsubsection.6.23.1.24}{\376\377\0006\000.\0002\0003\000.\0001\000.\0002\0004\000\040\000M\000O\000U\000S\000E\000\137\000M\000I\000D\000D\000L\000E\000\137\000B\000U\000T\000T\000O\000N}{subsection.6.23.1}% 1147
\BOOKMARK [3][-]{subsubsection.6.23.1.25}{\376\377\0006\000.\0002\0003\000.\0001\000.\0002\0005\000\040\000M\000O\000U\000S\000E\000\137\000R\000I\000G\000H\000T\000\137\000B\000U\000T\000T\000O\000N}{subsection.6.23.1}% 1148
\BOOKMARK [3][-]{subsubsection.6.23.1.26}{\376\377\0006\000.\0002\0003\000.\0001\000.\0002\0006\000\040\000O\000R\000A\000N\000G\000E}{subsection.6.23.1}% 1149
\BOOKMARK [3][-]{subsubsection.6.23.1.27}{\376\377\0006\000.\0002\0003\000.\0001\000.\0002\0007\000\040\000P\000I}{subsection.6.23.1}% 1150
\BOOKMARK [3][-]{subsubsection.6.23.1.28}{\376\377\0006\000.\0002\0003\000.\0001\000.\0002\0008\000\040\000P\000I\000N\000K}{subsection.6.23.1}% 1151
\BOOKMARK [3][-]{subsubsection.6.23.1.29}{\376\377\0006\000.\0002\0003\000.\0001\000.\0002\0009\000\040\000P\000U\000R\000P\000L\000E}{subsection.6.23.1}% 1152
\BOOKMARK [3][-]{subsubsection.6.23.1.30}{\376\377\0006\000.\0002\0003\000.\0001\000.\0003\0000\000\040\000R\000A\000D\0002\000D\000E\000G}{subsection.6.23.1}% 1153
\BOOKMARK [3][-]{subsubsection.6.23.1.31}{\376\377\0006\000.\0002\0003\000.\0001\000.\0003\0001\000\040\000R\000A\000Y\000L\000I\000B\000\137\000V\000E\000R\000S\000I\000O\000N}{subsection.6.23.1}% 1154
\BOOKMARK [3][-]{subsubsection.6.23.1.32}{\376\377\0006\000.\0002\0003\000.\0001\000.\0003\0002\000\040\000R\000A\000Y\000L\000I\000B\000\137\000V\000E\000R\000S\000I\000O\000N\000\137\000M\000A\000J\000O\000R}{subsection.6.23.1}% 1155
\BOOKMARK [3][-]{subsubsection.6.23.1.33}{\376\377\0006\000.\0002\0003\000.\0001\000.\0003\0003\000\040\000R\000A\000Y\000L\000I\000B\000\137\000V\000E\000R\000S\000I\000O\000N\000\137\000M\000I\000N\000O\000R}{subsection.6.23.1}% 1156
\BOOKMARK [3][-]{subsubsection.6.23.1.34}{\376\377\0006\000.\0002\0003\000.\0001\000.\0003\0004\000\040\000R\000A\000Y\000L\000I\000B\000\137\000V\000E\000R\000S\000I\000O\000N\000\137\000P\000A\000T\000C\000H}{subsection.6.23.1}% 1157
\BOOKMARK [3][-]{subsubsection.6.23.1.35}{\376\377\0006\000.\0002\0003\000.\0001\000.\0003\0005\000\040\000R\000A\000Y\000W\000H\000I\000T\000E}{subsection.6.23.1}% 1158
\BOOKMARK [3][-]{subsubsection.6.23.1.36}{\376\377\0006\000.\0002\0003\000.\0001\000.\0003\0006\000\040\000R\000E\000D}{subsection.6.23.1}% 1159
\BOOKMARK [3][-]{subsubsection.6.23.1.37}{\376\377\0006\000.\0002\0003\000.\0001\000.\0003\0007\000\040\000R\000L\000\137\000B\000O\000O\000L\000\137\000T\000Y\000P\000E}{subsection.6.23.1}% 1160
\BOOKMARK [3][-]{subsubsection.6.23.1.38}{\376\377\0006\000.\0002\0003\000.\0001\000.\0003\0008\000\040\000R\000L\000\137\000C\000A\000L\000L\000O\000C}{subsection.6.23.1}% 1161
\BOOKMARK [3][-]{subsubsection.6.23.1.39}{\376\377\0006\000.\0002\0003\000.\0001\000.\0003\0009\000\040\000R\000L\000\137\000C\000O\000L\000O\000R\000\137\000T\000Y\000P\000E}{subsection.6.23.1}% 1162
\BOOKMARK [3][-]{subsubsection.6.23.1.40}{\376\377\0006\000.\0002\0003\000.\0001\000.\0004\0000\000\040\000R\000L\000\137\000F\000R\000E\000E}{subsection.6.23.1}% 1163
\BOOKMARK [3][-]{subsubsection.6.23.1.41}{\376\377\0006\000.\0002\0003\000.\0001\000.\0004\0001\000\040\000R\000L\000\137\000M\000A\000L\000L\000O\000C}{subsection.6.23.1}% 1164
\BOOKMARK [3][-]{subsubsection.6.23.1.42}{\376\377\0006\000.\0002\0003\000.\0001\000.\0004\0002\000\040\000R\000L\000\137\000M\000A\000T\000R\000I\000X\000\137\000T\000Y\000P\000E}{subsection.6.23.1}% 1165
\BOOKMARK [3][-]{subsubsection.6.23.1.43}{\376\377\0006\000.\0002\0003\000.\0001\000.\0004\0003\000\040\000R\000L\000\137\000Q\000U\000A\000T\000E\000R\000N\000I\000O\000N\000\137\000T\000Y\000P\000E}{subsection.6.23.1}% 1166
\BOOKMARK [3][-]{subsubsection.6.23.1.44}{\376\377\0006\000.\0002\0003\000.\0001\000.\0004\0004\000\040\000R\000L\000\137\000R\000E\000A\000L\000L\000O\000C}{subsection.6.23.1}% 1167
\BOOKMARK [3][-]{subsubsection.6.23.1.45}{\376\377\0006\000.\0002\0003\000.\0001\000.\0004\0005\000\040\000R\000L\000\137\000R\000E\000C\000T\000A\000N\000G\000L\000E\000\137\000T\000Y\000P\000E}{subsection.6.23.1}% 1168
\BOOKMARK [3][-]{subsubsection.6.23.1.46}{\376\377\0006\000.\0002\0003\000.\0001\000.\0004\0006\000\040\000R\000L\000\137\000V\000E\000C\000T\000O\000R\0002\000\137\000T\000Y\000P\000E}{subsection.6.23.1}% 1169
\BOOKMARK [3][-]{subsubsection.6.23.1.47}{\376\377\0006\000.\0002\0003\000.\0001\000.\0004\0007\000\040\000R\000L\000\137\000V\000E\000C\000T\000O\000R\0003\000\137\000T\000Y\000P\000E}{subsection.6.23.1}% 1170
\BOOKMARK [3][-]{subsubsection.6.23.1.48}{\376\377\0006\000.\0002\0003\000.\0001\000.\0004\0008\000\040\000R\000L\000\137\000V\000E\000C\000T\000O\000R\0004\000\137\000T\000Y\000P\000E}{subsection.6.23.1}% 1171
\BOOKMARK [3][-]{subsubsection.6.23.1.49}{\376\377\0006\000.\0002\0003\000.\0001\000.\0004\0009\000\040\000R\000L\000A\000P\000I}{subsection.6.23.1}% 1172
\BOOKMARK [3][-]{subsubsection.6.23.1.50}{\376\377\0006\000.\0002\0003\000.\0001\000.\0005\0000\000\040\000S\000H\000A\000D\000E\000R\000\137\000L\000O\000C\000\137\000M\000A\000P\000\137\000D\000I\000F\000F\000U\000S\000E}{subsection.6.23.1}% 1173
\BOOKMARK [3][-]{subsubsection.6.23.1.51}{\376\377\0006\000.\0002\0003\000.\0001\000.\0005\0001\000\040\000S\000H\000A\000D\000E\000R\000\137\000L\000O\000C\000\137\000M\000A\000P\000\137\000S\000P\000E\000C\000U\000L\000A\000R}{subsection.6.23.1}% 1174
\BOOKMARK [3][-]{subsubsection.6.23.1.52}{\376\377\0006\000.\0002\0003\000.\0001\000.\0005\0002\000\040\000S\000K\000Y\000B\000L\000U\000E}{subsection.6.23.1}% 1175
\BOOKMARK [3][-]{subsubsection.6.23.1.53}{\376\377\0006\000.\0002\0003\000.\0001\000.\0005\0003\000\040\000V\000I\000O\000L\000E\000T}{subsection.6.23.1}% 1176
\BOOKMARK [3][-]{subsubsection.6.23.1.54}{\376\377\0006\000.\0002\0003\000.\0001\000.\0005\0004\000\040\000W\000H\000I\000T\000E}{subsection.6.23.1}% 1177
\BOOKMARK [3][-]{subsubsection.6.23.1.55}{\376\377\0006\000.\0002\0003\000.\0001\000.\0005\0005\000\040\000Y\000E\000L\000L\000O\000W}{subsection.6.23.1}% 1178
\BOOKMARK [2][-]{subsection.6.23.2}{\376\377\0006\000.\0002\0003\000.\0002\000\040\000T\000y\000p\000e\000d\000e\000f\000\040\000D\000o\000c\000u\000m\000e\000n\000t\000a\000t\000i\000o\000n}{section.6.23}% 1179
\BOOKMARK [3][-]{subsubsection.6.23.2.1}{\376\377\0006\000.\0002\0003\000.\0002\000.\0001\000\040\000A\000u\000d\000i\000o\000C\000a\000l\000l\000b\000a\000c\000k}{subsection.6.23.2}% 1180
\BOOKMARK [3][-]{subsubsection.6.23.2.2}{\376\377\0006\000.\0002\0003\000.\0002\000.\0002\000\040\000A\000u\000d\000i\000o\000S\000t\000r\000e\000a\000m}{subsection.6.23.2}% 1181
\BOOKMARK [3][-]{subsubsection.6.23.2.3}{\376\377\0006\000.\0002\0003\000.\0002\000.\0003\000\040\000A\000u\000t\000o\000m\000a\000t\000i\000o\000n\000E\000v\000e\000n\000t}{subsection.6.23.2}% 1182
\BOOKMARK [3][-]{subsubsection.6.23.2.4}{\376\377\0006\000.\0002\0003\000.\0002\000.\0004\000\040\000A\000u\000t\000o\000m\000a\000t\000i\000o\000n\000E\000v\000e\000n\000t\000L\000i\000s\000t}{subsection.6.23.2}% 1183
\BOOKMARK [3][-]{subsubsection.6.23.2.5}{\376\377\0006\000.\0002\0003\000.\0002\000.\0005\000\040\000B\000o\000n\000e\000I\000n\000f\000o}{subsection.6.23.2}% 1184
\BOOKMARK [3][-]{subsubsection.6.23.2.6}{\376\377\0006\000.\0002\0003\000.\0002\000.\0006\000\040\000b\000o\000o\000l}{subsection.6.23.2}% 1185
\BOOKMARK [3][-]{subsubsection.6.23.2.7}{\376\377\0006\000.\0002\0003\000.\0002\000.\0007\000\040\000B\000o\000u\000n\000d\000i\000n\000g\000B\000o\000x}{subsection.6.23.2}% 1186
\BOOKMARK [3][-]{subsubsection.6.23.2.8}{\376\377\0006\000.\0002\0003\000.\0002\000.\0008\000\040\000C\000a\000m\000e\000r\000a}{subsection.6.23.2}% 1187
\BOOKMARK [3][-]{subsubsection.6.23.2.9}{\376\377\0006\000.\0002\0003\000.\0002\000.\0009\000\040\000C\000a\000m\000e\000r\000a\0002\000D}{subsection.6.23.2}% 1188
\BOOKMARK [3][-]{subsubsection.6.23.2.10}{\376\377\0006\000.\0002\0003\000.\0002\000.\0001\0000\000\040\000C\000a\000m\000e\000r\000a\0003\000D}{subsection.6.23.2}% 1189
\BOOKMARK [3][-]{subsubsection.6.23.2.11}{\376\377\0006\000.\0002\0003\000.\0002\000.\0001\0001\000\040\000C\000o\000l\000o\000r}{subsection.6.23.2}% 1190
\BOOKMARK [3][-]{subsubsection.6.23.2.12}{\376\377\0006\000.\0002\0003\000.\0002\000.\0001\0002\000\040\000F\000i\000l\000e\000P\000a\000t\000h\000L\000i\000s\000t}{subsection.6.23.2}% 1191
\BOOKMARK [3][-]{subsubsection.6.23.2.13}{\376\377\0006\000.\0002\0003\000.\0002\000.\0001\0003\000\040\000F\000o\000n\000t}{subsection.6.23.2}% 1192
\BOOKMARK [3][-]{subsubsection.6.23.2.14}{\376\377\0006\000.\0002\0003\000.\0002\000.\0001\0004\000\040\000G\000l\000y\000p\000h\000I\000n\000f\000o}{subsection.6.23.2}% 1193
\BOOKMARK [3][-]{subsubsection.6.23.2.15}{\376\377\0006\000.\0002\0003\000.\0002\000.\0001\0005\000\040\000I\000m\000a\000g\000e}{subsection.6.23.2}% 1194
\BOOKMARK [3][-]{subsubsection.6.23.2.16}{\376\377\0006\000.\0002\0003\000.\0002\000.\0001\0006\000\040\000L\000o\000a\000d\000F\000i\000l\000e\000D\000a\000t\000a\000C\000a\000l\000l\000b\000a\000c\000k}{subsection.6.23.2}% 1195
\BOOKMARK [3][-]{subsubsection.6.23.2.17}{\376\377\0006\000.\0002\0003\000.\0002\000.\0001\0007\000\040\000L\000o\000a\000d\000F\000i\000l\000e\000T\000e\000x\000t\000C\000a\000l\000l\000b\000a\000c\000k}{subsection.6.23.2}% 1196
\BOOKMARK [3][-]{subsubsection.6.23.2.18}{\376\377\0006\000.\0002\0003\000.\0002\000.\0001\0008\000\040\000M\000a\000t\000e\000r\000i\000a\000l}{subsection.6.23.2}% 1197
\BOOKMARK [3][-]{subsubsection.6.23.2.19}{\376\377\0006\000.\0002\0003\000.\0002\000.\0001\0009\000\040\000M\000a\000t\000e\000r\000i\000a\000l\000M\000a\000p}{subsection.6.23.2}% 1198
\BOOKMARK [3][-]{subsubsection.6.23.2.20}{\376\377\0006\000.\0002\0003\000.\0002\000.\0002\0000\000\040\000M\000a\000t\000r\000i\000x}{subsection.6.23.2}% 1199
\BOOKMARK [3][-]{subsubsection.6.23.2.21}{\376\377\0006\000.\0002\0003\000.\0002\000.\0002\0001\000\040\000M\000e\000s\000h}{subsection.6.23.2}% 1200
\BOOKMARK [3][-]{subsubsection.6.23.2.22}{\376\377\0006\000.\0002\0003\000.\0002\000.\0002\0002\000\040\000M\000o\000d\000e\000l}{subsection.6.23.2}% 1201
\BOOKMARK [3][-]{subsubsection.6.23.2.23}{\376\377\0006\000.\0002\0003\000.\0002\000.\0002\0003\000\040\000M\000o\000d\000e\000l\000A\000n\000i\000m\000a\000t\000i\000o\000n}{subsection.6.23.2}% 1202
\BOOKMARK [3][-]{subsubsection.6.23.2.24}{\376\377\0006\000.\0002\0003\000.\0002\000.\0002\0004\000\040\000M\000o\000d\000e\000l\000A\000n\000i\000m\000P\000o\000s\000e}{subsection.6.23.2}% 1203
\BOOKMARK [3][-]{subsubsection.6.23.2.25}{\376\377\0006\000.\0002\0003\000.\0002\000.\0002\0005\000\040\000M\000o\000d\000e\000l\000S\000k\000e\000l\000e\000t\000o\000n}{subsection.6.23.2}% 1204
\BOOKMARK [3][-]{subsubsection.6.23.2.26}{\376\377\0006\000.\0002\0003\000.\0002\000.\0002\0006\000\040\000M\000u\000s\000i\000c}{subsection.6.23.2}% 1205
\BOOKMARK [3][-]{subsubsection.6.23.2.27}{\376\377\0006\000.\0002\0003\000.\0002\000.\0002\0007\000\040\000N\000P\000a\000t\000c\000h\000I\000n\000f\000o}{subsection.6.23.2}% 1206
\BOOKMARK [3][-]{subsubsection.6.23.2.28}{\376\377\0006\000.\0002\0003\000.\0002\000.\0002\0008\000\040\000Q\000u\000a\000t\000e\000r\000n\000i\000o\000n}{subsection.6.23.2}% 1207
\BOOKMARK [3][-]{subsubsection.6.23.2.29}{\376\377\0006\000.\0002\0003\000.\0002\000.\0002\0009\000\040\000r\000A\000u\000d\000i\000o\000B\000u\000f\000f\000e\000r}{subsection.6.23.2}% 1208
\BOOKMARK [3][-]{subsubsection.6.23.2.30}{\376\377\0006\000.\0002\0003\000.\0002\000.\0003\0000\000\040\000r\000A\000u\000d\000i\000o\000P\000r\000o\000c\000e\000s\000s\000o\000r}{subsection.6.23.2}% 1209
\BOOKMARK [3][-]{subsubsection.6.23.2.31}{\376\377\0006\000.\0002\0003\000.\0002\000.\0003\0001\000\040\000R\000a\000y}{subsection.6.23.2}% 1210
\BOOKMARK [3][-]{subsubsection.6.23.2.32}{\376\377\0006\000.\0002\0003\000.\0002\000.\0003\0002\000\040\000R\000a\000y\000C\000o\000l\000l\000i\000s\000i\000o\000n}{subsection.6.23.2}% 1211
\BOOKMARK [3][-]{subsubsection.6.23.2.33}{\376\377\0006\000.\0002\0003\000.\0002\000.\0003\0003\000\040\000R\000e\000c\000t\000a\000n\000g\000l\000e}{subsection.6.23.2}% 1212
\BOOKMARK [3][-]{subsubsection.6.23.2.34}{\376\377\0006\000.\0002\0003\000.\0002\000.\0003\0004\000\040\000R\000e\000n\000d\000e\000r\000T\000e\000x\000t\000u\000r\000e}{subsection.6.23.2}% 1213
\BOOKMARK [3][-]{subsubsection.6.23.2.35}{\376\377\0006\000.\0002\0003\000.\0002\000.\0003\0005\000\040\000R\000e\000n\000d\000e\000r\000T\000e\000x\000t\000u\000r\000e\0002\000D}{subsection.6.23.2}% 1214
\BOOKMARK [3][-]{subsubsection.6.23.2.36}{\376\377\0006\000.\0002\0003\000.\0002\000.\0003\0006\000\040\000S\000a\000v\000e\000F\000i\000l\000e\000D\000a\000t\000a\000C\000a\000l\000l\000b\000a\000c\000k}{subsection.6.23.2}% 1215
\BOOKMARK [3][-]{subsubsection.6.23.2.37}{\376\377\0006\000.\0002\0003\000.\0002\000.\0003\0007\000\040\000S\000a\000v\000e\000F\000i\000l\000e\000T\000e\000x\000t\000C\000a\000l\000l\000b\000a\000c\000k}{subsection.6.23.2}% 1216
\BOOKMARK [3][-]{subsubsection.6.23.2.38}{\376\377\0006\000.\0002\0003\000.\0002\000.\0003\0008\000\040\000S\000h\000a\000d\000e\000r}{subsection.6.23.2}% 1217
\BOOKMARK [3][-]{subsubsection.6.23.2.39}{\376\377\0006\000.\0002\0003\000.\0002\000.\0003\0009\000\040\000S\000o\000u\000n\000d}{subsection.6.23.2}% 1218
\BOOKMARK [3][-]{subsubsection.6.23.2.40}{\376\377\0006\000.\0002\0003\000.\0002\000.\0004\0000\000\040\000T\000e\000x\000t\000u\000r\000e}{subsection.6.23.2}% 1219
\BOOKMARK [3][-]{subsubsection.6.23.2.41}{\376\377\0006\000.\0002\0003\000.\0002\000.\0004\0001\000\040\000T\000e\000x\000t\000u\000r\000e\0002\000D}{subsection.6.23.2}% 1220
\BOOKMARK [3][-]{subsubsection.6.23.2.42}{\376\377\0006\000.\0002\0003\000.\0002\000.\0004\0002\000\040\000T\000e\000x\000t\000u\000r\000e\000C\000u\000b\000e\000m\000a\000p}{subsection.6.23.2}% 1221
\BOOKMARK [3][-]{subsubsection.6.23.2.43}{\376\377\0006\000.\0002\0003\000.\0002\000.\0004\0003\000\040\000T\000r\000a\000c\000e\000L\000o\000g\000C\000a\000l\000l\000b\000a\000c\000k}{subsection.6.23.2}% 1222
\BOOKMARK [3][-]{subsubsection.6.23.2.44}{\376\377\0006\000.\0002\0003\000.\0002\000.\0004\0004\000\040\000T\000r\000a\000n\000s\000f\000o\000r\000m}{subsection.6.23.2}% 1223
\BOOKMARK [3][-]{subsubsection.6.23.2.45}{\376\377\0006\000.\0002\0003\000.\0002\000.\0004\0005\000\040\000V\000e\000c\000t\000o\000r\0002}{subsection.6.23.2}% 1224
\BOOKMARK [3][-]{subsubsection.6.23.2.46}{\376\377\0006\000.\0002\0003\000.\0002\000.\0004\0006\000\040\000V\000e\000c\000t\000o\000r\0003}{subsection.6.23.2}% 1225
\BOOKMARK [3][-]{subsubsection.6.23.2.47}{\376\377\0006\000.\0002\0003\000.\0002\000.\0004\0007\000\040\000V\000e\000c\000t\000o\000r\0004}{subsection.6.23.2}% 1226
\BOOKMARK [3][-]{subsubsection.6.23.2.48}{\376\377\0006\000.\0002\0003\000.\0002\000.\0004\0008\000\040\000V\000r\000D\000e\000v\000i\000c\000e\000I\000n\000f\000o}{subsection.6.23.2}% 1227
\BOOKMARK [3][-]{subsubsection.6.23.2.49}{\376\377\0006\000.\0002\0003\000.\0002\000.\0004\0009\000\040\000V\000r\000S\000t\000e\000r\000e\000o\000C\000o\000n\000f\000i\000g}{subsection.6.23.2}% 1228
\BOOKMARK [3][-]{subsubsection.6.23.2.50}{\376\377\0006\000.\0002\0003\000.\0002\000.\0005\0000\000\040\000W\000a\000v\000e}{subsection.6.23.2}% 1229
\BOOKMARK [2][-]{subsection.6.23.3}{\376\377\0006\000.\0002\0003\000.\0003\000\040\000E\000n\000u\000m\000e\000r\000a\000t\000i\000o\000n\000\040\000T\000y\000p\000e\000\040\000D\000o\000c\000u\000m\000e\000n\000t\000a\000t\000i\000o\000n}{section.6.23}% 1230
\BOOKMARK [3][-]{subsubsection.6.23.3.1}{\376\377\0006\000.\0002\0003\000.\0003\000.\0001\000\040\000B\000l\000e\000n\000d\000M\000o\000d\000e}{subsection.6.23.3}% 1231
\BOOKMARK [3][-]{subsubsection.6.23.3.2}{\376\377\0006\000.\0002\0003\000.\0003\000.\0002\000\040\000b\000o\000o\000l}{subsection.6.23.3}% 1232
\BOOKMARK [3][-]{subsubsection.6.23.3.3}{\376\377\0006\000.\0002\0003\000.\0003\000.\0003\000\040\000C\000a\000m\000e\000r\000a\000M\000o\000d\000e}{subsection.6.23.3}% 1233
\BOOKMARK [3][-]{subsubsection.6.23.3.4}{\376\377\0006\000.\0002\0003\000.\0003\000.\0004\000\040\000C\000a\000m\000e\000r\000a\000P\000r\000o\000j\000e\000c\000t\000i\000o\000n}{subsection.6.23.3}% 1234
\BOOKMARK [3][-]{subsubsection.6.23.3.5}{\376\377\0006\000.\0002\0003\000.\0003\000.\0005\000\040\000C\000o\000n\000f\000i\000g\000F\000l\000a\000g\000s}{subsection.6.23.3}% 1235
\BOOKMARK [3][-]{subsubsection.6.23.3.6}{\376\377\0006\000.\0002\0003\000.\0003\000.\0006\000\040\000C\000u\000b\000e\000m\000a\000p\000L\000a\000y\000o\000u\000t}{subsection.6.23.3}% 1236
\BOOKMARK [3][-]{subsubsection.6.23.3.7}{\376\377\0006\000.\0002\0003\000.\0003\000.\0007\000\040\000F\000o\000n\000t\000T\000y\000p\000e}{subsection.6.23.3}% 1237
\BOOKMARK [3][-]{subsubsection.6.23.3.8}{\376\377\0006\000.\0002\0003\000.\0003\000.\0008\000\040\000G\000a\000m\000e\000p\000a\000d\000A\000x\000i\000s}{subsection.6.23.3}% 1238
\BOOKMARK [3][-]{subsubsection.6.23.3.9}{\376\377\0006\000.\0002\0003\000.\0003\000.\0009\000\040\000G\000a\000m\000e\000p\000a\000d\000B\000u\000t\000t\000o\000n}{subsection.6.23.3}% 1239
\BOOKMARK [3][-]{subsubsection.6.23.3.10}{\376\377\0006\000.\0002\0003\000.\0003\000.\0001\0000\000\040\000G\000e\000s\000t\000u\000r\000e}{subsection.6.23.3}% 1240
\BOOKMARK [3][-]{subsubsection.6.23.3.11}{\376\377\0006\000.\0002\0003\000.\0003\000.\0001\0001\000\040\000K\000e\000y\000b\000o\000a\000r\000d\000K\000e\000y}{subsection.6.23.3}% 1241
\BOOKMARK [3][-]{subsubsection.6.23.3.12}{\376\377\0006\000.\0002\0003\000.\0003\000.\0001\0002\000\040\000M\000a\000t\000e\000r\000i\000a\000l\000M\000a\000p\000I\000n\000d\000e\000x}{subsection.6.23.3}% 1242
\BOOKMARK [3][-]{subsubsection.6.23.3.13}{\376\377\0006\000.\0002\0003\000.\0003\000.\0001\0003\000\040\000M\000o\000u\000s\000e\000B\000u\000t\000t\000o\000n}{subsection.6.23.3}% 1243
\BOOKMARK [3][-]{subsubsection.6.23.3.14}{\376\377\0006\000.\0002\0003\000.\0003\000.\0001\0004\000\040\000M\000o\000u\000s\000e\000C\000u\000r\000s\000o\000r}{subsection.6.23.3}% 1244
\BOOKMARK [3][-]{subsubsection.6.23.3.15}{\376\377\0006\000.\0002\0003\000.\0003\000.\0001\0005\000\040\000N\000P\000a\000t\000c\000h\000L\000a\000y\000o\000u\000t}{subsection.6.23.3}% 1245
\BOOKMARK [3][-]{subsubsection.6.23.3.16}{\376\377\0006\000.\0002\0003\000.\0003\000.\0001\0006\000\040\000P\000i\000x\000e\000l\000F\000o\000r\000m\000a\000t}{subsection.6.23.3}% 1246
\BOOKMARK [3][-]{subsubsection.6.23.3.17}{\376\377\0006\000.\0002\0003\000.\0003\000.\0001\0007\000\040\000S\000h\000a\000d\000e\000r\000A\000t\000t\000r\000i\000b\000u\000t\000e\000D\000a\000t\000a\000T\000y\000p\000e}{subsection.6.23.3}% 1247
\BOOKMARK [3][-]{subsubsection.6.23.3.18}{\376\377\0006\000.\0002\0003\000.\0003\000.\0001\0008\000\040\000S\000h\000a\000d\000e\000r\000L\000o\000c\000a\000t\000i\000o\000n\000I\000n\000d\000e\000x}{subsection.6.23.3}% 1248
\BOOKMARK [3][-]{subsubsection.6.23.3.19}{\376\377\0006\000.\0002\0003\000.\0003\000.\0001\0009\000\040\000S\000h\000a\000d\000e\000r\000U\000n\000i\000f\000o\000r\000m\000D\000a\000t\000a\000T\000y\000p\000e}{subsection.6.23.3}% 1249
\BOOKMARK [3][-]{subsubsection.6.23.3.20}{\376\377\0006\000.\0002\0003\000.\0003\000.\0002\0000\000\040\000T\000e\000x\000t\000u\000r\000e\000F\000i\000l\000t\000e\000r}{subsection.6.23.3}% 1250
\BOOKMARK [3][-]{subsubsection.6.23.3.21}{\376\377\0006\000.\0002\0003\000.\0003\000.\0002\0001\000\040\000T\000e\000x\000t\000u\000r\000e\000W\000r\000a\000p}{subsection.6.23.3}% 1251
\BOOKMARK [3][-]{subsubsection.6.23.3.22}{\376\377\0006\000.\0002\0003\000.\0003\000.\0002\0002\000\040\000T\000r\000a\000c\000e\000L\000o\000g\000L\000e\000v\000e\000l}{subsection.6.23.3}% 1252
\BOOKMARK [2][-]{subsection.6.23.4}{\376\377\0006\000.\0002\0003\000.\0004\000\040\000F\000u\000n\000c\000t\000i\000o\000n\000\040\000D\000o\000c\000u\000m\000e\000n\000t\000a\000t\000i\000o\000n}{section.6.23}% 1253
\BOOKMARK [3][-]{subsubsection.6.23.4.1}{\376\377\0006\000.\0002\0003\000.\0004\000.\0001\000\040\000A\000t\000t\000a\000c\000h\000A\000u\000d\000i\000o\000M\000i\000x\000e\000d\000P\000r\000o\000c\000e\000s\000s\000o\000r\000\050\000\051}{subsection.6.23.4}% 1254
\BOOKMARK [3][-]{subsubsection.6.23.4.2}{\376\377\0006\000.\0002\0003\000.\0004\000.\0002\000\040\000A\000t\000t\000a\000c\000h\000A\000u\000d\000i\000o\000S\000t\000r\000e\000a\000m\000P\000r\000o\000c\000e\000s\000s\000o\000r\000\050\000\051}{subsection.6.23.4}% 1255
\BOOKMARK [3][-]{subsubsection.6.23.4.3}{\376\377\0006\000.\0002\0003\000.\0004\000.\0003\000\040\000B\000e\000g\000i\000n\000B\000l\000e\000n\000d\000M\000o\000d\000e\000\050\000\051}{subsection.6.23.4}% 1256
\BOOKMARK [3][-]{subsubsection.6.23.4.4}{\376\377\0006\000.\0002\0003\000.\0004\000.\0004\000\040\000B\000e\000g\000i\000n\000D\000r\000a\000w\000i\000n\000g\000\050\000\051}{subsection.6.23.4}% 1257
\BOOKMARK [3][-]{subsubsection.6.23.4.5}{\376\377\0006\000.\0002\0003\000.\0004\000.\0005\000\040\000B\000e\000g\000i\000n\000M\000o\000d\000e\0002\000D\000\050\000\051}{subsection.6.23.4}% 1258
\BOOKMARK [3][-]{subsubsection.6.23.4.6}{\376\377\0006\000.\0002\0003\000.\0004\000.\0006\000\040\000B\000e\000g\000i\000n\000M\000o\000d\000e\0003\000D\000\050\000\051}{subsection.6.23.4}% 1259
\BOOKMARK [3][-]{subsubsection.6.23.4.7}{\376\377\0006\000.\0002\0003\000.\0004\000.\0007\000\040\000B\000e\000g\000i\000n\000S\000c\000i\000s\000s\000o\000r\000M\000o\000d\000e\000\050\000\051}{subsection.6.23.4}% 1260
\BOOKMARK [3][-]{subsubsection.6.23.4.8}{\376\377\0006\000.\0002\0003\000.\0004\000.\0008\000\040\000B\000e\000g\000i\000n\000S\000h\000a\000d\000e\000r\000M\000o\000d\000e\000\050\000\051}{subsection.6.23.4}% 1261
\BOOKMARK [3][-]{subsubsection.6.23.4.9}{\376\377\0006\000.\0002\0003\000.\0004\000.\0009\000\040\000B\000e\000g\000i\000n\000T\000e\000x\000t\000u\000r\000e\000M\000o\000d\000e\000\050\000\051}{subsection.6.23.4}% 1262
\BOOKMARK [3][-]{subsubsection.6.23.4.10}{\376\377\0006\000.\0002\0003\000.\0004\000.\0001\0000\000\040\000B\000e\000g\000i\000n\000V\000r\000S\000t\000e\000r\000e\000o\000M\000o\000d\000e\000\050\000\051}{subsection.6.23.4}% 1263
\BOOKMARK [3][-]{subsubsection.6.23.4.11}{\376\377\0006\000.\0002\0003\000.\0004\000.\0001\0001\000\040\000C\000h\000a\000n\000g\000e\000D\000i\000r\000e\000c\000t\000o\000r\000y\000\050\000\051}{subsection.6.23.4}% 1264
\BOOKMARK [3][-]{subsubsection.6.23.4.12}{\376\377\0006\000.\0002\0003\000.\0004\000.\0001\0002\000\040\000C\000h\000e\000c\000k\000C\000o\000l\000l\000i\000s\000i\000o\000n\000B\000o\000x\000e\000s\000\050\000\051}{subsection.6.23.4}% 1265
\BOOKMARK [3][-]{subsubsection.6.23.4.13}{\376\377\0006\000.\0002\0003\000.\0004\000.\0001\0003\000\040\000C\000h\000e\000c\000k\000C\000o\000l\000l\000i\000s\000i\000o\000n\000B\000o\000x\000S\000p\000h\000e\000r\000e\000\050\000\051}{subsection.6.23.4}% 1266
\BOOKMARK [3][-]{subsubsection.6.23.4.14}{\376\377\0006\000.\0002\0003\000.\0004\000.\0001\0004\000\040\000C\000h\000e\000c\000k\000C\000o\000l\000l\000i\000s\000i\000o\000n\000C\000i\000r\000c\000l\000e\000L\000i\000n\000e\000\050\000\051}{subsection.6.23.4}% 1267
\BOOKMARK [3][-]{subsubsection.6.23.4.15}{\376\377\0006\000.\0002\0003\000.\0004\000.\0001\0005\000\040\000C\000h\000e\000c\000k\000C\000o\000l\000l\000i\000s\000i\000o\000n\000C\000i\000r\000c\000l\000e\000R\000e\000c\000\050\000\051}{subsection.6.23.4}% 1268
\BOOKMARK [3][-]{subsubsection.6.23.4.16}{\376\377\0006\000.\0002\0003\000.\0004\000.\0001\0006\000\040\000C\000h\000e\000c\000k\000C\000o\000l\000l\000i\000s\000i\000o\000n\000C\000i\000r\000c\000l\000e\000s\000\050\000\051}{subsection.6.23.4}% 1269
\BOOKMARK [3][-]{subsubsection.6.23.4.17}{\376\377\0006\000.\0002\0003\000.\0004\000.\0001\0007\000\040\000C\000h\000e\000c\000k\000C\000o\000l\000l\000i\000s\000i\000o\000n\000L\000i\000n\000e\000s\000\050\000\051}{subsection.6.23.4}% 1270
\BOOKMARK [3][-]{subsubsection.6.23.4.18}{\376\377\0006\000.\0002\0003\000.\0004\000.\0001\0008\000\040\000C\000h\000e\000c\000k\000C\000o\000l\000l\000i\000s\000i\000o\000n\000P\000o\000i\000n\000t\000C\000i\000r\000c\000l\000e\000\050\000\051}{subsection.6.23.4}% 1271
\BOOKMARK [3][-]{subsubsection.6.23.4.19}{\376\377\0006\000.\0002\0003\000.\0004\000.\0001\0009\000\040\000C\000h\000e\000c\000k\000C\000o\000l\000l\000i\000s\000i\000o\000n\000P\000o\000i\000n\000t\000L\000i\000n\000e\000\050\000\051}{subsection.6.23.4}% 1272
\BOOKMARK [3][-]{subsubsection.6.23.4.20}{\376\377\0006\000.\0002\0003\000.\0004\000.\0002\0000\000\040\000C\000h\000e\000c\000k\000C\000o\000l\000l\000i\000s\000i\000o\000n\000P\000o\000i\000n\000t\000P\000o\000l\000y\000\050\000\051}{subsection.6.23.4}% 1273
\BOOKMARK [3][-]{subsubsection.6.23.4.21}{\376\377\0006\000.\0002\0003\000.\0004\000.\0002\0001\000\040\000C\000h\000e\000c\000k\000C\000o\000l\000l\000i\000s\000i\000o\000n\000P\000o\000i\000n\000t\000R\000e\000c\000\050\000\051}{subsection.6.23.4}% 1274
\BOOKMARK [3][-]{subsubsection.6.23.4.22}{\376\377\0006\000.\0002\0003\000.\0004\000.\0002\0002\000\040\000C\000h\000e\000c\000k\000C\000o\000l\000l\000i\000s\000i\000o\000n\000P\000o\000i\000n\000t\000T\000r\000i\000a\000n\000g\000l\000e\000\050\000\051}{subsection.6.23.4}% 1275
\BOOKMARK [3][-]{subsubsection.6.23.4.23}{\376\377\0006\000.\0002\0003\000.\0004\000.\0002\0003\000\040\000C\000h\000e\000c\000k\000C\000o\000l\000l\000i\000s\000i\000o\000n\000R\000e\000c\000s\000\050\000\051}{subsection.6.23.4}% 1276
\BOOKMARK [3][-]{subsubsection.6.23.4.24}{\376\377\0006\000.\0002\0003\000.\0004\000.\0002\0004\000\040\000C\000h\000e\000c\000k\000C\000o\000l\000l\000i\000s\000i\000o\000n\000S\000p\000h\000e\000r\000e\000s\000\050\000\051}{subsection.6.23.4}% 1277
\BOOKMARK [3][-]{subsubsection.6.23.4.25}{\376\377\0006\000.\0002\0003\000.\0004\000.\0002\0005\000\040\000C\000l\000e\000a\000r\000B\000a\000c\000k\000g\000r\000o\000u\000n\000d\000\050\000\051}{subsection.6.23.4}% 1278
\BOOKMARK [3][-]{subsubsection.6.23.4.26}{\376\377\0006\000.\0002\0003\000.\0004\000.\0002\0006\000\040\000C\000l\000e\000a\000r\000W\000i\000n\000d\000o\000w\000S\000t\000a\000t\000e\000\050\000\051}{subsection.6.23.4}% 1279
\BOOKMARK [3][-]{subsubsection.6.23.4.27}{\376\377\0006\000.\0002\0003\000.\0004\000.\0002\0007\000\040\000C\000l\000o\000s\000e\000A\000u\000d\000i\000o\000D\000e\000v\000i\000c\000e\000\050\000\051}{subsection.6.23.4}% 1280
\BOOKMARK [3][-]{subsubsection.6.23.4.28}{\376\377\0006\000.\0002\0003\000.\0004\000.\0002\0008\000\040\000C\000l\000o\000s\000e\000W\000i\000n\000d\000o\000w\000\050\000\051}{subsection.6.23.4}% 1281
\BOOKMARK [3][-]{subsubsection.6.23.4.29}{\376\377\0006\000.\0002\0003\000.\0004\000.\0002\0009\000\040\000C\000o\000d\000e\000p\000o\000i\000n\000t\000T\000o\000U\000T\000F\0008\000\050\000\051}{subsection.6.23.4}% 1282
\BOOKMARK [3][-]{subsubsection.6.23.4.30}{\376\377\0006\000.\0002\0003\000.\0004\000.\0003\0000\000\040\000C\000o\000l\000o\000r\000A\000l\000p\000h\000a\000\050\000\051}{subsection.6.23.4}% 1283
\BOOKMARK [3][-]{subsubsection.6.23.4.31}{\376\377\0006\000.\0002\0003\000.\0004\000.\0003\0001\000\040\000C\000o\000l\000o\000r\000A\000l\000p\000h\000a\000B\000l\000e\000n\000d\000\050\000\051}{subsection.6.23.4}% 1284
\BOOKMARK [3][-]{subsubsection.6.23.4.32}{\376\377\0006\000.\0002\0003\000.\0004\000.\0003\0002\000\040\000C\000o\000l\000o\000r\000B\000r\000i\000g\000h\000t\000n\000e\000s\000s\000\050\000\051}{subsection.6.23.4}% 1285
\BOOKMARK [3][-]{subsubsection.6.23.4.33}{\376\377\0006\000.\0002\0003\000.\0004\000.\0003\0003\000\040\000C\000o\000l\000o\000r\000C\000o\000n\000t\000r\000a\000s\000t\000\050\000\051}{subsection.6.23.4}% 1286
\BOOKMARK [3][-]{subsubsection.6.23.4.34}{\376\377\0006\000.\0002\0003\000.\0004\000.\0003\0004\000\040\000C\000o\000l\000o\000r\000F\000r\000o\000m\000H\000S\000V\000\050\000\051}{subsection.6.23.4}% 1287
\BOOKMARK [3][-]{subsubsection.6.23.4.35}{\376\377\0006\000.\0002\0003\000.\0004\000.\0003\0005\000\040\000C\000o\000l\000o\000r\000F\000r\000o\000m\000N\000o\000r\000m\000a\000l\000i\000z\000e\000d\000\050\000\051}{subsection.6.23.4}% 1288
\BOOKMARK [3][-]{subsubsection.6.23.4.36}{\376\377\0006\000.\0002\0003\000.\0004\000.\0003\0006\000\040\000C\000o\000l\000o\000r\000I\000s\000E\000q\000u\000a\000l\000\050\000\051}{subsection.6.23.4}% 1289
\BOOKMARK [3][-]{subsubsection.6.23.4.37}{\376\377\0006\000.\0002\0003\000.\0004\000.\0003\0007\000\040\000C\000o\000l\000o\000r\000L\000e\000r\000p\000\050\000\051}{subsection.6.23.4}% 1290
\BOOKMARK [3][-]{subsubsection.6.23.4.38}{\376\377\0006\000.\0002\0003\000.\0004\000.\0003\0008\000\040\000C\000o\000l\000o\000r\000N\000o\000r\000m\000a\000l\000i\000z\000e\000\050\000\051}{subsection.6.23.4}% 1291
\BOOKMARK [3][-]{subsubsection.6.23.4.39}{\376\377\0006\000.\0002\0003\000.\0004\000.\0003\0009\000\040\000C\000o\000l\000o\000r\000T\000i\000n\000t\000\050\000\051}{subsection.6.23.4}% 1292
\BOOKMARK [3][-]{subsubsection.6.23.4.40}{\376\377\0006\000.\0002\0003\000.\0004\000.\0004\0000\000\040\000C\000o\000l\000o\000r\000T\000o\000H\000S\000V\000\050\000\051}{subsection.6.23.4}% 1293
\BOOKMARK [3][-]{subsubsection.6.23.4.41}{\376\377\0006\000.\0002\0003\000.\0004\000.\0004\0001\000\040\000C\000o\000l\000o\000r\000T\000o\000I\000n\000t\000\050\000\051}{subsection.6.23.4}% 1294
\BOOKMARK [3][-]{subsubsection.6.23.4.42}{\376\377\0006\000.\0002\0003\000.\0004\000.\0004\0002\000\040\000C\000o\000m\000p\000r\000e\000s\000s\000D\000a\000t\000a\000\050\000\051}{subsection.6.23.4}% 1295
\BOOKMARK [3][-]{subsubsection.6.23.4.43}{\376\377\0006\000.\0002\0003\000.\0004\000.\0004\0003\000\040\000C\000o\000m\000p\000u\000t\000e\000C\000R\000C\0003\0002\000\050\000\051}{subsection.6.23.4}% 1296
\BOOKMARK [3][-]{subsubsection.6.23.4.44}{\376\377\0006\000.\0002\0003\000.\0004\000.\0004\0004\000\040\000C\000o\000m\000p\000u\000t\000e\000M\000D\0005\000\050\000\051}{subsection.6.23.4}% 1297
\BOOKMARK [3][-]{subsubsection.6.23.4.45}{\376\377\0006\000.\0002\0003\000.\0004\000.\0004\0005\000\040\000C\000o\000m\000p\000u\000t\000e\000S\000H\000A\0001\000\050\000\051}{subsection.6.23.4}% 1298
\BOOKMARK [3][-]{subsubsection.6.23.4.46}{\376\377\0006\000.\0002\0003\000.\0004\000.\0004\0006\000\040\000C\000o\000m\000p\000u\000t\000e\000S\000H\000A\0002\0005\0006\000\050\000\051}{subsection.6.23.4}% 1299
\BOOKMARK [3][-]{subsubsection.6.23.4.47}{\376\377\0006\000.\0002\0003\000.\0004\000.\0004\0007\000\040\000D\000e\000c\000o\000d\000e\000D\000a\000t\000a\000B\000a\000s\000e\0006\0004\000\050\000\051}{subsection.6.23.4}% 1300
\BOOKMARK [3][-]{subsubsection.6.23.4.48}{\376\377\0006\000.\0002\0003\000.\0004\000.\0004\0008\000\040\000D\000e\000c\000o\000m\000p\000r\000e\000s\000s\000D\000a\000t\000a\000\050\000\051}{subsection.6.23.4}% 1301
\BOOKMARK [3][-]{subsubsection.6.23.4.49}{\376\377\0006\000.\0002\0003\000.\0004\000.\0004\0009\000\040\000D\000e\000t\000a\000c\000h\000A\000u\000d\000i\000o\000M\000i\000x\000e\000d\000P\000r\000o\000c\000e\000s\000s\000o\000r\000\050\000\051}{subsection.6.23.4}% 1302
\BOOKMARK [3][-]{subsubsection.6.23.4.50}{\376\377\0006\000.\0002\0003\000.\0004\000.\0005\0000\000\040\000D\000e\000t\000a\000c\000h\000A\000u\000d\000i\000o\000S\000t\000r\000e\000a\000m\000P\000r\000o\000c\000e\000s\000s\000o\000r\000\050\000\051}{subsection.6.23.4}% 1303
\BOOKMARK [3][-]{subsubsection.6.23.4.51}{\376\377\0006\000.\0002\0003\000.\0004\000.\0005\0001\000\040\000D\000i\000r\000e\000c\000t\000o\000r\000y\000E\000x\000i\000s\000t\000s\000\050\000\051}{subsection.6.23.4}% 1304
\BOOKMARK [3][-]{subsubsection.6.23.4.52}{\376\377\0006\000.\0002\0003\000.\0004\000.\0005\0002\000\040\000D\000i\000s\000a\000b\000l\000e\000C\000u\000r\000s\000o\000r\000\050\000\051}{subsection.6.23.4}% 1305
\BOOKMARK [3][-]{subsubsection.6.23.4.53}{\376\377\0006\000.\0002\0003\000.\0004\000.\0005\0003\000\040\000D\000i\000s\000a\000b\000l\000e\000E\000v\000e\000n\000t\000W\000a\000i\000t\000i\000n\000g\000\050\000\051}{subsection.6.23.4}% 1306
\BOOKMARK [3][-]{subsubsection.6.23.4.54}{\376\377\0006\000.\0002\0003\000.\0004\000.\0005\0004\000\040\000D\000r\000a\000w\000B\000i\000l\000l\000b\000o\000a\000r\000d\000\050\000\051}{subsection.6.23.4}% 1307
\BOOKMARK [3][-]{subsubsection.6.23.4.55}{\376\377\0006\000.\0002\0003\000.\0004\000.\0005\0005\000\040\000D\000r\000a\000w\000B\000i\000l\000l\000b\000o\000a\000r\000d\000P\000r\000o\000\050\000\051}{subsection.6.23.4}% 1308
\BOOKMARK [3][-]{subsubsection.6.23.4.56}{\376\377\0006\000.\0002\0003\000.\0004\000.\0005\0006\000\040\000D\000r\000a\000w\000B\000i\000l\000l\000b\000o\000a\000r\000d\000R\000e\000c\000\050\000\051}{subsection.6.23.4}% 1309
\BOOKMARK [3][-]{subsubsection.6.23.4.57}{\376\377\0006\000.\0002\0003\000.\0004\000.\0005\0007\000\040\000D\000r\000a\000w\000B\000o\000u\000n\000d\000i\000n\000g\000B\000o\000x\000\050\000\051}{subsection.6.23.4}% 1310
\BOOKMARK [3][-]{subsubsection.6.23.4.58}{\376\377\0006\000.\0002\0003\000.\0004\000.\0005\0008\000\040\000D\000r\000a\000w\000C\000a\000p\000s\000u\000l\000e\000\050\000\051}{subsection.6.23.4}% 1311
\BOOKMARK [3][-]{subsubsection.6.23.4.59}{\376\377\0006\000.\0002\0003\000.\0004\000.\0005\0009\000\040\000D\000r\000a\000w\000C\000a\000p\000s\000u\000l\000e\000W\000i\000r\000e\000s\000\050\000\051}{subsection.6.23.4}% 1312
\BOOKMARK [3][-]{subsubsection.6.23.4.60}{\376\377\0006\000.\0002\0003\000.\0004\000.\0006\0000\000\040\000D\000r\000a\000w\000C\000i\000r\000c\000l\000e\000\050\000\051}{subsection.6.23.4}% 1313
\BOOKMARK [3][-]{subsubsection.6.23.4.61}{\376\377\0006\000.\0002\0003\000.\0004\000.\0006\0001\000\040\000D\000r\000a\000w\000C\000i\000r\000c\000l\000e\0003\000D\000\050\000\051}{subsection.6.23.4}% 1314
\BOOKMARK [3][-]{subsubsection.6.23.4.62}{\376\377\0006\000.\0002\0003\000.\0004\000.\0006\0002\000\040\000D\000r\000a\000w\000C\000i\000r\000c\000l\000e\000G\000r\000a\000d\000i\000e\000n\000t\000\050\000\051}{subsection.6.23.4}% 1315
\BOOKMARK [3][-]{subsubsection.6.23.4.63}{\376\377\0006\000.\0002\0003\000.\0004\000.\0006\0003\000\040\000D\000r\000a\000w\000C\000i\000r\000c\000l\000e\000L\000i\000n\000e\000s\000\050\000\051}{subsection.6.23.4}% 1316
\BOOKMARK [3][-]{subsubsection.6.23.4.64}{\376\377\0006\000.\0002\0003\000.\0004\000.\0006\0004\000\040\000D\000r\000a\000w\000C\000i\000r\000c\000l\000e\000L\000i\000n\000e\000s\000V\000\050\000\051}{subsection.6.23.4}% 1317
\BOOKMARK [3][-]{subsubsection.6.23.4.65}{\376\377\0006\000.\0002\0003\000.\0004\000.\0006\0005\000\040\000D\000r\000a\000w\000C\000i\000r\000c\000l\000e\000S\000e\000c\000t\000o\000r\000\050\000\051}{subsection.6.23.4}% 1318
\BOOKMARK [3][-]{subsubsection.6.23.4.66}{\376\377\0006\000.\0002\0003\000.\0004\000.\0006\0006\000\040\000D\000r\000a\000w\000C\000i\000r\000c\000l\000e\000S\000e\000c\000t\000o\000r\000L\000i\000n\000e\000s\000\050\000\051}{subsection.6.23.4}% 1319
\BOOKMARK [3][-]{subsubsection.6.23.4.67}{\376\377\0006\000.\0002\0003\000.\0004\000.\0006\0007\000\040\000D\000r\000a\000w\000C\000i\000r\000c\000l\000e\000V\000\050\000\051}{subsection.6.23.4}% 1320
\BOOKMARK [3][-]{subsubsection.6.23.4.68}{\376\377\0006\000.\0002\0003\000.\0004\000.\0006\0008\000\040\000D\000r\000a\000w\000C\000u\000b\000e\000\050\000\051}{subsection.6.23.4}% 1321
\BOOKMARK [3][-]{subsubsection.6.23.4.69}{\376\377\0006\000.\0002\0003\000.\0004\000.\0006\0009\000\040\000D\000r\000a\000w\000C\000u\000b\000e\000V\000\050\000\051}{subsection.6.23.4}% 1322
\BOOKMARK [3][-]{subsubsection.6.23.4.70}{\376\377\0006\000.\0002\0003\000.\0004\000.\0007\0000\000\040\000D\000r\000a\000w\000C\000u\000b\000e\000W\000i\000r\000e\000s\000\050\000\051}{subsection.6.23.4}% 1323
\BOOKMARK [3][-]{subsubsection.6.23.4.71}{\376\377\0006\000.\0002\0003\000.\0004\000.\0007\0001\000\040\000D\000r\000a\000w\000C\000u\000b\000e\000W\000i\000r\000e\000s\000V\000\050\000\051}{subsection.6.23.4}% 1324
\BOOKMARK [3][-]{subsubsection.6.23.4.72}{\376\377\0006\000.\0002\0003\000.\0004\000.\0007\0002\000\040\000D\000r\000a\000w\000C\000y\000l\000i\000n\000d\000e\000r\000\050\000\051}{subsection.6.23.4}% 1325
\BOOKMARK [3][-]{subsubsection.6.23.4.73}{\376\377\0006\000.\0002\0003\000.\0004\000.\0007\0003\000\040\000D\000r\000a\000w\000C\000y\000l\000i\000n\000d\000e\000r\000E\000x\000\050\000\051}{subsection.6.23.4}% 1326
\BOOKMARK [3][-]{subsubsection.6.23.4.74}{\376\377\0006\000.\0002\0003\000.\0004\000.\0007\0004\000\040\000D\000r\000a\000w\000C\000y\000l\000i\000n\000d\000e\000r\000W\000i\000r\000e\000s\000\050\000\051}{subsection.6.23.4}% 1327
\BOOKMARK [3][-]{subsubsection.6.23.4.75}{\376\377\0006\000.\0002\0003\000.\0004\000.\0007\0005\000\040\000D\000r\000a\000w\000C\000y\000l\000i\000n\000d\000e\000r\000W\000i\000r\000e\000s\000E\000x\000\050\000\051}{subsection.6.23.4}% 1328
\BOOKMARK [3][-]{subsubsection.6.23.4.76}{\376\377\0006\000.\0002\0003\000.\0004\000.\0007\0006\000\040\000D\000r\000a\000w\000E\000l\000l\000i\000p\000s\000e\000\050\000\051}{subsection.6.23.4}% 1329
\BOOKMARK [3][-]{subsubsection.6.23.4.77}{\376\377\0006\000.\0002\0003\000.\0004\000.\0007\0007\000\040\000D\000r\000a\000w\000E\000l\000l\000i\000p\000s\000e\000L\000i\000n\000e\000s\000\050\000\051}{subsection.6.23.4}% 1330
\BOOKMARK [3][-]{subsubsection.6.23.4.78}{\376\377\0006\000.\0002\0003\000.\0004\000.\0007\0008\000\040\000D\000r\000a\000w\000E\000l\000l\000i\000p\000s\000e\000L\000i\000n\000e\000s\000V\000\050\000\051}{subsection.6.23.4}% 1331
\BOOKMARK [3][-]{subsubsection.6.23.4.79}{\376\377\0006\000.\0002\0003\000.\0004\000.\0007\0009\000\040\000D\000r\000a\000w\000E\000l\000l\000i\000p\000s\000e\000V\000\050\000\051}{subsection.6.23.4}% 1332
\BOOKMARK [3][-]{subsubsection.6.23.4.80}{\376\377\0006\000.\0002\0003\000.\0004\000.\0008\0000\000\040\000D\000r\000a\000w\000F\000P\000S\000\050\000\051}{subsection.6.23.4}% 1333
\BOOKMARK [3][-]{subsubsection.6.23.4.81}{\376\377\0006\000.\0002\0003\000.\0004\000.\0008\0001\000\040\000D\000r\000a\000w\000G\000r\000i\000d\000\050\000\051}{subsection.6.23.4}% 1334
\BOOKMARK [3][-]{subsubsection.6.23.4.82}{\376\377\0006\000.\0002\0003\000.\0004\000.\0008\0002\000\040\000D\000r\000a\000w\000L\000i\000n\000e\000\050\000\051}{subsection.6.23.4}% 1335
\BOOKMARK [3][-]{subsubsection.6.23.4.83}{\376\377\0006\000.\0002\0003\000.\0004\000.\0008\0003\000\040\000D\000r\000a\000w\000L\000i\000n\000e\0003\000D\000\050\000\051}{subsection.6.23.4}% 1336
\BOOKMARK [3][-]{subsubsection.6.23.4.84}{\376\377\0006\000.\0002\0003\000.\0004\000.\0008\0004\000\040\000D\000r\000a\000w\000L\000i\000n\000e\000B\000e\000z\000i\000e\000r\000\050\000\051}{subsection.6.23.4}% 1337
\BOOKMARK [3][-]{subsubsection.6.23.4.85}{\376\377\0006\000.\0002\0003\000.\0004\000.\0008\0005\000\040\000D\000r\000a\000w\000L\000i\000n\000e\000D\000a\000s\000h\000e\000d\000\050\000\051}{subsection.6.23.4}% 1338
\BOOKMARK [3][-]{subsubsection.6.23.4.86}{\376\377\0006\000.\0002\0003\000.\0004\000.\0008\0006\000\040\000D\000r\000a\000w\000L\000i\000n\000e\000E\000x\000\050\000\051}{subsection.6.23.4}% 1339
\BOOKMARK [3][-]{subsubsection.6.23.4.87}{\376\377\0006\000.\0002\0003\000.\0004\000.\0008\0007\000\040\000D\000r\000a\000w\000L\000i\000n\000e\000S\000t\000r\000i\000p\000\050\000\051}{subsection.6.23.4}% 1340
\BOOKMARK [3][-]{subsubsection.6.23.4.88}{\376\377\0006\000.\0002\0003\000.\0004\000.\0008\0008\000\040\000D\000r\000a\000w\000L\000i\000n\000e\000V\000\050\000\051}{subsection.6.23.4}% 1341
\BOOKMARK [3][-]{subsubsection.6.23.4.89}{\376\377\0006\000.\0002\0003\000.\0004\000.\0008\0009\000\040\000D\000r\000a\000w\000M\000e\000s\000h\000\050\000\051}{subsection.6.23.4}% 1342
\BOOKMARK [3][-]{subsubsection.6.23.4.90}{\376\377\0006\000.\0002\0003\000.\0004\000.\0009\0000\000\040\000D\000r\000a\000w\000M\000e\000s\000h\000I\000n\000s\000t\000a\000n\000c\000e\000d\000\050\000\051}{subsection.6.23.4}% 1343
\BOOKMARK [3][-]{subsubsection.6.23.4.91}{\376\377\0006\000.\0002\0003\000.\0004\000.\0009\0001\000\040\000D\000r\000a\000w\000M\000o\000d\000e\000l\000\050\000\051}{subsection.6.23.4}% 1344
\BOOKMARK [3][-]{subsubsection.6.23.4.92}{\376\377\0006\000.\0002\0003\000.\0004\000.\0009\0002\000\040\000D\000r\000a\000w\000M\000o\000d\000e\000l\000E\000x\000\050\000\051}{subsection.6.23.4}% 1345
\BOOKMARK [3][-]{subsubsection.6.23.4.93}{\376\377\0006\000.\0002\0003\000.\0004\000.\0009\0003\000\040\000D\000r\000a\000w\000M\000o\000d\000e\000l\000W\000i\000r\000e\000s\000\050\000\051}{subsection.6.23.4}% 1346
\BOOKMARK [3][-]{subsubsection.6.23.4.94}{\376\377\0006\000.\0002\0003\000.\0004\000.\0009\0004\000\040\000D\000r\000a\000w\000M\000o\000d\000e\000l\000W\000i\000r\000e\000s\000E\000x\000\050\000\051}{subsection.6.23.4}% 1347
\BOOKMARK [3][-]{subsubsection.6.23.4.95}{\376\377\0006\000.\0002\0003\000.\0004\000.\0009\0005\000\040\000D\000r\000a\000w\000P\000i\000x\000e\000l\000\050\000\051}{subsection.6.23.4}% 1348
\BOOKMARK [3][-]{subsubsection.6.23.4.96}{\376\377\0006\000.\0002\0003\000.\0004\000.\0009\0006\000\040\000D\000r\000a\000w\000P\000i\000x\000e\000l\000V\000\050\000\051}{subsection.6.23.4}% 1349
\BOOKMARK [3][-]{subsubsection.6.23.4.97}{\376\377\0006\000.\0002\0003\000.\0004\000.\0009\0007\000\040\000D\000r\000a\000w\000P\000l\000a\000n\000e\000\050\000\051}{subsection.6.23.4}% 1350
\BOOKMARK [3][-]{subsubsection.6.23.4.98}{\376\377\0006\000.\0002\0003\000.\0004\000.\0009\0008\000\040\000D\000r\000a\000w\000P\000o\000i\000n\000t\0003\000D\000\050\000\051}{subsection.6.23.4}% 1351
\BOOKMARK [3][-]{subsubsection.6.23.4.99}{\376\377\0006\000.\0002\0003\000.\0004\000.\0009\0009\000\040\000D\000r\000a\000w\000P\000o\000l\000y\000\050\000\051}{subsection.6.23.4}% 1352
\BOOKMARK [3][-]{subsubsection.6.23.4.100}{\376\377\0006\000.\0002\0003\000.\0004\000.\0001\0000\0000\000\040\000D\000r\000a\000w\000P\000o\000l\000y\000L\000i\000n\000e\000s\000\050\000\051}{subsection.6.23.4}% 1353
\BOOKMARK [3][-]{subsubsection.6.23.4.101}{\376\377\0006\000.\0002\0003\000.\0004\000.\0001\0000\0001\000\040\000D\000r\000a\000w\000P\000o\000l\000y\000L\000i\000n\000e\000s\000E\000x\000\050\000\051}{subsection.6.23.4}% 1354
\BOOKMARK [3][-]{subsubsection.6.23.4.102}{\376\377\0006\000.\0002\0003\000.\0004\000.\0001\0000\0002\000\040\000D\000r\000a\000w\000R\000a\000y\000\050\000\051}{subsection.6.23.4}% 1355
\BOOKMARK [3][-]{subsubsection.6.23.4.103}{\376\377\0006\000.\0002\0003\000.\0004\000.\0001\0000\0003\000\040\000D\000r\000a\000w\000R\000e\000c\000t\000a\000n\000g\000l\000e\000\050\000\051}{subsection.6.23.4}% 1356
\BOOKMARK [3][-]{subsubsection.6.23.4.104}{\376\377\0006\000.\0002\0003\000.\0004\000.\0001\0000\0004\000\040\000D\000r\000a\000w\000R\000e\000c\000t\000a\000n\000g\000l\000e\000G\000r\000a\000d\000i\000e\000n\000t\000E\000x\000\050\000\051}{subsection.6.23.4}% 1357
\BOOKMARK [3][-]{subsubsection.6.23.4.105}{\376\377\0006\000.\0002\0003\000.\0004\000.\0001\0000\0005\000\040\000D\000r\000a\000w\000R\000e\000c\000t\000a\000n\000g\000l\000e\000G\000r\000a\000d\000i\000e\000n\000t\000H\000\050\000\051}{subsection.6.23.4}% 1358
\BOOKMARK [3][-]{subsubsection.6.23.4.106}{\376\377\0006\000.\0002\0003\000.\0004\000.\0001\0000\0006\000\040\000D\000r\000a\000w\000R\000e\000c\000t\000a\000n\000g\000l\000e\000G\000r\000a\000d\000i\000e\000n\000t\000V\000\050\000\051}{subsection.6.23.4}% 1359
\BOOKMARK [3][-]{subsubsection.6.23.4.107}{\376\377\0006\000.\0002\0003\000.\0004\000.\0001\0000\0007\000\040\000D\000r\000a\000w\000R\000e\000c\000t\000a\000n\000g\000l\000e\000L\000i\000n\000e\000s\000\050\000\051}{subsection.6.23.4}% 1360
\BOOKMARK [3][-]{subsubsection.6.23.4.108}{\376\377\0006\000.\0002\0003\000.\0004\000.\0001\0000\0008\000\040\000D\000r\000a\000w\000R\000e\000c\000t\000a\000n\000g\000l\000e\000L\000i\000n\000e\000s\000E\000x\000\050\000\051}{subsection.6.23.4}% 1361
\BOOKMARK [3][-]{subsubsection.6.23.4.109}{\376\377\0006\000.\0002\0003\000.\0004\000.\0001\0000\0009\000\040\000D\000r\000a\000w\000R\000e\000c\000t\000a\000n\000g\000l\000e\000P\000r\000o\000\050\000\051}{subsection.6.23.4}% 1362
\BOOKMARK [3][-]{subsubsection.6.23.4.110}{\376\377\0006\000.\0002\0003\000.\0004\000.\0001\0001\0000\000\040\000D\000r\000a\000w\000R\000e\000c\000t\000a\000n\000g\000l\000e\000R\000e\000c\000\050\000\051}{subsection.6.23.4}% 1363
\BOOKMARK [3][-]{subsubsection.6.23.4.111}{\376\377\0006\000.\0002\0003\000.\0004\000.\0001\0001\0001\000\040\000D\000r\000a\000w\000R\000e\000c\000t\000a\000n\000g\000l\000e\000R\000o\000u\000n\000d\000e\000d\000\050\000\051}{subsection.6.23.4}% 1364
\BOOKMARK [3][-]{subsubsection.6.23.4.112}{\376\377\0006\000.\0002\0003\000.\0004\000.\0001\0001\0002\000\040\000D\000r\000a\000w\000R\000e\000c\000t\000a\000n\000g\000l\000e\000R\000o\000u\000n\000d\000e\000d\000L\000i\000n\000e\000s\000\050\000\051}{subsection.6.23.4}% 1365
\BOOKMARK [3][-]{subsubsection.6.23.4.113}{\376\377\0006\000.\0002\0003\000.\0004\000.\0001\0001\0003\000\040\000D\000r\000a\000w\000R\000e\000c\000t\000a\000n\000g\000l\000e\000R\000o\000u\000n\000d\000e\000d\000L\000i\000n\000e\000s\000E\000x\000\050\000\051}{subsection.6.23.4}% 1366
\BOOKMARK [3][-]{subsubsection.6.23.4.114}{\376\377\0006\000.\0002\0003\000.\0004\000.\0001\0001\0004\000\040\000D\000r\000a\000w\000R\000e\000c\000t\000a\000n\000g\000l\000e\000V\000\050\000\051}{subsection.6.23.4}% 1367
\BOOKMARK [3][-]{subsubsection.6.23.4.115}{\376\377\0006\000.\0002\0003\000.\0004\000.\0001\0001\0005\000\040\000D\000r\000a\000w\000R\000i\000n\000g\000\050\000\051}{subsection.6.23.4}% 1368
\BOOKMARK [3][-]{subsubsection.6.23.4.116}{\376\377\0006\000.\0002\0003\000.\0004\000.\0001\0001\0006\000\040\000D\000r\000a\000w\000R\000i\000n\000g\000L\000i\000n\000e\000s\000\050\000\051}{subsection.6.23.4}% 1369
\BOOKMARK [3][-]{subsubsection.6.23.4.117}{\376\377\0006\000.\0002\0003\000.\0004\000.\0001\0001\0007\000\040\000D\000r\000a\000w\000S\000p\000h\000e\000r\000e\000\050\000\051}{subsection.6.23.4}% 1370
\BOOKMARK [3][-]{subsubsection.6.23.4.118}{\376\377\0006\000.\0002\0003\000.\0004\000.\0001\0001\0008\000\040\000D\000r\000a\000w\000S\000p\000h\000e\000r\000e\000E\000x\000\050\000\051}{subsection.6.23.4}% 1371
\BOOKMARK [3][-]{subsubsection.6.23.4.119}{\376\377\0006\000.\0002\0003\000.\0004\000.\0001\0001\0009\000\040\000D\000r\000a\000w\000S\000p\000h\000e\000r\000e\000W\000i\000r\000e\000s\000\050\000\051}{subsection.6.23.4}% 1372
\BOOKMARK [3][-]{subsubsection.6.23.4.120}{\376\377\0006\000.\0002\0003\000.\0004\000.\0001\0002\0000\000\040\000D\000r\000a\000w\000S\000p\000l\000i\000n\000e\000B\000a\000s\000i\000s\000\050\000\051}{subsection.6.23.4}% 1373
\BOOKMARK [3][-]{subsubsection.6.23.4.121}{\376\377\0006\000.\0002\0003\000.\0004\000.\0001\0002\0001\000\040\000D\000r\000a\000w\000S\000p\000l\000i\000n\000e\000B\000e\000z\000i\000e\000r\000C\000u\000b\000i\000c\000\050\000\051}{subsection.6.23.4}% 1374
\BOOKMARK [3][-]{subsubsection.6.23.4.122}{\376\377\0006\000.\0002\0003\000.\0004\000.\0001\0002\0002\000\040\000D\000r\000a\000w\000S\000p\000l\000i\000n\000e\000B\000e\000z\000i\000e\000r\000Q\000u\000a\000d\000r\000a\000t\000i\000c\000\050\000\051}{subsection.6.23.4}% 1375
\BOOKMARK [3][-]{subsubsection.6.23.4.123}{\376\377\0006\000.\0002\0003\000.\0004\000.\0001\0002\0003\000\040\000D\000r\000a\000w\000S\000p\000l\000i\000n\000e\000C\000a\000t\000m\000u\000l\000l\000R\000o\000m\000\050\000\051}{subsection.6.23.4}% 1376
\BOOKMARK [3][-]{subsubsection.6.23.4.124}{\376\377\0006\000.\0002\0003\000.\0004\000.\0001\0002\0004\000\040\000D\000r\000a\000w\000S\000p\000l\000i\000n\000e\000L\000i\000n\000e\000a\000r\000\050\000\051}{subsection.6.23.4}% 1377
\BOOKMARK [3][-]{subsubsection.6.23.4.125}{\376\377\0006\000.\0002\0003\000.\0004\000.\0001\0002\0005\000\040\000D\000r\000a\000w\000S\000p\000l\000i\000n\000e\000S\000e\000g\000m\000e\000n\000t\000B\000a\000s\000i\000s\000\050\000\051}{subsection.6.23.4}% 1378
\BOOKMARK [3][-]{subsubsection.6.23.4.126}{\376\377\0006\000.\0002\0003\000.\0004\000.\0001\0002\0006\000\040\000D\000r\000a\000w\000S\000p\000l\000i\000n\000e\000S\000e\000g\000m\000e\000n\000t\000B\000e\000z\000i\000e\000r\000C\000u\000b\000i\000c\000\050\000\051}{subsection.6.23.4}% 1379
\BOOKMARK [3][-]{subsubsection.6.23.4.127}{\376\377\0006\000.\0002\0003\000.\0004\000.\0001\0002\0007\000\040\000D\000r\000a\000w\000S\000p\000l\000i\000n\000e\000S\000e\000g\000m\000e\000n\000t\000B\000e\000z\000i\000e\000r\000Q\000u\000a\000d\000r\000a\000t\000i\000c\000\050\000\051}{subsection.6.23.4}% 1380
\BOOKMARK [3][-]{subsubsection.6.23.4.128}{\376\377\0006\000.\0002\0003\000.\0004\000.\0001\0002\0008\000\040\000D\000r\000a\000w\000S\000p\000l\000i\000n\000e\000S\000e\000g\000m\000e\000n\000t\000C\000a\000t\000m\000u\000l\000l\000R\000o\000m\000\050\000\051}{subsection.6.23.4}% 1381
\BOOKMARK [3][-]{subsubsection.6.23.4.129}{\376\377\0006\000.\0002\0003\000.\0004\000.\0001\0002\0009\000\040\000D\000r\000a\000w\000S\000p\000l\000i\000n\000e\000S\000e\000g\000m\000e\000n\000t\000L\000i\000n\000e\000a\000r\000\050\000\051}{subsection.6.23.4}% 1382
\BOOKMARK [3][-]{subsubsection.6.23.4.130}{\376\377\0006\000.\0002\0003\000.\0004\000.\0001\0003\0000\000\040\000D\000r\000a\000w\000T\000e\000x\000t\000\050\000\051}{subsection.6.23.4}% 1383
\BOOKMARK [3][-]{subsubsection.6.23.4.131}{\376\377\0006\000.\0002\0003\000.\0004\000.\0001\0003\0001\000\040\000D\000r\000a\000w\000T\000e\000x\000t\000C\000o\000d\000e\000p\000o\000i\000n\000t\000\050\000\051}{subsection.6.23.4}% 1384
\BOOKMARK [3][-]{subsubsection.6.23.4.132}{\376\377\0006\000.\0002\0003\000.\0004\000.\0001\0003\0002\000\040\000D\000r\000a\000w\000T\000e\000x\000t\000C\000o\000d\000e\000p\000o\000i\000n\000t\000s\000\050\000\051}{subsection.6.23.4}% 1385
\BOOKMARK [3][-]{subsubsection.6.23.4.133}{\376\377\0006\000.\0002\0003\000.\0004\000.\0001\0003\0003\000\040\000D\000r\000a\000w\000T\000e\000x\000t\000E\000x\000\050\000\051}{subsection.6.23.4}% 1386
\BOOKMARK [3][-]{subsubsection.6.23.4.134}{\376\377\0006\000.\0002\0003\000.\0004\000.\0001\0003\0004\000\040\000D\000r\000a\000w\000T\000e\000x\000t\000P\000r\000o\000\050\000\051}{subsection.6.23.4}% 1387
\BOOKMARK [3][-]{subsubsection.6.23.4.135}{\376\377\0006\000.\0002\0003\000.\0004\000.\0001\0003\0005\000\040\000D\000r\000a\000w\000T\000e\000x\000t\000u\000r\000e\000\050\000\051}{subsection.6.23.4}% 1388
\BOOKMARK [3][-]{subsubsection.6.23.4.136}{\376\377\0006\000.\0002\0003\000.\0004\000.\0001\0003\0006\000\040\000D\000r\000a\000w\000T\000e\000x\000t\000u\000r\000e\000E\000x\000\050\000\051}{subsection.6.23.4}% 1389
\BOOKMARK [3][-]{subsubsection.6.23.4.137}{\376\377\0006\000.\0002\0003\000.\0004\000.\0001\0003\0007\000\040\000D\000r\000a\000w\000T\000e\000x\000t\000u\000r\000e\000N\000P\000a\000t\000c\000h\000\050\000\051}{subsection.6.23.4}% 1390
\BOOKMARK [3][-]{subsubsection.6.23.4.138}{\376\377\0006\000.\0002\0003\000.\0004\000.\0001\0003\0008\000\040\000D\000r\000a\000w\000T\000e\000x\000t\000u\000r\000e\000P\000r\000o\000\050\000\051}{subsection.6.23.4}% 1391
\BOOKMARK [3][-]{subsubsection.6.23.4.139}{\376\377\0006\000.\0002\0003\000.\0004\000.\0001\0003\0009\000\040\000D\000r\000a\000w\000T\000e\000x\000t\000u\000r\000e\000R\000e\000c\000\050\000\051}{subsection.6.23.4}% 1392
\BOOKMARK [3][-]{subsubsection.6.23.4.140}{\376\377\0006\000.\0002\0003\000.\0004\000.\0001\0004\0000\000\040\000D\000r\000a\000w\000T\000e\000x\000t\000u\000r\000e\000V\000\050\000\051}{subsection.6.23.4}% 1393
\BOOKMARK [3][-]{subsubsection.6.23.4.141}{\376\377\0006\000.\0002\0003\000.\0004\000.\0001\0004\0001\000\040\000D\000r\000a\000w\000T\000r\000i\000a\000n\000g\000l\000e\000\050\000\051}{subsection.6.23.4}% 1394
\BOOKMARK [3][-]{subsubsection.6.23.4.142}{\376\377\0006\000.\0002\0003\000.\0004\000.\0001\0004\0002\000\040\000D\000r\000a\000w\000T\000r\000i\000a\000n\000g\000l\000e\0003\000D\000\050\000\051}{subsection.6.23.4}% 1395
\BOOKMARK [3][-]{subsubsection.6.23.4.143}{\376\377\0006\000.\0002\0003\000.\0004\000.\0001\0004\0003\000\040\000D\000r\000a\000w\000T\000r\000i\000a\000n\000g\000l\000e\000F\000a\000n\000\050\000\051}{subsection.6.23.4}% 1396
\BOOKMARK [3][-]{subsubsection.6.23.4.144}{\376\377\0006\000.\0002\0003\000.\0004\000.\0001\0004\0004\000\040\000D\000r\000a\000w\000T\000r\000i\000a\000n\000g\000l\000e\000L\000i\000n\000e\000s\000\050\000\051}{subsection.6.23.4}% 1397
\BOOKMARK [3][-]{subsubsection.6.23.4.145}{\376\377\0006\000.\0002\0003\000.\0004\000.\0001\0004\0005\000\040\000D\000r\000a\000w\000T\000r\000i\000a\000n\000g\000l\000e\000S\000t\000r\000i\000p\000\050\000\051}{subsection.6.23.4}% 1398
\BOOKMARK [3][-]{subsubsection.6.23.4.146}{\376\377\0006\000.\0002\0003\000.\0004\000.\0001\0004\0006\000\040\000D\000r\000a\000w\000T\000r\000i\000a\000n\000g\000l\000e\000S\000t\000r\000i\000p\0003\000D\000\050\000\051}{subsection.6.23.4}% 1399
\BOOKMARK [3][-]{subsubsection.6.23.4.147}{\376\377\0006\000.\0002\0003\000.\0004\000.\0001\0004\0007\000\040\000E\000n\000a\000b\000l\000e\000C\000u\000r\000s\000o\000r\000\050\000\051}{subsection.6.23.4}% 1400
\BOOKMARK [3][-]{subsubsection.6.23.4.148}{\376\377\0006\000.\0002\0003\000.\0004\000.\0001\0004\0008\000\040\000E\000n\000a\000b\000l\000e\000E\000v\000e\000n\000t\000W\000a\000i\000t\000i\000n\000g\000\050\000\051}{subsection.6.23.4}% 1401
\BOOKMARK [3][-]{subsubsection.6.23.4.149}{\376\377\0006\000.\0002\0003\000.\0004\000.\0001\0004\0009\000\040\000E\000n\000c\000o\000d\000e\000D\000a\000t\000a\000B\000a\000s\000e\0006\0004\000\050\000\051}{subsection.6.23.4}% 1402
\BOOKMARK [3][-]{subsubsection.6.23.4.150}{\376\377\0006\000.\0002\0003\000.\0004\000.\0001\0005\0000\000\040\000E\000n\000d\000B\000l\000e\000n\000d\000M\000o\000d\000e\000\050\000\051}{subsection.6.23.4}% 1403
\BOOKMARK [3][-]{subsubsection.6.23.4.151}{\376\377\0006\000.\0002\0003\000.\0004\000.\0001\0005\0001\000\040\000E\000n\000d\000D\000r\000a\000w\000i\000n\000g\000\050\000\051}{subsection.6.23.4}% 1404
\BOOKMARK [3][-]{subsubsection.6.23.4.152}{\376\377\0006\000.\0002\0003\000.\0004\000.\0001\0005\0002\000\040\000E\000n\000d\000M\000o\000d\000e\0002\000D\000\050\000\051}{subsection.6.23.4}% 1405
\BOOKMARK [3][-]{subsubsection.6.23.4.153}{\376\377\0006\000.\0002\0003\000.\0004\000.\0001\0005\0003\000\040\000E\000n\000d\000M\000o\000d\000e\0003\000D\000\050\000\051}{subsection.6.23.4}% 1406
\BOOKMARK [3][-]{subsubsection.6.23.4.154}{\376\377\0006\000.\0002\0003\000.\0004\000.\0001\0005\0004\000\040\000E\000n\000d\000S\000c\000i\000s\000s\000o\000r\000M\000o\000d\000e\000\050\000\051}{subsection.6.23.4}% 1407
\BOOKMARK [3][-]{subsubsection.6.23.4.155}{\376\377\0006\000.\0002\0003\000.\0004\000.\0001\0005\0005\000\040\000E\000n\000d\000S\000h\000a\000d\000e\000r\000M\000o\000d\000e\000\050\000\051}{subsection.6.23.4}% 1408
\BOOKMARK [3][-]{subsubsection.6.23.4.156}{\376\377\0006\000.\0002\0003\000.\0004\000.\0001\0005\0006\000\040\000E\000n\000d\000T\000e\000x\000t\000u\000r\000e\000M\000o\000d\000e\000\050\000\051}{subsection.6.23.4}% 1409
\BOOKMARK [3][-]{subsubsection.6.23.4.157}{\376\377\0006\000.\0002\0003\000.\0004\000.\0001\0005\0007\000\040\000E\000n\000d\000V\000r\000S\000t\000e\000r\000e\000o\000M\000o\000d\000e\000\050\000\051}{subsection.6.23.4}% 1410
\BOOKMARK [3][-]{subsubsection.6.23.4.158}{\376\377\0006\000.\0002\0003\000.\0004\000.\0001\0005\0008\000\040\000E\000x\000p\000o\000r\000t\000A\000u\000t\000o\000m\000a\000t\000i\000o\000n\000E\000v\000e\000n\000t\000L\000i\000s\000t\000\050\000\051}{subsection.6.23.4}% 1411
\BOOKMARK [3][-]{subsubsection.6.23.4.159}{\376\377\0006\000.\0002\0003\000.\0004\000.\0001\0005\0009\000\040\000E\000x\000p\000o\000r\000t\000D\000a\000t\000a\000A\000s\000C\000o\000d\000e\000\050\000\051}{subsection.6.23.4}% 1412
\BOOKMARK [3][-]{subsubsection.6.23.4.160}{\376\377\0006\000.\0002\0003\000.\0004\000.\0001\0006\0000\000\040\000E\000x\000p\000o\000r\000t\000F\000o\000n\000t\000A\000s\000C\000o\000d\000e\000\050\000\051}{subsection.6.23.4}% 1413
\BOOKMARK [3][-]{subsubsection.6.23.4.161}{\376\377\0006\000.\0002\0003\000.\0004\000.\0001\0006\0001\000\040\000E\000x\000p\000o\000r\000t\000I\000m\000a\000g\000e\000\050\000\051}{subsection.6.23.4}% 1414
\BOOKMARK [3][-]{subsubsection.6.23.4.162}{\376\377\0006\000.\0002\0003\000.\0004\000.\0001\0006\0002\000\040\000E\000x\000p\000o\000r\000t\000I\000m\000a\000g\000e\000A\000s\000C\000o\000d\000e\000\050\000\051}{subsection.6.23.4}% 1415
\BOOKMARK [3][-]{subsubsection.6.23.4.163}{\376\377\0006\000.\0002\0003\000.\0004\000.\0001\0006\0003\000\040\000E\000x\000p\000o\000r\000t\000I\000m\000a\000g\000e\000T\000o\000M\000e\000m\000o\000r\000y\000\050\000\051}{subsection.6.23.4}% 1416
\BOOKMARK [3][-]{subsubsection.6.23.4.164}{\376\377\0006\000.\0002\0003\000.\0004\000.\0001\0006\0004\000\040\000E\000x\000p\000o\000r\000t\000M\000e\000s\000h\000\050\000\051}{subsection.6.23.4}% 1417
\BOOKMARK [3][-]{subsubsection.6.23.4.165}{\376\377\0006\000.\0002\0003\000.\0004\000.\0001\0006\0005\000\040\000E\000x\000p\000o\000r\000t\000M\000e\000s\000h\000A\000s\000C\000o\000d\000e\000\050\000\051}{subsection.6.23.4}% 1418
\BOOKMARK [3][-]{subsubsection.6.23.4.166}{\376\377\0006\000.\0002\0003\000.\0004\000.\0001\0006\0006\000\040\000E\000x\000p\000o\000r\000t\000W\000a\000v\000e\000\050\000\051}{subsection.6.23.4}% 1419
\BOOKMARK [3][-]{subsubsection.6.23.4.167}{\376\377\0006\000.\0002\0003\000.\0004\000.\0001\0006\0007\000\040\000E\000x\000p\000o\000r\000t\000W\000a\000v\000e\000A\000s\000C\000o\000d\000e\000\050\000\051}{subsection.6.23.4}% 1420
\BOOKMARK [3][-]{subsubsection.6.23.4.168}{\376\377\0006\000.\0002\0003\000.\0004\000.\0001\0006\0008\000\040\000F\000a\000d\000e\000\050\000\051}{subsection.6.23.4}% 1421
\BOOKMARK [3][-]{subsubsection.6.23.4.169}{\376\377\0006\000.\0002\0003\000.\0004\000.\0001\0006\0009\000\040\000F\000i\000l\000e\000C\000o\000p\000y\000\050\000\051}{subsection.6.23.4}% 1422
\BOOKMARK [3][-]{subsubsection.6.23.4.170}{\376\377\0006\000.\0002\0003\000.\0004\000.\0001\0007\0000\000\040\000F\000i\000l\000e\000E\000x\000i\000s\000t\000s\000\050\000\051}{subsection.6.23.4}% 1423
\BOOKMARK [3][-]{subsubsection.6.23.4.171}{\376\377\0006\000.\0002\0003\000.\0004\000.\0001\0007\0001\000\040\000F\000i\000l\000e\000M\000o\000v\000e\000\050\000\051}{subsection.6.23.4}% 1424
\BOOKMARK [3][-]{subsubsection.6.23.4.172}{\376\377\0006\000.\0002\0003\000.\0004\000.\0001\0007\0002\000\040\000F\000i\000l\000e\000R\000e\000m\000o\000v\000e\000\050\000\051}{subsection.6.23.4}% 1425
\BOOKMARK [3][-]{subsubsection.6.23.4.173}{\376\377\0006\000.\0002\0003\000.\0004\000.\0001\0007\0003\000\040\000F\000i\000l\000e\000R\000e\000n\000a\000m\000e\000\050\000\051}{subsection.6.23.4}% 1426
\BOOKMARK [3][-]{subsubsection.6.23.4.174}{\376\377\0006\000.\0002\0003\000.\0004\000.\0001\0007\0004\000\040\000F\000i\000l\000e\000T\000e\000x\000t\000F\000i\000n\000d\000I\000n\000d\000e\000x\000\050\000\051}{subsection.6.23.4}% 1427
\BOOKMARK [3][-]{subsubsection.6.23.4.175}{\376\377\0006\000.\0002\0003\000.\0004\000.\0001\0007\0005\000\040\000F\000i\000l\000e\000T\000e\000x\000t\000R\000e\000p\000l\000a\000c\000e\000\050\000\051}{subsection.6.23.4}% 1428
\BOOKMARK [3][-]{subsubsection.6.23.4.176}{\376\377\0006\000.\0002\0003\000.\0004\000.\0001\0007\0006\000\040\000G\000e\000n\000I\000m\000a\000g\000e\000C\000e\000l\000l\000u\000l\000a\000r\000\050\000\051}{subsection.6.23.4}% 1429
\BOOKMARK [3][-]{subsubsection.6.23.4.177}{\376\377\0006\000.\0002\0003\000.\0004\000.\0001\0007\0007\000\040\000G\000e\000n\000I\000m\000a\000g\000e\000C\000h\000e\000c\000k\000e\000d\000\050\000\051}{subsection.6.23.4}% 1430
\BOOKMARK [3][-]{subsubsection.6.23.4.178}{\376\377\0006\000.\0002\0003\000.\0004\000.\0001\0007\0008\000\040\000G\000e\000n\000I\000m\000a\000g\000e\000C\000o\000l\000o\000r\000\050\000\051}{subsection.6.23.4}% 1431
\BOOKMARK [3][-]{subsubsection.6.23.4.179}{\376\377\0006\000.\0002\0003\000.\0004\000.\0001\0007\0009\000\040\000G\000e\000n\000I\000m\000a\000g\000e\000F\000o\000n\000t\000A\000t\000l\000a\000s\000\050\000\051}{subsection.6.23.4}% 1432
\BOOKMARK [3][-]{subsubsection.6.23.4.180}{\376\377\0006\000.\0002\0003\000.\0004\000.\0001\0008\0000\000\040\000G\000e\000n\000I\000m\000a\000g\000e\000G\000r\000a\000d\000i\000e\000n\000t\000L\000i\000n\000e\000a\000r\000\050\000\051}{subsection.6.23.4}% 1433
\BOOKMARK [3][-]{subsubsection.6.23.4.181}{\376\377\0006\000.\0002\0003\000.\0004\000.\0001\0008\0001\000\040\000G\000e\000n\000I\000m\000a\000g\000e\000G\000r\000a\000d\000i\000e\000n\000t\000R\000a\000d\000i\000a\000l\000\050\000\051}{subsection.6.23.4}% 1434
\BOOKMARK [3][-]{subsubsection.6.23.4.182}{\376\377\0006\000.\0002\0003\000.\0004\000.\0001\0008\0002\000\040\000G\000e\000n\000I\000m\000a\000g\000e\000G\000r\000a\000d\000i\000e\000n\000t\000S\000q\000u\000a\000r\000e\000\050\000\051}{subsection.6.23.4}% 1435
\BOOKMARK [3][-]{subsubsection.6.23.4.183}{\376\377\0006\000.\0002\0003\000.\0004\000.\0001\0008\0003\000\040\000G\000e\000n\000I\000m\000a\000g\000e\000P\000e\000r\000l\000i\000n\000N\000o\000i\000s\000e\000\050\000\051}{subsection.6.23.4}% 1436
\BOOKMARK [3][-]{subsubsection.6.23.4.184}{\376\377\0006\000.\0002\0003\000.\0004\000.\0001\0008\0004\000\040\000G\000e\000n\000I\000m\000a\000g\000e\000T\000e\000x\000t\000\050\000\051}{subsection.6.23.4}% 1437
\BOOKMARK [3][-]{subsubsection.6.23.4.185}{\376\377\0006\000.\0002\0003\000.\0004\000.\0001\0008\0005\000\040\000G\000e\000n\000I\000m\000a\000g\000e\000W\000h\000i\000t\000e\000N\000o\000i\000s\000e\000\050\000\051}{subsection.6.23.4}% 1438
\BOOKMARK [3][-]{subsubsection.6.23.4.186}{\376\377\0006\000.\0002\0003\000.\0004\000.\0001\0008\0006\000\040\000G\000e\000n\000M\000e\000s\000h\000C\000o\000n\000e\000\050\000\051}{subsection.6.23.4}% 1439
\BOOKMARK [3][-]{subsubsection.6.23.4.187}{\376\377\0006\000.\0002\0003\000.\0004\000.\0001\0008\0007\000\040\000G\000e\000n\000M\000e\000s\000h\000C\000u\000b\000e\000\050\000\051}{subsection.6.23.4}% 1440
\BOOKMARK [3][-]{subsubsection.6.23.4.188}{\376\377\0006\000.\0002\0003\000.\0004\000.\0001\0008\0008\000\040\000G\000e\000n\000M\000e\000s\000h\000C\000u\000b\000i\000c\000m\000a\000p\000\050\000\051}{subsection.6.23.4}% 1441
\BOOKMARK [3][-]{subsubsection.6.23.4.189}{\376\377\0006\000.\0002\0003\000.\0004\000.\0001\0008\0009\000\040\000G\000e\000n\000M\000e\000s\000h\000C\000y\000l\000i\000n\000d\000e\000r\000\050\000\051}{subsection.6.23.4}% 1442
\BOOKMARK [3][-]{subsubsection.6.23.4.190}{\376\377\0006\000.\0002\0003\000.\0004\000.\0001\0009\0000\000\040\000G\000e\000n\000M\000e\000s\000h\000H\000e\000i\000g\000h\000t\000m\000a\000p\000\050\000\051}{subsection.6.23.4}% 1443
\BOOKMARK [3][-]{subsubsection.6.23.4.191}{\376\377\0006\000.\0002\0003\000.\0004\000.\0001\0009\0001\000\040\000G\000e\000n\000M\000e\000s\000h\000H\000e\000m\000i\000S\000p\000h\000e\000r\000e\000\050\000\051}{subsection.6.23.4}% 1444
\BOOKMARK [3][-]{subsubsection.6.23.4.192}{\376\377\0006\000.\0002\0003\000.\0004\000.\0001\0009\0002\000\040\000G\000e\000n\000M\000e\000s\000h\000K\000n\000o\000t\000\050\000\051}{subsection.6.23.4}% 1445
\BOOKMARK [3][-]{subsubsection.6.23.4.193}{\376\377\0006\000.\0002\0003\000.\0004\000.\0001\0009\0003\000\040\000G\000e\000n\000M\000e\000s\000h\000P\000l\000a\000n\000e\000\050\000\051}{subsection.6.23.4}% 1446
\BOOKMARK [3][-]{subsubsection.6.23.4.194}{\376\377\0006\000.\0002\0003\000.\0004\000.\0001\0009\0004\000\040\000G\000e\000n\000M\000e\000s\000h\000P\000o\000l\000y\000\050\000\051}{subsection.6.23.4}% 1447
\BOOKMARK [3][-]{subsubsection.6.23.4.195}{\376\377\0006\000.\0002\0003\000.\0004\000.\0001\0009\0005\000\040\000G\000e\000n\000M\000e\000s\000h\000S\000p\000h\000e\000r\000e\000\050\000\051}{subsection.6.23.4}% 1448
\BOOKMARK [3][-]{subsubsection.6.23.4.196}{\376\377\0006\000.\0002\0003\000.\0004\000.\0001\0009\0006\000\040\000G\000e\000n\000M\000e\000s\000h\000T\000a\000n\000g\000e\000n\000t\000s\000\050\000\051}{subsection.6.23.4}% 1449
\BOOKMARK [3][-]{subsubsection.6.23.4.197}{\376\377\0006\000.\0002\0003\000.\0004\000.\0001\0009\0007\000\040\000G\000e\000n\000M\000e\000s\000h\000T\000o\000r\000u\000s\000\050\000\051}{subsection.6.23.4}% 1450
\BOOKMARK [3][-]{subsubsection.6.23.4.198}{\376\377\0006\000.\0002\0003\000.\0004\000.\0001\0009\0008\000\040\000G\000e\000n\000T\000e\000x\000t\000u\000r\000e\000M\000i\000p\000m\000a\000p\000s\000\050\000\051}{subsection.6.23.4}% 1451
\BOOKMARK [3][-]{subsubsection.6.23.4.199}{\376\377\0006\000.\0002\0003\000.\0004\000.\0001\0009\0009\000\040\000G\000e\000t\000A\000p\000p\000l\000i\000c\000a\000t\000i\000o\000n\000D\000i\000r\000e\000c\000t\000o\000r\000y\000\050\000\051}{subsection.6.23.4}% 1452
\BOOKMARK [3][-]{subsubsection.6.23.4.200}{\376\377\0006\000.\0002\0003\000.\0004\000.\0002\0000\0000\000\040\000G\000e\000t\000C\000a\000m\000e\000r\000a\000M\000a\000t\000r\000i\000x\000\050\000\051}{subsection.6.23.4}% 1453
\BOOKMARK [3][-]{subsubsection.6.23.4.201}{\376\377\0006\000.\0002\0003\000.\0004\000.\0002\0000\0001\000\040\000G\000e\000t\000C\000a\000m\000e\000r\000a\000M\000a\000t\000r\000i\000x\0002\000D\000\050\000\051}{subsection.6.23.4}% 1454
\BOOKMARK [3][-]{subsubsection.6.23.4.202}{\376\377\0006\000.\0002\0003\000.\0004\000.\0002\0000\0002\000\040\000G\000e\000t\000C\000h\000a\000r\000P\000r\000e\000s\000s\000e\000d\000\050\000\051}{subsection.6.23.4}% 1455
\BOOKMARK [3][-]{subsubsection.6.23.4.203}{\376\377\0006\000.\0002\0003\000.\0004\000.\0002\0000\0003\000\040\000G\000e\000t\000C\000l\000i\000p\000b\000o\000a\000r\000d\000I\000m\000a\000g\000e\000\050\000\051}{subsection.6.23.4}% 1456
\BOOKMARK [3][-]{subsubsection.6.23.4.204}{\376\377\0006\000.\0002\0003\000.\0004\000.\0002\0000\0004\000\040\000G\000e\000t\000C\000l\000i\000p\000b\000o\000a\000r\000d\000T\000e\000x\000t\000\050\000\051}{subsection.6.23.4}% 1457
\BOOKMARK [3][-]{subsubsection.6.23.4.205}{\376\377\0006\000.\0002\0003\000.\0004\000.\0002\0000\0005\000\040\000G\000e\000t\000C\000o\000d\000e\000p\000o\000i\000n\000t\000\050\000\051}{subsection.6.23.4}% 1458
\BOOKMARK [3][-]{subsubsection.6.23.4.206}{\376\377\0006\000.\0002\0003\000.\0004\000.\0002\0000\0006\000\040\000G\000e\000t\000C\000o\000d\000e\000p\000o\000i\000n\000t\000C\000o\000u\000n\000t\000\050\000\051}{subsection.6.23.4}% 1459
\BOOKMARK [3][-]{subsubsection.6.23.4.207}{\376\377\0006\000.\0002\0003\000.\0004\000.\0002\0000\0007\000\040\000G\000e\000t\000C\000o\000d\000e\000p\000o\000i\000n\000t\000N\000e\000x\000t\000\050\000\051}{subsection.6.23.4}% 1460
\BOOKMARK [3][-]{subsubsection.6.23.4.208}{\376\377\0006\000.\0002\0003\000.\0004\000.\0002\0000\0008\000\040\000G\000e\000t\000C\000o\000d\000e\000p\000o\000i\000n\000t\000P\000r\000e\000v\000i\000o\000u\000s\000\050\000\051}{subsection.6.23.4}% 1461
\BOOKMARK [3][-]{subsubsection.6.23.4.209}{\376\377\0006\000.\0002\0003\000.\0004\000.\0002\0000\0009\000\040\000G\000e\000t\000C\000o\000l\000l\000i\000s\000i\000o\000n\000R\000e\000c\000\050\000\051}{subsection.6.23.4}% 1462
\BOOKMARK [3][-]{subsubsection.6.23.4.210}{\376\377\0006\000.\0002\0003\000.\0004\000.\0002\0001\0000\000\040\000G\000e\000t\000C\000o\000l\000o\000r\000\050\000\051}{subsection.6.23.4}% 1463
\BOOKMARK [3][-]{subsubsection.6.23.4.211}{\376\377\0006\000.\0002\0003\000.\0004\000.\0002\0001\0001\000\040\000G\000e\000t\000C\000u\000r\000r\000e\000n\000t\000M\000o\000n\000i\000t\000o\000r\000\050\000\051}{subsection.6.23.4}% 1464
\BOOKMARK [3][-]{subsubsection.6.23.4.212}{\376\377\0006\000.\0002\0003\000.\0004\000.\0002\0001\0002\000\040\000G\000e\000t\000D\000i\000r\000e\000c\000t\000o\000r\000y\000F\000i\000l\000e\000C\000o\000u\000n\000t\000\050\000\051}{subsection.6.23.4}% 1465
\BOOKMARK [3][-]{subsubsection.6.23.4.213}{\376\377\0006\000.\0002\0003\000.\0004\000.\0002\0001\0003\000\040\000G\000e\000t\000D\000i\000r\000e\000c\000t\000o\000r\000y\000F\000i\000l\000e\000C\000o\000u\000n\000t\000E\000x\000\050\000\051}{subsection.6.23.4}% 1466
\BOOKMARK [3][-]{subsubsection.6.23.4.214}{\376\377\0006\000.\0002\0003\000.\0004\000.\0002\0001\0004\000\040\000G\000e\000t\000D\000i\000r\000e\000c\000t\000o\000r\000y\000P\000a\000t\000h\000\050\000\051}{subsection.6.23.4}% 1467
\BOOKMARK [3][-]{subsubsection.6.23.4.215}{\376\377\0006\000.\0002\0003\000.\0004\000.\0002\0001\0005\000\040\000G\000e\000t\000F\000i\000l\000e\000E\000x\000t\000e\000n\000s\000i\000o\000n\000\050\000\051}{subsection.6.23.4}% 1468
\BOOKMARK [3][-]{subsubsection.6.23.4.216}{\376\377\0006\000.\0002\0003\000.\0004\000.\0002\0001\0006\000\040\000G\000e\000t\000F\000i\000l\000e\000L\000e\000n\000g\000t\000h\000\050\000\051}{subsection.6.23.4}% 1469
\BOOKMARK [3][-]{subsubsection.6.23.4.217}{\376\377\0006\000.\0002\0003\000.\0004\000.\0002\0001\0007\000\040\000G\000e\000t\000F\000i\000l\000e\000M\000o\000d\000T\000i\000m\000e\000\050\000\051}{subsection.6.23.4}% 1470
\BOOKMARK [3][-]{subsubsection.6.23.4.218}{\376\377\0006\000.\0002\0003\000.\0004\000.\0002\0001\0008\000\040\000G\000e\000t\000F\000i\000l\000e\000N\000a\000m\000e\000\050\000\051}{subsection.6.23.4}% 1471
\BOOKMARK [3][-]{subsubsection.6.23.4.219}{\376\377\0006\000.\0002\0003\000.\0004\000.\0002\0001\0009\000\040\000G\000e\000t\000F\000i\000l\000e\000N\000a\000m\000e\000W\000i\000t\000h\000o\000u\000t\000E\000x\000t\000\050\000\051}{subsection.6.23.4}% 1472
\BOOKMARK [3][-]{subsubsection.6.23.4.220}{\376\377\0006\000.\0002\0003\000.\0004\000.\0002\0002\0000\000\040\000G\000e\000t\000F\000o\000n\000t\000D\000e\000f\000a\000u\000l\000t\000\050\000\051}{subsection.6.23.4}% 1473
\BOOKMARK [3][-]{subsubsection.6.23.4.221}{\376\377\0006\000.\0002\0003\000.\0004\000.\0002\0002\0001\000\040\000G\000e\000t\000F\000P\000S\000\050\000\051}{subsection.6.23.4}% 1474
\BOOKMARK [3][-]{subsubsection.6.23.4.222}{\376\377\0006\000.\0002\0003\000.\0004\000.\0002\0002\0002\000\040\000G\000e\000t\000F\000r\000a\000m\000e\000T\000i\000m\000e\000\050\000\051}{subsection.6.23.4}% 1475
\BOOKMARK [3][-]{subsubsection.6.23.4.223}{\376\377\0006\000.\0002\0003\000.\0004\000.\0002\0002\0003\000\040\000G\000e\000t\000G\000a\000m\000e\000p\000a\000d\000A\000x\000i\000s\000C\000o\000u\000n\000t\000\050\000\051}{subsection.6.23.4}% 1476
\BOOKMARK [3][-]{subsubsection.6.23.4.224}{\376\377\0006\000.\0002\0003\000.\0004\000.\0002\0002\0004\000\040\000G\000e\000t\000G\000a\000m\000e\000p\000a\000d\000A\000x\000i\000s\000M\000o\000v\000e\000m\000e\000n\000t\000\050\000\051}{subsection.6.23.4}% 1477
\BOOKMARK [3][-]{subsubsection.6.23.4.225}{\376\377\0006\000.\0002\0003\000.\0004\000.\0002\0002\0005\000\040\000G\000e\000t\000G\000a\000m\000e\000p\000a\000d\000B\000u\000t\000t\000o\000n\000P\000r\000e\000s\000s\000e\000d\000\050\000\051}{subsection.6.23.4}% 1478
\BOOKMARK [3][-]{subsubsection.6.23.4.226}{\376\377\0006\000.\0002\0003\000.\0004\000.\0002\0002\0006\000\040\000G\000e\000t\000G\000a\000m\000e\000p\000a\000d\000N\000a\000m\000e\000\050\000\051}{subsection.6.23.4}% 1479
\BOOKMARK [3][-]{subsubsection.6.23.4.227}{\376\377\0006\000.\0002\0003\000.\0004\000.\0002\0002\0007\000\040\000G\000e\000t\000G\000e\000s\000t\000u\000r\000e\000D\000e\000t\000e\000c\000t\000e\000d\000\050\000\051}{subsection.6.23.4}% 1480
\BOOKMARK [3][-]{subsubsection.6.23.4.228}{\376\377\0006\000.\0002\0003\000.\0004\000.\0002\0002\0008\000\040\000G\000e\000t\000G\000e\000s\000t\000u\000r\000e\000D\000r\000a\000g\000A\000n\000g\000l\000e\000\050\000\051}{subsection.6.23.4}% 1481
\BOOKMARK [3][-]{subsubsection.6.23.4.229}{\376\377\0006\000.\0002\0003\000.\0004\000.\0002\0002\0009\000\040\000G\000e\000t\000G\000e\000s\000t\000u\000r\000e\000D\000r\000a\000g\000V\000e\000c\000t\000o\000r\000\050\000\051}{subsection.6.23.4}% 1482
\BOOKMARK [3][-]{subsubsection.6.23.4.230}{\376\377\0006\000.\0002\0003\000.\0004\000.\0002\0003\0000\000\040\000G\000e\000t\000G\000e\000s\000t\000u\000r\000e\000H\000o\000l\000d\000D\000u\000r\000a\000t\000i\000o\000n\000\050\000\051}{subsection.6.23.4}% 1483
\BOOKMARK [3][-]{subsubsection.6.23.4.231}{\376\377\0006\000.\0002\0003\000.\0004\000.\0002\0003\0001\000\040\000G\000e\000t\000G\000e\000s\000t\000u\000r\000e\000P\000i\000n\000c\000h\000A\000n\000g\000l\000e\000\050\000\051}{subsection.6.23.4}% 1484
\BOOKMARK [3][-]{subsubsection.6.23.4.232}{\376\377\0006\000.\0002\0003\000.\0004\000.\0002\0003\0002\000\040\000G\000e\000t\000G\000e\000s\000t\000u\000r\000e\000P\000i\000n\000c\000h\000V\000e\000c\000t\000o\000r\000\050\000\051}{subsection.6.23.4}% 1485
\BOOKMARK [3][-]{subsubsection.6.23.4.233}{\376\377\0006\000.\0002\0003\000.\0004\000.\0002\0003\0003\000\040\000G\000e\000t\000G\000l\000y\000p\000h\000A\000t\000l\000a\000s\000R\000e\000c\000\050\000\051}{subsection.6.23.4}% 1486
\BOOKMARK [3][-]{subsubsection.6.23.4.234}{\376\377\0006\000.\0002\0003\000.\0004\000.\0002\0003\0004\000\040\000G\000e\000t\000G\000l\000y\000p\000h\000I\000n\000d\000e\000x\000\050\000\051}{subsection.6.23.4}% 1487
\BOOKMARK [3][-]{subsubsection.6.23.4.235}{\376\377\0006\000.\0002\0003\000.\0004\000.\0002\0003\0005\000\040\000G\000e\000t\000G\000l\000y\000p\000h\000I\000n\000f\000o\000\050\000\051}{subsection.6.23.4}% 1488
\BOOKMARK [3][-]{subsubsection.6.23.4.236}{\376\377\0006\000.\0002\0003\000.\0004\000.\0002\0003\0006\000\040\000G\000e\000t\000I\000m\000a\000g\000e\000A\000l\000p\000h\000a\000B\000o\000r\000d\000e\000r\000\050\000\051}{subsection.6.23.4}% 1489
\BOOKMARK [3][-]{subsubsection.6.23.4.237}{\376\377\0006\000.\0002\0003\000.\0004\000.\0002\0003\0007\000\040\000G\000e\000t\000I\000m\000a\000g\000e\000C\000o\000l\000o\000r\000\050\000\051}{subsection.6.23.4}% 1490
\BOOKMARK [3][-]{subsubsection.6.23.4.238}{\376\377\0006\000.\0002\0003\000.\0004\000.\0002\0003\0008\000\040\000G\000e\000t\000K\000e\000y\000N\000a\000m\000e\000\050\000\051}{subsection.6.23.4}% 1491
\BOOKMARK [3][-]{subsubsection.6.23.4.239}{\376\377\0006\000.\0002\0003\000.\0004\000.\0002\0003\0009\000\040\000G\000e\000t\000K\000e\000y\000P\000r\000e\000s\000s\000e\000d\000\050\000\051}{subsection.6.23.4}% 1492
\BOOKMARK [3][-]{subsubsection.6.23.4.240}{\376\377\0006\000.\0002\0003\000.\0004\000.\0002\0004\0000\000\040\000G\000e\000t\000M\000a\000s\000t\000e\000r\000V\000o\000l\000u\000m\000e\000\050\000\051}{subsection.6.23.4}% 1493
\BOOKMARK [3][-]{subsubsection.6.23.4.241}{\376\377\0006\000.\0002\0003\000.\0004\000.\0002\0004\0001\000\040\000G\000e\000t\000M\000e\000s\000h\000B\000o\000u\000n\000d\000i\000n\000g\000B\000o\000x\000\050\000\051}{subsection.6.23.4}% 1494
\BOOKMARK [3][-]{subsubsection.6.23.4.242}{\376\377\0006\000.\0002\0003\000.\0004\000.\0002\0004\0002\000\040\000G\000e\000t\000M\000o\000d\000e\000l\000B\000o\000u\000n\000d\000i\000n\000g\000B\000o\000x\000\050\000\051}{subsection.6.23.4}% 1495
\BOOKMARK [3][-]{subsubsection.6.23.4.243}{\376\377\0006\000.\0002\0003\000.\0004\000.\0002\0004\0003\000\040\000G\000e\000t\000M\000o\000n\000i\000t\000o\000r\000C\000o\000u\000n\000t\000\050\000\051}{subsection.6.23.4}% 1496
\BOOKMARK [3][-]{subsubsection.6.23.4.244}{\376\377\0006\000.\0002\0003\000.\0004\000.\0002\0004\0004\000\040\000G\000e\000t\000M\000o\000n\000i\000t\000o\000r\000H\000e\000i\000g\000h\000t\000\050\000\051}{subsection.6.23.4}% 1497
\BOOKMARK [3][-]{subsubsection.6.23.4.245}{\376\377\0006\000.\0002\0003\000.\0004\000.\0002\0004\0005\000\040\000G\000e\000t\000M\000o\000n\000i\000t\000o\000r\000N\000a\000m\000e\000\050\000\051}{subsection.6.23.4}% 1498
\BOOKMARK [3][-]{subsubsection.6.23.4.246}{\376\377\0006\000.\0002\0003\000.\0004\000.\0002\0004\0006\000\040\000G\000e\000t\000M\000o\000n\000i\000t\000o\000r\000P\000h\000y\000s\000i\000c\000a\000l\000H\000e\000i\000g\000h\000t\000\050\000\051}{subsection.6.23.4}% 1499
\BOOKMARK [3][-]{subsubsection.6.23.4.247}{\376\377\0006\000.\0002\0003\000.\0004\000.\0002\0004\0007\000\040\000G\000e\000t\000M\000o\000n\000i\000t\000o\000r\000P\000h\000y\000s\000i\000c\000a\000l\000W\000i\000d\000t\000h\000\050\000\051}{subsection.6.23.4}% 1500
\BOOKMARK [3][-]{subsubsection.6.23.4.248}{\376\377\0006\000.\0002\0003\000.\0004\000.\0002\0004\0008\000\040\000G\000e\000t\000M\000o\000n\000i\000t\000o\000r\000P\000o\000s\000i\000t\000i\000o\000n\000\050\000\051}{subsection.6.23.4}% 1501
\BOOKMARK [3][-]{subsubsection.6.23.4.249}{\376\377\0006\000.\0002\0003\000.\0004\000.\0002\0004\0009\000\040\000G\000e\000t\000M\000o\000n\000i\000t\000o\000r\000R\000e\000f\000r\000e\000s\000h\000R\000a\000t\000e\000\050\000\051}{subsection.6.23.4}% 1502
\BOOKMARK [3][-]{subsubsection.6.23.4.250}{\376\377\0006\000.\0002\0003\000.\0004\000.\0002\0005\0000\000\040\000G\000e\000t\000M\000o\000n\000i\000t\000o\000r\000W\000i\000d\000t\000h\000\050\000\051}{subsection.6.23.4}% 1503
\BOOKMARK [3][-]{subsubsection.6.23.4.251}{\376\377\0006\000.\0002\0003\000.\0004\000.\0002\0005\0001\000\040\000G\000e\000t\000M\000o\000u\000s\000e\000D\000e\000l\000t\000a\000\050\000\051}{subsection.6.23.4}% 1504
\BOOKMARK [3][-]{subsubsection.6.23.4.252}{\376\377\0006\000.\0002\0003\000.\0004\000.\0002\0005\0002\000\040\000G\000e\000t\000M\000o\000u\000s\000e\000P\000o\000s\000i\000t\000i\000o\000n\000\050\000\051}{subsection.6.23.4}% 1505
\BOOKMARK [3][-]{subsubsection.6.23.4.253}{\376\377\0006\000.\0002\0003\000.\0004\000.\0002\0005\0003\000\040\000G\000e\000t\000M\000o\000u\000s\000e\000W\000h\000e\000e\000l\000M\000o\000v\000e\000\050\000\051}{subsection.6.23.4}% 1506
\BOOKMARK [3][-]{subsubsection.6.23.4.254}{\376\377\0006\000.\0002\0003\000.\0004\000.\0002\0005\0004\000\040\000G\000e\000t\000M\000o\000u\000s\000e\000W\000h\000e\000e\000l\000M\000o\000v\000e\000V\000\050\000\051}{subsection.6.23.4}% 1507
\BOOKMARK [3][-]{subsubsection.6.23.4.255}{\376\377\0006\000.\0002\0003\000.\0004\000.\0002\0005\0005\000\040\000G\000e\000t\000M\000o\000u\000s\000e\000X\000\050\000\051}{subsection.6.23.4}% 1508
\BOOKMARK [3][-]{subsubsection.6.23.4.256}{\376\377\0006\000.\0002\0003\000.\0004\000.\0002\0005\0006\000\040\000G\000e\000t\000M\000o\000u\000s\000e\000Y\000\050\000\051}{subsection.6.23.4}% 1509
\BOOKMARK [3][-]{subsubsection.6.23.4.257}{\376\377\0006\000.\0002\0003\000.\0004\000.\0002\0005\0007\000\040\000G\000e\000t\000M\000u\000s\000i\000c\000T\000i\000m\000e\000L\000e\000n\000g\000t\000h\000\050\000\051}{subsection.6.23.4}% 1510
\BOOKMARK [3][-]{subsubsection.6.23.4.258}{\376\377\0006\000.\0002\0003\000.\0004\000.\0002\0005\0008\000\040\000G\000e\000t\000M\000u\000s\000i\000c\000T\000i\000m\000e\000P\000l\000a\000y\000e\000d\000\050\000\051}{subsection.6.23.4}% 1511
\BOOKMARK [3][-]{subsubsection.6.23.4.259}{\376\377\0006\000.\0002\0003\000.\0004\000.\0002\0005\0009\000\040\000G\000e\000t\000P\000i\000x\000e\000l\000C\000o\000l\000o\000r\000\050\000\051}{subsection.6.23.4}% 1512
\BOOKMARK [3][-]{subsubsection.6.23.4.260}{\376\377\0006\000.\0002\0003\000.\0004\000.\0002\0006\0000\000\040\000G\000e\000t\000P\000i\000x\000e\000l\000D\000a\000t\000a\000S\000i\000z\000e\000\050\000\051}{subsection.6.23.4}% 1513
\BOOKMARK [3][-]{subsubsection.6.23.4.261}{\376\377\0006\000.\0002\0003\000.\0004\000.\0002\0006\0001\000\040\000G\000e\000t\000P\000r\000e\000v\000D\000i\000r\000e\000c\000t\000o\000r\000y\000P\000a\000t\000h\000\050\000\051}{subsection.6.23.4}% 1514
\BOOKMARK [3][-]{subsubsection.6.23.4.262}{\376\377\0006\000.\0002\0003\000.\0004\000.\0002\0006\0002\000\040\000G\000e\000t\000R\000a\000n\000d\000o\000m\000V\000a\000l\000u\000e\000\050\000\051}{subsection.6.23.4}% 1515
\BOOKMARK [3][-]{subsubsection.6.23.4.263}{\376\377\0006\000.\0002\0003\000.\0004\000.\0002\0006\0003\000\040\000G\000e\000t\000R\000a\000y\000C\000o\000l\000l\000i\000s\000i\000o\000n\000B\000o\000x\000\050\000\051}{subsection.6.23.4}% 1516
\BOOKMARK [3][-]{subsubsection.6.23.4.264}{\376\377\0006\000.\0002\0003\000.\0004\000.\0002\0006\0004\000\040\000G\000e\000t\000R\000a\000y\000C\000o\000l\000l\000i\000s\000i\000o\000n\000M\000e\000s\000h\000\050\000\051}{subsection.6.23.4}% 1517
\BOOKMARK [3][-]{subsubsection.6.23.4.265}{\376\377\0006\000.\0002\0003\000.\0004\000.\0002\0006\0005\000\040\000G\000e\000t\000R\000a\000y\000C\000o\000l\000l\000i\000s\000i\000o\000n\000Q\000u\000a\000d\000\050\000\051}{subsection.6.23.4}% 1518
\BOOKMARK [3][-]{subsubsection.6.23.4.266}{\376\377\0006\000.\0002\0003\000.\0004\000.\0002\0006\0006\000\040\000G\000e\000t\000R\000a\000y\000C\000o\000l\000l\000i\000s\000i\000o\000n\000S\000p\000h\000e\000r\000e\000\050\000\051}{subsection.6.23.4}% 1519
\BOOKMARK [3][-]{subsubsection.6.23.4.267}{\376\377\0006\000.\0002\0003\000.\0004\000.\0002\0006\0007\000\040\000G\000e\000t\000R\000a\000y\000C\000o\000l\000l\000i\000s\000i\000o\000n\000T\000r\000i\000a\000n\000g\000l\000e\000\050\000\051}{subsection.6.23.4}% 1520
\BOOKMARK [3][-]{subsubsection.6.23.4.268}{\376\377\0006\000.\0002\0003\000.\0004\000.\0002\0006\0008\000\040\000G\000e\000t\000R\000e\000n\000d\000e\000r\000H\000e\000i\000g\000h\000t\000\050\000\051}{subsection.6.23.4}% 1521
\BOOKMARK [3][-]{subsubsection.6.23.4.269}{\376\377\0006\000.\0002\0003\000.\0004\000.\0002\0006\0009\000\040\000G\000e\000t\000R\000e\000n\000d\000e\000r\000W\000i\000d\000t\000h\000\050\000\051}{subsection.6.23.4}% 1522
\BOOKMARK [3][-]{subsubsection.6.23.4.270}{\376\377\0006\000.\0002\0003\000.\0004\000.\0002\0007\0000\000\040\000G\000e\000t\000S\000c\000r\000e\000e\000n\000H\000e\000i\000g\000h\000t\000\050\000\051}{subsection.6.23.4}% 1523
\BOOKMARK [3][-]{subsubsection.6.23.4.271}{\376\377\0006\000.\0002\0003\000.\0004\000.\0002\0007\0001\000\040\000G\000e\000t\000S\000c\000r\000e\000e\000n\000T\000o\000W\000o\000r\000l\000d\0002\000D\000\050\000\051}{subsection.6.23.4}% 1524
\BOOKMARK [3][-]{subsubsection.6.23.4.272}{\376\377\0006\000.\0002\0003\000.\0004\000.\0002\0007\0002\000\040\000G\000e\000t\000S\000c\000r\000e\000e\000n\000T\000o\000W\000o\000r\000l\000d\000R\000a\000y\000\050\000\051}{subsection.6.23.4}% 1525
\BOOKMARK [3][-]{subsubsection.6.23.4.273}{\376\377\0006\000.\0002\0003\000.\0004\000.\0002\0007\0003\000\040\000G\000e\000t\000S\000c\000r\000e\000e\000n\000T\000o\000W\000o\000r\000l\000d\000R\000a\000y\000E\000x\000\050\000\051}{subsection.6.23.4}% 1526
\BOOKMARK [3][-]{subsubsection.6.23.4.274}{\376\377\0006\000.\0002\0003\000.\0004\000.\0002\0007\0004\000\040\000G\000e\000t\000S\000c\000r\000e\000e\000n\000W\000i\000d\000t\000h\000\050\000\051}{subsection.6.23.4}% 1527
\BOOKMARK [3][-]{subsubsection.6.23.4.275}{\376\377\0006\000.\0002\0003\000.\0004\000.\0002\0007\0005\000\040\000G\000e\000t\000S\000h\000a\000d\000e\000r\000L\000o\000c\000a\000t\000i\000o\000n\000\050\000\051}{subsection.6.23.4}% 1528
\BOOKMARK [3][-]{subsubsection.6.23.4.276}{\376\377\0006\000.\0002\0003\000.\0004\000.\0002\0007\0006\000\040\000G\000e\000t\000S\000h\000a\000d\000e\000r\000L\000o\000c\000a\000t\000i\000o\000n\000A\000t\000t\000r\000i\000b\000\050\000\051}{subsection.6.23.4}% 1529
\BOOKMARK [3][-]{subsubsection.6.23.4.277}{\376\377\0006\000.\0002\0003\000.\0004\000.\0002\0007\0007\000\040\000G\000e\000t\000S\000h\000a\000p\000e\000s\000T\000e\000x\000t\000u\000r\000e\000\050\000\051}{subsection.6.23.4}% 1530
\BOOKMARK [3][-]{subsubsection.6.23.4.278}{\376\377\0006\000.\0002\0003\000.\0004\000.\0002\0007\0008\000\040\000G\000e\000t\000S\000h\000a\000p\000e\000s\000T\000e\000x\000t\000u\000r\000e\000R\000e\000c\000t\000a\000n\000g\000l\000e\000\050\000\051}{subsection.6.23.4}% 1531
\BOOKMARK [3][-]{subsubsection.6.23.4.279}{\376\377\0006\000.\0002\0003\000.\0004\000.\0002\0007\0009\000\040\000G\000e\000t\000S\000p\000l\000i\000n\000e\000P\000o\000i\000n\000t\000B\000a\000s\000i\000s\000\050\000\051}{subsection.6.23.4}% 1532
\BOOKMARK [3][-]{subsubsection.6.23.4.280}{\376\377\0006\000.\0002\0003\000.\0004\000.\0002\0008\0000\000\040\000G\000e\000t\000S\000p\000l\000i\000n\000e\000P\000o\000i\000n\000t\000B\000e\000z\000i\000e\000r\000C\000u\000b\000i\000c\000\050\000\051}{subsection.6.23.4}% 1533
\BOOKMARK [3][-]{subsubsection.6.23.4.281}{\376\377\0006\000.\0002\0003\000.\0004\000.\0002\0008\0001\000\040\000G\000e\000t\000S\000p\000l\000i\000n\000e\000P\000o\000i\000n\000t\000B\000e\000z\000i\000e\000r\000Q\000u\000a\000d\000\050\000\051}{subsection.6.23.4}% 1534
\BOOKMARK [3][-]{subsubsection.6.23.4.282}{\376\377\0006\000.\0002\0003\000.\0004\000.\0002\0008\0002\000\040\000G\000e\000t\000S\000p\000l\000i\000n\000e\000P\000o\000i\000n\000t\000C\000a\000t\000m\000u\000l\000l\000R\000o\000m\000\050\000\051}{subsection.6.23.4}% 1535
\BOOKMARK [3][-]{subsubsection.6.23.4.283}{\376\377\0006\000.\0002\0003\000.\0004\000.\0002\0008\0003\000\040\000G\000e\000t\000S\000p\000l\000i\000n\000e\000P\000o\000i\000n\000t\000L\000i\000n\000e\000a\000r\000\050\000\051}{subsection.6.23.4}% 1536
\BOOKMARK [3][-]{subsubsection.6.23.4.284}{\376\377\0006\000.\0002\0003\000.\0004\000.\0002\0008\0004\000\040\000G\000e\000t\000T\000e\000x\000t\000B\000e\000t\000w\000e\000e\000n\000\050\000\051}{subsection.6.23.4}% 1537
\BOOKMARK [3][-]{subsubsection.6.23.4.285}{\376\377\0006\000.\0002\0003\000.\0004\000.\0002\0008\0005\000\040\000G\000e\000t\000T\000i\000m\000e\000\050\000\051}{subsection.6.23.4}% 1538
\BOOKMARK [3][-]{subsubsection.6.23.4.286}{\376\377\0006\000.\0002\0003\000.\0004\000.\0002\0008\0006\000\040\000G\000e\000t\000T\000o\000u\000c\000h\000P\000o\000i\000n\000t\000C\000o\000u\000n\000t\000\050\000\051}{subsection.6.23.4}% 1539
\BOOKMARK [3][-]{subsubsection.6.23.4.287}{\376\377\0006\000.\0002\0003\000.\0004\000.\0002\0008\0007\000\040\000G\000e\000t\000T\000o\000u\000c\000h\000P\000o\000i\000n\000t\000I\000d\000\050\000\051}{subsection.6.23.4}% 1540
\BOOKMARK [3][-]{subsubsection.6.23.4.288}{\376\377\0006\000.\0002\0003\000.\0004\000.\0002\0008\0008\000\040\000G\000e\000t\000T\000o\000u\000c\000h\000P\000o\000s\000i\000t\000i\000o\000n\000\050\000\051}{subsection.6.23.4}% 1541
\BOOKMARK [3][-]{subsubsection.6.23.4.289}{\376\377\0006\000.\0002\0003\000.\0004\000.\0002\0008\0009\000\040\000G\000e\000t\000T\000o\000u\000c\000h\000X\000\050\000\051}{subsection.6.23.4}% 1542
\BOOKMARK [3][-]{subsubsection.6.23.4.290}{\376\377\0006\000.\0002\0003\000.\0004\000.\0002\0009\0000\000\040\000G\000e\000t\000T\000o\000u\000c\000h\000Y\000\050\000\051}{subsection.6.23.4}% 1543
\BOOKMARK [3][-]{subsubsection.6.23.4.291}{\376\377\0006\000.\0002\0003\000.\0004\000.\0002\0009\0001\000\040\000G\000e\000t\000W\000i\000n\000d\000o\000w\000H\000a\000n\000d\000l\000e\000\050\000\051}{subsection.6.23.4}% 1544
\BOOKMARK [3][-]{subsubsection.6.23.4.292}{\376\377\0006\000.\0002\0003\000.\0004\000.\0002\0009\0002\000\040\000G\000e\000t\000W\000i\000n\000d\000o\000w\000P\000o\000s\000i\000t\000i\000o\000n\000\050\000\051}{subsection.6.23.4}% 1545
\BOOKMARK [3][-]{subsubsection.6.23.4.293}{\376\377\0006\000.\0002\0003\000.\0004\000.\0002\0009\0003\000\040\000G\000e\000t\000W\000i\000n\000d\000o\000w\000S\000c\000a\000l\000e\000D\000P\000I\000\050\000\051}{subsection.6.23.4}% 1546
\BOOKMARK [3][-]{subsubsection.6.23.4.294}{\376\377\0006\000.\0002\0003\000.\0004\000.\0002\0009\0004\000\040\000G\000e\000t\000W\000o\000r\000k\000i\000n\000g\000D\000i\000r\000e\000c\000t\000o\000r\000y\000\050\000\051}{subsection.6.23.4}% 1547
\BOOKMARK [3][-]{subsubsection.6.23.4.295}{\376\377\0006\000.\0002\0003\000.\0004\000.\0002\0009\0005\000\040\000G\000e\000t\000W\000o\000r\000l\000d\000T\000o\000S\000c\000r\000e\000e\000n\000\050\000\051}{subsection.6.23.4}% 1548
\BOOKMARK [3][-]{subsubsection.6.23.4.296}{\376\377\0006\000.\0002\0003\000.\0004\000.\0002\0009\0006\000\040\000G\000e\000t\000W\000o\000r\000l\000d\000T\000o\000S\000c\000r\000e\000e\000n\0002\000D\000\050\000\051}{subsection.6.23.4}% 1549
\BOOKMARK [3][-]{subsubsection.6.23.4.297}{\376\377\0006\000.\0002\0003\000.\0004\000.\0002\0009\0007\000\040\000G\000e\000t\000W\000o\000r\000l\000d\000T\000o\000S\000c\000r\000e\000e\000n\000E\000x\000\050\000\051}{subsection.6.23.4}% 1550
\BOOKMARK [3][-]{subsubsection.6.23.4.298}{\376\377\0006\000.\0002\0003\000.\0004\000.\0002\0009\0008\000\040\000H\000i\000d\000e\000C\000u\000r\000s\000o\000r\000\050\000\051}{subsection.6.23.4}% 1551
\BOOKMARK [3][-]{subsubsection.6.23.4.299}{\376\377\0006\000.\0002\0003\000.\0004\000.\0002\0009\0009\000\040\000I\000m\000a\000g\000e\000A\000l\000p\000h\000a\000C\000l\000e\000a\000r\000\050\000\051}{subsection.6.23.4}% 1552
\BOOKMARK [3][-]{subsubsection.6.23.4.300}{\376\377\0006\000.\0002\0003\000.\0004\000.\0003\0000\0000\000\040\000I\000m\000a\000g\000e\000A\000l\000p\000h\000a\000C\000r\000o\000p\000\050\000\051}{subsection.6.23.4}% 1553
\BOOKMARK [3][-]{subsubsection.6.23.4.301}{\376\377\0006\000.\0002\0003\000.\0004\000.\0003\0000\0001\000\040\000I\000m\000a\000g\000e\000A\000l\000p\000h\000a\000M\000a\000s\000k\000\050\000\051}{subsection.6.23.4}% 1554
\BOOKMARK [3][-]{subsubsection.6.23.4.302}{\376\377\0006\000.\0002\0003\000.\0004\000.\0003\0000\0002\000\040\000I\000m\000a\000g\000e\000A\000l\000p\000h\000a\000P\000r\000e\000m\000u\000l\000t\000i\000p\000l\000y\000\050\000\051}{subsection.6.23.4}% 1555
\BOOKMARK [3][-]{subsubsection.6.23.4.303}{\376\377\0006\000.\0002\0003\000.\0004\000.\0003\0000\0003\000\040\000I\000m\000a\000g\000e\000B\000l\000u\000r\000G\000a\000u\000s\000s\000i\000a\000n\000\050\000\051}{subsection.6.23.4}% 1556
\BOOKMARK [3][-]{subsubsection.6.23.4.304}{\376\377\0006\000.\0002\0003\000.\0004\000.\0003\0000\0004\000\040\000I\000m\000a\000g\000e\000C\000l\000e\000a\000r\000B\000a\000c\000k\000g\000r\000o\000u\000n\000d\000\050\000\051}{subsection.6.23.4}% 1557
\BOOKMARK [3][-]{subsubsection.6.23.4.305}{\376\377\0006\000.\0002\0003\000.\0004\000.\0003\0000\0005\000\040\000I\000m\000a\000g\000e\000C\000o\000l\000o\000r\000B\000r\000i\000g\000h\000t\000n\000e\000s\000s\000\050\000\051}{subsection.6.23.4}% 1558
\BOOKMARK [3][-]{subsubsection.6.23.4.306}{\376\377\0006\000.\0002\0003\000.\0004\000.\0003\0000\0006\000\040\000I\000m\000a\000g\000e\000C\000o\000l\000o\000r\000C\000o\000n\000t\000r\000a\000s\000t\000\050\000\051}{subsection.6.23.4}% 1559
\BOOKMARK [3][-]{subsubsection.6.23.4.307}{\376\377\0006\000.\0002\0003\000.\0004\000.\0003\0000\0007\000\040\000I\000m\000a\000g\000e\000C\000o\000l\000o\000r\000G\000r\000a\000y\000s\000c\000a\000l\000e\000\050\000\051}{subsection.6.23.4}% 1560
\BOOKMARK [3][-]{subsubsection.6.23.4.308}{\376\377\0006\000.\0002\0003\000.\0004\000.\0003\0000\0008\000\040\000I\000m\000a\000g\000e\000C\000o\000l\000o\000r\000I\000n\000v\000e\000r\000t\000\050\000\051}{subsection.6.23.4}% 1561
\BOOKMARK [3][-]{subsubsection.6.23.4.309}{\376\377\0006\000.\0002\0003\000.\0004\000.\0003\0000\0009\000\040\000I\000m\000a\000g\000e\000C\000o\000l\000o\000r\000R\000e\000p\000l\000a\000c\000e\000\050\000\051}{subsection.6.23.4}% 1562
\BOOKMARK [3][-]{subsubsection.6.23.4.310}{\376\377\0006\000.\0002\0003\000.\0004\000.\0003\0001\0000\000\040\000I\000m\000a\000g\000e\000C\000o\000l\000o\000r\000T\000i\000n\000t\000\050\000\051}{subsection.6.23.4}% 1563
\BOOKMARK [3][-]{subsubsection.6.23.4.311}{\376\377\0006\000.\0002\0003\000.\0004\000.\0003\0001\0001\000\040\000I\000m\000a\000g\000e\000C\000o\000p\000y\000\050\000\051}{subsection.6.23.4}% 1564
\BOOKMARK [3][-]{subsubsection.6.23.4.312}{\376\377\0006\000.\0002\0003\000.\0004\000.\0003\0001\0002\000\040\000I\000m\000a\000g\000e\000C\000r\000o\000p\000\050\000\051}{subsection.6.23.4}% 1565
\BOOKMARK [3][-]{subsubsection.6.23.4.313}{\376\377\0006\000.\0002\0003\000.\0004\000.\0003\0001\0003\000\040\000I\000m\000a\000g\000e\000D\000i\000t\000h\000e\000r\000\050\000\051}{subsection.6.23.4}% 1566
\BOOKMARK [3][-]{subsubsection.6.23.4.314}{\376\377\0006\000.\0002\0003\000.\0004\000.\0003\0001\0004\000\040\000I\000m\000a\000g\000e\000D\000r\000a\000w\000\050\000\051}{subsection.6.23.4}% 1567
\BOOKMARK [3][-]{subsubsection.6.23.4.315}{\376\377\0006\000.\0002\0003\000.\0004\000.\0003\0001\0005\000\040\000I\000m\000a\000g\000e\000D\000r\000a\000w\000C\000i\000r\000c\000l\000e\000\050\000\051}{subsection.6.23.4}% 1568
\BOOKMARK [3][-]{subsubsection.6.23.4.316}{\376\377\0006\000.\0002\0003\000.\0004\000.\0003\0001\0006\000\040\000I\000m\000a\000g\000e\000D\000r\000a\000w\000C\000i\000r\000c\000l\000e\000L\000i\000n\000e\000s\000\050\000\051}{subsection.6.23.4}% 1569
\BOOKMARK [3][-]{subsubsection.6.23.4.317}{\376\377\0006\000.\0002\0003\000.\0004\000.\0003\0001\0007\000\040\000I\000m\000a\000g\000e\000D\000r\000a\000w\000C\000i\000r\000c\000l\000e\000L\000i\000n\000e\000s\000V\000\050\000\051}{subsection.6.23.4}% 1570
\BOOKMARK [3][-]{subsubsection.6.23.4.318}{\376\377\0006\000.\0002\0003\000.\0004\000.\0003\0001\0008\000\040\000I\000m\000a\000g\000e\000D\000r\000a\000w\000C\000i\000r\000c\000l\000e\000V\000\050\000\051}{subsection.6.23.4}% 1571
\BOOKMARK [3][-]{subsubsection.6.23.4.319}{\376\377\0006\000.\0002\0003\000.\0004\000.\0003\0001\0009\000\040\000I\000m\000a\000g\000e\000D\000r\000a\000w\000L\000i\000n\000e\000\050\000\051}{subsection.6.23.4}% 1572
\BOOKMARK [3][-]{subsubsection.6.23.4.320}{\376\377\0006\000.\0002\0003\000.\0004\000.\0003\0002\0000\000\040\000I\000m\000a\000g\000e\000D\000r\000a\000w\000L\000i\000n\000e\000E\000x\000\050\000\051}{subsection.6.23.4}% 1573
\BOOKMARK [3][-]{subsubsection.6.23.4.321}{\376\377\0006\000.\0002\0003\000.\0004\000.\0003\0002\0001\000\040\000I\000m\000a\000g\000e\000D\000r\000a\000w\000L\000i\000n\000e\000V\000\050\000\051}{subsection.6.23.4}% 1574
\BOOKMARK [3][-]{subsubsection.6.23.4.322}{\376\377\0006\000.\0002\0003\000.\0004\000.\0003\0002\0002\000\040\000I\000m\000a\000g\000e\000D\000r\000a\000w\000P\000i\000x\000e\000l\000\050\000\051}{subsection.6.23.4}% 1575
\BOOKMARK [3][-]{subsubsection.6.23.4.323}{\376\377\0006\000.\0002\0003\000.\0004\000.\0003\0002\0003\000\040\000I\000m\000a\000g\000e\000D\000r\000a\000w\000P\000i\000x\000e\000l\000V\000\050\000\051}{subsection.6.23.4}% 1576
\BOOKMARK [3][-]{subsubsection.6.23.4.324}{\376\377\0006\000.\0002\0003\000.\0004\000.\0003\0002\0004\000\040\000I\000m\000a\000g\000e\000D\000r\000a\000w\000R\000e\000c\000t\000a\000n\000g\000l\000e\000\050\000\051}{subsection.6.23.4}% 1577
\BOOKMARK [3][-]{subsubsection.6.23.4.325}{\376\377\0006\000.\0002\0003\000.\0004\000.\0003\0002\0005\000\040\000I\000m\000a\000g\000e\000D\000r\000a\000w\000R\000e\000c\000t\000a\000n\000g\000l\000e\000L\000i\000n\000e\000s\000\050\000\051}{subsection.6.23.4}% 1578
\BOOKMARK [3][-]{subsubsection.6.23.4.326}{\376\377\0006\000.\0002\0003\000.\0004\000.\0003\0002\0006\000\040\000I\000m\000a\000g\000e\000D\000r\000a\000w\000R\000e\000c\000t\000a\000n\000g\000l\000e\000R\000e\000c\000\050\000\051}{subsection.6.23.4}% 1579
\BOOKMARK [3][-]{subsubsection.6.23.4.327}{\376\377\0006\000.\0002\0003\000.\0004\000.\0003\0002\0007\000\040\000I\000m\000a\000g\000e\000D\000r\000a\000w\000R\000e\000c\000t\000a\000n\000g\000l\000e\000V\000\050\000\051}{subsection.6.23.4}% 1580
\BOOKMARK [3][-]{subsubsection.6.23.4.328}{\376\377\0006\000.\0002\0003\000.\0004\000.\0003\0002\0008\000\040\000I\000m\000a\000g\000e\000D\000r\000a\000w\000T\000e\000x\000t\000\050\000\051}{subsection.6.23.4}% 1581
\BOOKMARK [3][-]{subsubsection.6.23.4.329}{\376\377\0006\000.\0002\0003\000.\0004\000.\0003\0002\0009\000\040\000I\000m\000a\000g\000e\000D\000r\000a\000w\000T\000e\000x\000t\000E\000x\000\050\000\051}{subsection.6.23.4}% 1582
\BOOKMARK [3][-]{subsubsection.6.23.4.330}{\376\377\0006\000.\0002\0003\000.\0004\000.\0003\0003\0000\000\040\000I\000m\000a\000g\000e\000D\000r\000a\000w\000T\000r\000i\000a\000n\000g\000l\000e\000\050\000\051}{subsection.6.23.4}% 1583
\BOOKMARK [3][-]{subsubsection.6.23.4.331}{\376\377\0006\000.\0002\0003\000.\0004\000.\0003\0003\0001\000\040\000I\000m\000a\000g\000e\000D\000r\000a\000w\000T\000r\000i\000a\000n\000g\000l\000e\000E\000x\000\050\000\051}{subsection.6.23.4}% 1584
\BOOKMARK [3][-]{subsubsection.6.23.4.332}{\376\377\0006\000.\0002\0003\000.\0004\000.\0003\0003\0002\000\040\000I\000m\000a\000g\000e\000D\000r\000a\000w\000T\000r\000i\000a\000n\000g\000l\000e\000F\000a\000n\000\050\000\051}{subsection.6.23.4}% 1585
\BOOKMARK [3][-]{subsubsection.6.23.4.333}{\376\377\0006\000.\0002\0003\000.\0004\000.\0003\0003\0003\000\040\000I\000m\000a\000g\000e\000D\000r\000a\000w\000T\000r\000i\000a\000n\000g\000l\000e\000L\000i\000n\000e\000s\000\050\000\051}{subsection.6.23.4}% 1586
\BOOKMARK [3][-]{subsubsection.6.23.4.334}{\376\377\0006\000.\0002\0003\000.\0004\000.\0003\0003\0004\000\040\000I\000m\000a\000g\000e\000D\000r\000a\000w\000T\000r\000i\000a\000n\000g\000l\000e\000S\000t\000r\000i\000p\000\050\000\051}{subsection.6.23.4}% 1587
\BOOKMARK [3][-]{subsubsection.6.23.4.335}{\376\377\0006\000.\0002\0003\000.\0004\000.\0003\0003\0005\000\040\000I\000m\000a\000g\000e\000F\000l\000i\000p\000H\000o\000r\000i\000z\000o\000n\000t\000a\000l\000\050\000\051}{subsection.6.23.4}% 1588
\BOOKMARK [3][-]{subsubsection.6.23.4.336}{\376\377\0006\000.\0002\0003\000.\0004\000.\0003\0003\0006\000\040\000I\000m\000a\000g\000e\000F\000l\000i\000p\000V\000e\000r\000t\000i\000c\000a\000l\000\050\000\051}{subsection.6.23.4}% 1589
\BOOKMARK [3][-]{subsubsection.6.23.4.337}{\376\377\0006\000.\0002\0003\000.\0004\000.\0003\0003\0007\000\040\000I\000m\000a\000g\000e\000F\000o\000r\000m\000a\000t\000\050\000\051}{subsection.6.23.4}% 1590
\BOOKMARK [3][-]{subsubsection.6.23.4.338}{\376\377\0006\000.\0002\0003\000.\0004\000.\0003\0003\0008\000\040\000I\000m\000a\000g\000e\000F\000r\000o\000m\000C\000h\000a\000n\000n\000e\000l\000\050\000\051}{subsection.6.23.4}% 1591
\BOOKMARK [3][-]{subsubsection.6.23.4.339}{\376\377\0006\000.\0002\0003\000.\0004\000.\0003\0003\0009\000\040\000I\000m\000a\000g\000e\000F\000r\000o\000m\000I\000m\000a\000g\000e\000\050\000\051}{subsection.6.23.4}% 1592
\BOOKMARK [3][-]{subsubsection.6.23.4.340}{\376\377\0006\000.\0002\0003\000.\0004\000.\0003\0004\0000\000\040\000I\000m\000a\000g\000e\000K\000e\000r\000n\000e\000l\000C\000o\000n\000v\000o\000l\000u\000t\000i\000o\000n\000\050\000\051}{subsection.6.23.4}% 1593
\BOOKMARK [3][-]{subsubsection.6.23.4.341}{\376\377\0006\000.\0002\0003\000.\0004\000.\0003\0004\0001\000\040\000I\000m\000a\000g\000e\000M\000i\000p\000m\000a\000p\000s\000\050\000\051}{subsection.6.23.4}% 1594
\BOOKMARK [3][-]{subsubsection.6.23.4.342}{\376\377\0006\000.\0002\0003\000.\0004\000.\0003\0004\0002\000\040\000I\000m\000a\000g\000e\000R\000e\000s\000i\000z\000e\000\050\000\051}{subsection.6.23.4}% 1595
\BOOKMARK [3][-]{subsubsection.6.23.4.343}{\376\377\0006\000.\0002\0003\000.\0004\000.\0003\0004\0003\000\040\000I\000m\000a\000g\000e\000R\000e\000s\000i\000z\000e\000C\000a\000n\000v\000a\000s\000\050\000\051}{subsection.6.23.4}% 1596
\BOOKMARK [3][-]{subsubsection.6.23.4.344}{\376\377\0006\000.\0002\0003\000.\0004\000.\0003\0004\0004\000\040\000I\000m\000a\000g\000e\000R\000e\000s\000i\000z\000e\000N\000N\000\050\000\051}{subsection.6.23.4}% 1597
\BOOKMARK [3][-]{subsubsection.6.23.4.345}{\376\377\0006\000.\0002\0003\000.\0004\000.\0003\0004\0005\000\040\000I\000m\000a\000g\000e\000R\000o\000t\000a\000t\000e\000\050\000\051}{subsection.6.23.4}% 1598
\BOOKMARK [3][-]{subsubsection.6.23.4.346}{\376\377\0006\000.\0002\0003\000.\0004\000.\0003\0004\0006\000\040\000I\000m\000a\000g\000e\000R\000o\000t\000a\000t\000e\000C\000C\000W\000\050\000\051}{subsection.6.23.4}% 1599
\BOOKMARK [3][-]{subsubsection.6.23.4.347}{\376\377\0006\000.\0002\0003\000.\0004\000.\0003\0004\0007\000\040\000I\000m\000a\000g\000e\000R\000o\000t\000a\000t\000e\000C\000W\000\050\000\051}{subsection.6.23.4}% 1600
\BOOKMARK [3][-]{subsubsection.6.23.4.348}{\376\377\0006\000.\0002\0003\000.\0004\000.\0003\0004\0008\000\040\000I\000m\000a\000g\000e\000T\000e\000x\000t\000\050\000\051}{subsection.6.23.4}% 1601
\BOOKMARK [3][-]{subsubsection.6.23.4.349}{\376\377\0006\000.\0002\0003\000.\0004\000.\0003\0004\0009\000\040\000I\000m\000a\000g\000e\000T\000e\000x\000t\000E\000x\000\050\000\051}{subsection.6.23.4}% 1602
\BOOKMARK [3][-]{subsubsection.6.23.4.350}{\376\377\0006\000.\0002\0003\000.\0004\000.\0003\0005\0000\000\040\000I\000m\000a\000g\000e\000T\000o\000P\000O\000T\000\050\000\051}{subsection.6.23.4}% 1603
\BOOKMARK [3][-]{subsubsection.6.23.4.351}{\376\377\0006\000.\0002\0003\000.\0004\000.\0003\0005\0001\000\040\000I\000n\000i\000t\000A\000u\000d\000i\000o\000D\000e\000v\000i\000c\000e\000\050\000\051}{subsection.6.23.4}% 1604
\BOOKMARK [3][-]{subsubsection.6.23.4.352}{\376\377\0006\000.\0002\0003\000.\0004\000.\0003\0005\0002\000\040\000I\000n\000i\000t\000W\000i\000n\000d\000o\000w\000\050\000\051}{subsection.6.23.4}% 1605
\BOOKMARK [3][-]{subsubsection.6.23.4.353}{\376\377\0006\000.\0002\0003\000.\0004\000.\0003\0005\0003\000\040\000I\000s\000A\000u\000d\000i\000o\000D\000e\000v\000i\000c\000e\000R\000e\000a\000d\000y\000\050\000\051}{subsection.6.23.4}% 1606
\BOOKMARK [3][-]{subsubsection.6.23.4.354}{\376\377\0006\000.\0002\0003\000.\0004\000.\0003\0005\0004\000\040\000I\000s\000A\000u\000d\000i\000o\000S\000t\000r\000e\000a\000m\000P\000l\000a\000y\000i\000n\000g\000\050\000\051}{subsection.6.23.4}% 1607
\BOOKMARK [3][-]{subsubsection.6.23.4.355}{\376\377\0006\000.\0002\0003\000.\0004\000.\0003\0005\0005\000\040\000I\000s\000A\000u\000d\000i\000o\000S\000t\000r\000e\000a\000m\000P\000r\000o\000c\000e\000s\000s\000e\000d\000\050\000\051}{subsection.6.23.4}% 1608
\BOOKMARK [3][-]{subsubsection.6.23.4.356}{\376\377\0006\000.\0002\0003\000.\0004\000.\0003\0005\0006\000\040\000I\000s\000A\000u\000d\000i\000o\000S\000t\000r\000e\000a\000m\000V\000a\000l\000i\000d\000\050\000\051}{subsection.6.23.4}% 1609
\BOOKMARK [3][-]{subsubsection.6.23.4.357}{\376\377\0006\000.\0002\0003\000.\0004\000.\0003\0005\0007\000\040\000I\000s\000C\000u\000r\000s\000o\000r\000H\000i\000d\000d\000e\000n\000\050\000\051}{subsection.6.23.4}% 1610
\BOOKMARK [3][-]{subsubsection.6.23.4.358}{\376\377\0006\000.\0002\0003\000.\0004\000.\0003\0005\0008\000\040\000I\000s\000C\000u\000r\000s\000o\000r\000O\000n\000S\000c\000r\000e\000e\000n\000\050\000\051}{subsection.6.23.4}% 1611
\BOOKMARK [3][-]{subsubsection.6.23.4.359}{\376\377\0006\000.\0002\0003\000.\0004\000.\0003\0005\0009\000\040\000I\000s\000F\000i\000l\000e\000D\000r\000o\000p\000p\000e\000d\000\050\000\051}{subsection.6.23.4}% 1612
\BOOKMARK [3][-]{subsubsection.6.23.4.360}{\376\377\0006\000.\0002\0003\000.\0004\000.\0003\0006\0000\000\040\000I\000s\000F\000i\000l\000e\000E\000x\000t\000e\000n\000s\000i\000o\000n\000\050\000\051}{subsection.6.23.4}% 1613
\BOOKMARK [3][-]{subsubsection.6.23.4.361}{\376\377\0006\000.\0002\0003\000.\0004\000.\0003\0006\0001\000\040\000I\000s\000F\000i\000l\000e\000N\000a\000m\000e\000V\000a\000l\000i\000d\000\050\000\051}{subsection.6.23.4}% 1614
\BOOKMARK [3][-]{subsubsection.6.23.4.362}{\376\377\0006\000.\0002\0003\000.\0004\000.\0003\0006\0002\000\040\000I\000s\000F\000o\000n\000t\000V\000a\000l\000i\000d\000\050\000\051}{subsection.6.23.4}% 1615
\BOOKMARK [3][-]{subsubsection.6.23.4.363}{\376\377\0006\000.\0002\0003\000.\0004\000.\0003\0006\0003\000\040\000I\000s\000G\000a\000m\000e\000p\000a\000d\000A\000v\000a\000i\000l\000a\000b\000l\000e\000\050\000\051}{subsection.6.23.4}% 1616
\BOOKMARK [3][-]{subsubsection.6.23.4.364}{\376\377\0006\000.\0002\0003\000.\0004\000.\0003\0006\0004\000\040\000I\000s\000G\000a\000m\000e\000p\000a\000d\000B\000u\000t\000t\000o\000n\000D\000o\000w\000n\000\050\000\051}{subsection.6.23.4}% 1617
\BOOKMARK [3][-]{subsubsection.6.23.4.365}{\376\377\0006\000.\0002\0003\000.\0004\000.\0003\0006\0005\000\040\000I\000s\000G\000a\000m\000e\000p\000a\000d\000B\000u\000t\000t\000o\000n\000P\000r\000e\000s\000s\000e\000d\000\050\000\051}{subsection.6.23.4}% 1618
\BOOKMARK [3][-]{subsubsection.6.23.4.366}{\376\377\0006\000.\0002\0003\000.\0004\000.\0003\0006\0006\000\040\000I\000s\000G\000a\000m\000e\000p\000a\000d\000B\000u\000t\000t\000o\000n\000R\000e\000l\000e\000a\000s\000e\000d\000\050\000\051}{subsection.6.23.4}% 1619
\BOOKMARK [3][-]{subsubsection.6.23.4.367}{\376\377\0006\000.\0002\0003\000.\0004\000.\0003\0006\0007\000\040\000I\000s\000G\000a\000m\000e\000p\000a\000d\000B\000u\000t\000t\000o\000n\000U\000p\000\050\000\051}{subsection.6.23.4}% 1620
\BOOKMARK [3][-]{subsubsection.6.23.4.368}{\376\377\0006\000.\0002\0003\000.\0004\000.\0003\0006\0008\000\040\000I\000s\000G\000e\000s\000t\000u\000r\000e\000D\000e\000t\000e\000c\000t\000e\000d\000\050\000\051}{subsection.6.23.4}% 1621
\BOOKMARK [3][-]{subsubsection.6.23.4.369}{\376\377\0006\000.\0002\0003\000.\0004\000.\0003\0006\0009\000\040\000I\000s\000I\000m\000a\000g\000e\000V\000a\000l\000i\000d\000\050\000\051}{subsection.6.23.4}% 1622
\BOOKMARK [3][-]{subsubsection.6.23.4.370}{\376\377\0006\000.\0002\0003\000.\0004\000.\0003\0007\0000\000\040\000I\000s\000K\000e\000y\000D\000o\000w\000n\000\050\000\051}{subsection.6.23.4}% 1623
\BOOKMARK [3][-]{subsubsection.6.23.4.371}{\376\377\0006\000.\0002\0003\000.\0004\000.\0003\0007\0001\000\040\000I\000s\000K\000e\000y\000P\000r\000e\000s\000s\000e\000d\000\050\000\051}{subsection.6.23.4}% 1624
\BOOKMARK [3][-]{subsubsection.6.23.4.372}{\376\377\0006\000.\0002\0003\000.\0004\000.\0003\0007\0002\000\040\000I\000s\000K\000e\000y\000P\000r\000e\000s\000s\000e\000d\000R\000e\000p\000e\000a\000t\000\050\000\051}{subsection.6.23.4}% 1625
\BOOKMARK [3][-]{subsubsection.6.23.4.373}{\376\377\0006\000.\0002\0003\000.\0004\000.\0003\0007\0003\000\040\000I\000s\000K\000e\000y\000R\000e\000l\000e\000a\000s\000e\000d\000\050\000\051}{subsection.6.23.4}% 1626
\BOOKMARK [3][-]{subsubsection.6.23.4.374}{\376\377\0006\000.\0002\0003\000.\0004\000.\0003\0007\0004\000\040\000I\000s\000K\000e\000y\000U\000p\000\050\000\051}{subsection.6.23.4}% 1627
\BOOKMARK [3][-]{subsubsection.6.23.4.375}{\376\377\0006\000.\0002\0003\000.\0004\000.\0003\0007\0005\000\040\000I\000s\000M\000a\000t\000e\000r\000i\000a\000l\000V\000a\000l\000i\000d\000\050\000\051}{subsection.6.23.4}% 1628
\BOOKMARK [3][-]{subsubsection.6.23.4.376}{\376\377\0006\000.\0002\0003\000.\0004\000.\0003\0007\0006\000\040\000I\000s\000M\000o\000d\000e\000l\000A\000n\000i\000m\000a\000t\000i\000o\000n\000V\000a\000l\000i\000d\000\050\000\051}{subsection.6.23.4}% 1629
\BOOKMARK [3][-]{subsubsection.6.23.4.377}{\376\377\0006\000.\0002\0003\000.\0004\000.\0003\0007\0007\000\040\000I\000s\000M\000o\000d\000e\000l\000V\000a\000l\000i\000d\000\050\000\051}{subsection.6.23.4}% 1630
\BOOKMARK [3][-]{subsubsection.6.23.4.378}{\376\377\0006\000.\0002\0003\000.\0004\000.\0003\0007\0008\000\040\000I\000s\000M\000o\000u\000s\000e\000B\000u\000t\000t\000o\000n\000D\000o\000w\000n\000\050\000\051}{subsection.6.23.4}% 1631
\BOOKMARK [3][-]{subsubsection.6.23.4.379}{\376\377\0006\000.\0002\0003\000.\0004\000.\0003\0007\0009\000\040\000I\000s\000M\000o\000u\000s\000e\000B\000u\000t\000t\000o\000n\000P\000r\000e\000s\000s\000e\000d\000\050\000\051}{subsection.6.23.4}% 1632
\BOOKMARK [3][-]{subsubsection.6.23.4.380}{\376\377\0006\000.\0002\0003\000.\0004\000.\0003\0008\0000\000\040\000I\000s\000M\000o\000u\000s\000e\000B\000u\000t\000t\000o\000n\000R\000e\000l\000e\000a\000s\000e\000d\000\050\000\051}{subsection.6.23.4}% 1633
\BOOKMARK [3][-]{subsubsection.6.23.4.381}{\376\377\0006\000.\0002\0003\000.\0004\000.\0003\0008\0001\000\040\000I\000s\000M\000o\000u\000s\000e\000B\000u\000t\000t\000o\000n\000U\000p\000\050\000\051}{subsection.6.23.4}% 1634
\BOOKMARK [3][-]{subsubsection.6.23.4.382}{\376\377\0006\000.\0002\0003\000.\0004\000.\0003\0008\0002\000\040\000I\000s\000M\000u\000s\000i\000c\000S\000t\000r\000e\000a\000m\000P\000l\000a\000y\000i\000n\000g\000\050\000\051}{subsection.6.23.4}% 1635
\BOOKMARK [3][-]{subsubsection.6.23.4.383}{\376\377\0006\000.\0002\0003\000.\0004\000.\0003\0008\0003\000\040\000I\000s\000M\000u\000s\000i\000c\000V\000a\000l\000i\000d\000\050\000\051}{subsection.6.23.4}% 1636
\BOOKMARK [3][-]{subsubsection.6.23.4.384}{\376\377\0006\000.\0002\0003\000.\0004\000.\0003\0008\0004\000\040\000I\000s\000P\000a\000t\000h\000F\000i\000l\000e\000\050\000\051}{subsection.6.23.4}% 1637
\BOOKMARK [3][-]{subsubsection.6.23.4.385}{\376\377\0006\000.\0002\0003\000.\0004\000.\0003\0008\0005\000\040\000I\000s\000R\000e\000n\000d\000e\000r\000T\000e\000x\000t\000u\000r\000e\000V\000a\000l\000i\000d\000\050\000\051}{subsection.6.23.4}% 1638
\BOOKMARK [3][-]{subsubsection.6.23.4.386}{\376\377\0006\000.\0002\0003\000.\0004\000.\0003\0008\0006\000\040\000I\000s\000S\000h\000a\000d\000e\000r\000V\000a\000l\000i\000d\000\050\000\051}{subsection.6.23.4}% 1639
\BOOKMARK [3][-]{subsubsection.6.23.4.387}{\376\377\0006\000.\0002\0003\000.\0004\000.\0003\0008\0007\000\040\000I\000s\000S\000o\000u\000n\000d\000P\000l\000a\000y\000i\000n\000g\000\050\000\051}{subsection.6.23.4}% 1640
\BOOKMARK [3][-]{subsubsection.6.23.4.388}{\376\377\0006\000.\0002\0003\000.\0004\000.\0003\0008\0008\000\040\000I\000s\000S\000o\000u\000n\000d\000V\000a\000l\000i\000d\000\050\000\051}{subsection.6.23.4}% 1641
\BOOKMARK [3][-]{subsubsection.6.23.4.389}{\376\377\0006\000.\0002\0003\000.\0004\000.\0003\0008\0009\000\040\000I\000s\000T\000e\000x\000t\000u\000r\000e\000V\000a\000l\000i\000d\000\050\000\051}{subsection.6.23.4}% 1642
\BOOKMARK [3][-]{subsubsection.6.23.4.390}{\376\377\0006\000.\0002\0003\000.\0004\000.\0003\0009\0000\000\040\000I\000s\000W\000a\000v\000e\000V\000a\000l\000i\000d\000\050\000\051}{subsection.6.23.4}% 1643
\BOOKMARK [3][-]{subsubsection.6.23.4.391}{\376\377\0006\000.\0002\0003\000.\0004\000.\0003\0009\0001\000\040\000I\000s\000W\000i\000n\000d\000o\000w\000F\000o\000c\000u\000s\000e\000d\000\050\000\051}{subsection.6.23.4}% 1644
\BOOKMARK [3][-]{subsubsection.6.23.4.392}{\376\377\0006\000.\0002\0003\000.\0004\000.\0003\0009\0002\000\040\000I\000s\000W\000i\000n\000d\000o\000w\000F\000u\000l\000l\000s\000c\000r\000e\000e\000n\000\050\000\051}{subsection.6.23.4}% 1645
\BOOKMARK [3][-]{subsubsection.6.23.4.393}{\376\377\0006\000.\0002\0003\000.\0004\000.\0003\0009\0003\000\040\000I\000s\000W\000i\000n\000d\000o\000w\000H\000i\000d\000d\000e\000n\000\050\000\051}{subsection.6.23.4}% 1646
\BOOKMARK [3][-]{subsubsection.6.23.4.394}{\376\377\0006\000.\0002\0003\000.\0004\000.\0003\0009\0004\000\040\000I\000s\000W\000i\000n\000d\000o\000w\000M\000a\000x\000i\000m\000i\000z\000e\000d\000\050\000\051}{subsection.6.23.4}% 1647
\BOOKMARK [3][-]{subsubsection.6.23.4.395}{\376\377\0006\000.\0002\0003\000.\0004\000.\0003\0009\0005\000\040\000I\000s\000W\000i\000n\000d\000o\000w\000M\000i\000n\000i\000m\000i\000z\000e\000d\000\050\000\051}{subsection.6.23.4}% 1648
\BOOKMARK [3][-]{subsubsection.6.23.4.396}{\376\377\0006\000.\0002\0003\000.\0004\000.\0003\0009\0006\000\040\000I\000s\000W\000i\000n\000d\000o\000w\000R\000e\000a\000d\000y\000\050\000\051}{subsection.6.23.4}% 1649
\BOOKMARK [3][-]{subsubsection.6.23.4.397}{\376\377\0006\000.\0002\0003\000.\0004\000.\0003\0009\0007\000\040\000I\000s\000W\000i\000n\000d\000o\000w\000R\000e\000s\000i\000z\000e\000d\000\050\000\051}{subsection.6.23.4}% 1650
\BOOKMARK [3][-]{subsubsection.6.23.4.398}{\376\377\0006\000.\0002\0003\000.\0004\000.\0003\0009\0008\000\040\000I\000s\000W\000i\000n\000d\000o\000w\000S\000t\000a\000t\000e\000\050\000\051}{subsection.6.23.4}% 1651
\BOOKMARK [3][-]{subsubsection.6.23.4.399}{\376\377\0006\000.\0002\0003\000.\0004\000.\0003\0009\0009\000\040\000L\000o\000a\000d\000A\000u\000d\000i\000o\000S\000t\000r\000e\000a\000m\000\050\000\051}{subsection.6.23.4}% 1652
\BOOKMARK [3][-]{subsubsection.6.23.4.400}{\376\377\0006\000.\0002\0003\000.\0004\000.\0004\0000\0000\000\040\000L\000o\000a\000d\000A\000u\000t\000o\000m\000a\000t\000i\000o\000n\000E\000v\000e\000n\000t\000L\000i\000s\000t\000\050\000\051}{subsection.6.23.4}% 1653
\BOOKMARK [3][-]{subsubsection.6.23.4.401}{\376\377\0006\000.\0002\0003\000.\0004\000.\0004\0000\0001\000\040\000L\000o\000a\000d\000C\000o\000d\000e\000p\000o\000i\000n\000t\000s\000\050\000\051}{subsection.6.23.4}% 1654
\BOOKMARK [3][-]{subsubsection.6.23.4.402}{\376\377\0006\000.\0002\0003\000.\0004\000.\0004\0000\0002\000\040\000L\000o\000a\000d\000D\000i\000r\000e\000c\000t\000o\000r\000y\000F\000i\000l\000e\000s\000\050\000\051}{subsection.6.23.4}% 1655
\BOOKMARK [3][-]{subsubsection.6.23.4.403}{\376\377\0006\000.\0002\0003\000.\0004\000.\0004\0000\0003\000\040\000L\000o\000a\000d\000D\000i\000r\000e\000c\000t\000o\000r\000y\000F\000i\000l\000e\000s\000E\000x\000\050\000\051}{subsection.6.23.4}% 1656
\BOOKMARK [3][-]{subsubsection.6.23.4.404}{\376\377\0006\000.\0002\0003\000.\0004\000.\0004\0000\0004\000\040\000L\000o\000a\000d\000D\000r\000o\000p\000p\000e\000d\000F\000i\000l\000e\000s\000\050\000\051}{subsection.6.23.4}% 1657
\BOOKMARK [3][-]{subsubsection.6.23.4.405}{\376\377\0006\000.\0002\0003\000.\0004\000.\0004\0000\0005\000\040\000L\000o\000a\000d\000F\000i\000l\000e\000D\000a\000t\000a\000\050\000\051}{subsection.6.23.4}% 1658
\BOOKMARK [3][-]{subsubsection.6.23.4.406}{\376\377\0006\000.\0002\0003\000.\0004\000.\0004\0000\0006\000\040\000L\000o\000a\000d\000F\000i\000l\000e\000T\000e\000x\000t\000\050\000\051}{subsection.6.23.4}% 1659
\BOOKMARK [3][-]{subsubsection.6.23.4.407}{\376\377\0006\000.\0002\0003\000.\0004\000.\0004\0000\0007\000\040\000L\000o\000a\000d\000F\000o\000n\000t\000\050\000\051}{subsection.6.23.4}% 1660
\BOOKMARK [3][-]{subsubsection.6.23.4.408}{\376\377\0006\000.\0002\0003\000.\0004\000.\0004\0000\0008\000\040\000L\000o\000a\000d\000F\000o\000n\000t\000D\000a\000t\000a\000\050\000\051}{subsection.6.23.4}% 1661
\BOOKMARK [3][-]{subsubsection.6.23.4.409}{\376\377\0006\000.\0002\0003\000.\0004\000.\0004\0000\0009\000\040\000L\000o\000a\000d\000F\000o\000n\000t\000E\000x\000\050\000\051}{subsection.6.23.4}% 1662
\BOOKMARK [3][-]{subsubsection.6.23.4.410}{\376\377\0006\000.\0002\0003\000.\0004\000.\0004\0001\0000\000\040\000L\000o\000a\000d\000F\000o\000n\000t\000F\000r\000o\000m\000I\000m\000a\000g\000e\000\050\000\051}{subsection.6.23.4}% 1663
\BOOKMARK [3][-]{subsubsection.6.23.4.411}{\376\377\0006\000.\0002\0003\000.\0004\000.\0004\0001\0001\000\040\000L\000o\000a\000d\000F\000o\000n\000t\000F\000r\000o\000m\000M\000e\000m\000o\000r\000y\000\050\000\051}{subsection.6.23.4}% 1664
\BOOKMARK [3][-]{subsubsection.6.23.4.412}{\376\377\0006\000.\0002\0003\000.\0004\000.\0004\0001\0002\000\040\000L\000o\000a\000d\000I\000m\000a\000g\000e\000\050\000\051}{subsection.6.23.4}% 1665
\BOOKMARK [3][-]{subsubsection.6.23.4.413}{\376\377\0006\000.\0002\0003\000.\0004\000.\0004\0001\0003\000\040\000L\000o\000a\000d\000I\000m\000a\000g\000e\000A\000n\000i\000m\000\050\000\051}{subsection.6.23.4}% 1666
\BOOKMARK [3][-]{subsubsection.6.23.4.414}{\376\377\0006\000.\0002\0003\000.\0004\000.\0004\0001\0004\000\040\000L\000o\000a\000d\000I\000m\000a\000g\000e\000A\000n\000i\000m\000F\000r\000o\000m\000M\000e\000m\000o\000r\000y\000\050\000\051}{subsection.6.23.4}% 1667
\BOOKMARK [3][-]{subsubsection.6.23.4.415}{\376\377\0006\000.\0002\0003\000.\0004\000.\0004\0001\0005\000\040\000L\000o\000a\000d\000I\000m\000a\000g\000e\000C\000o\000l\000o\000r\000s\000\050\000\051}{subsection.6.23.4}% 1668
\BOOKMARK [3][-]{subsubsection.6.23.4.416}{\376\377\0006\000.\0002\0003\000.\0004\000.\0004\0001\0006\000\040\000L\000o\000a\000d\000I\000m\000a\000g\000e\000F\000r\000o\000m\000M\000e\000m\000o\000r\000y\000\050\000\051}{subsection.6.23.4}% 1669
\BOOKMARK [3][-]{subsubsection.6.23.4.417}{\376\377\0006\000.\0002\0003\000.\0004\000.\0004\0001\0007\000\040\000L\000o\000a\000d\000I\000m\000a\000g\000e\000F\000r\000o\000m\000S\000c\000r\000e\000e\000n\000\050\000\051}{subsection.6.23.4}% 1670
\BOOKMARK [3][-]{subsubsection.6.23.4.418}{\376\377\0006\000.\0002\0003\000.\0004\000.\0004\0001\0008\000\040\000L\000o\000a\000d\000I\000m\000a\000g\000e\000F\000r\000o\000m\000T\000e\000x\000t\000u\000r\000e\000\050\000\051}{subsection.6.23.4}% 1671
\BOOKMARK [3][-]{subsubsection.6.23.4.419}{\376\377\0006\000.\0002\0003\000.\0004\000.\0004\0001\0009\000\040\000L\000o\000a\000d\000I\000m\000a\000g\000e\000P\000a\000l\000e\000t\000t\000e\000\050\000\051}{subsection.6.23.4}% 1672
\BOOKMARK [3][-]{subsubsection.6.23.4.420}{\376\377\0006\000.\0002\0003\000.\0004\000.\0004\0002\0000\000\040\000L\000o\000a\000d\000I\000m\000a\000g\000e\000R\000a\000w\000\050\000\051}{subsection.6.23.4}% 1673
\BOOKMARK [3][-]{subsubsection.6.23.4.421}{\376\377\0006\000.\0002\0003\000.\0004\000.\0004\0002\0001\000\040\000L\000o\000a\000d\000M\000a\000t\000e\000r\000i\000a\000l\000D\000e\000f\000a\000u\000l\000t\000\050\000\051}{subsection.6.23.4}% 1674
\BOOKMARK [3][-]{subsubsection.6.23.4.422}{\376\377\0006\000.\0002\0003\000.\0004\000.\0004\0002\0002\000\040\000L\000o\000a\000d\000M\000a\000t\000e\000r\000i\000a\000l\000s\000\050\000\051}{subsection.6.23.4}% 1675
\BOOKMARK [3][-]{subsubsection.6.23.4.423}{\376\377\0006\000.\0002\0003\000.\0004\000.\0004\0002\0003\000\040\000L\000o\000a\000d\000M\000o\000d\000e\000l\000\050\000\051}{subsection.6.23.4}% 1676
\BOOKMARK [3][-]{subsubsection.6.23.4.424}{\376\377\0006\000.\0002\0003\000.\0004\000.\0004\0002\0004\000\040\000L\000o\000a\000d\000M\000o\000d\000e\000l\000A\000n\000i\000m\000a\000t\000i\000o\000n\000s\000\050\000\051}{subsection.6.23.4}% 1677
\BOOKMARK [3][-]{subsubsection.6.23.4.425}{\376\377\0006\000.\0002\0003\000.\0004\000.\0004\0002\0005\000\040\000L\000o\000a\000d\000M\000o\000d\000e\000l\000F\000r\000o\000m\000M\000e\000s\000h\000\050\000\051}{subsection.6.23.4}% 1678
\BOOKMARK [3][-]{subsubsection.6.23.4.426}{\376\377\0006\000.\0002\0003\000.\0004\000.\0004\0002\0006\000\040\000L\000o\000a\000d\000M\000u\000s\000i\000c\000S\000t\000r\000e\000a\000m\000\050\000\051}{subsection.6.23.4}% 1679
\BOOKMARK [3][-]{subsubsection.6.23.4.427}{\376\377\0006\000.\0002\0003\000.\0004\000.\0004\0002\0007\000\040\000L\000o\000a\000d\000M\000u\000s\000i\000c\000S\000t\000r\000e\000a\000m\000F\000r\000o\000m\000M\000e\000m\000o\000r\000y\000\050\000\051}{subsection.6.23.4}% 1680
\BOOKMARK [3][-]{subsubsection.6.23.4.428}{\376\377\0006\000.\0002\0003\000.\0004\000.\0004\0002\0008\000\040\000L\000o\000a\000d\000R\000a\000n\000d\000o\000m\000S\000e\000q\000u\000e\000n\000c\000e\000\050\000\051}{subsection.6.23.4}% 1681
\BOOKMARK [3][-]{subsubsection.6.23.4.429}{\376\377\0006\000.\0002\0003\000.\0004\000.\0004\0002\0009\000\040\000L\000o\000a\000d\000R\000e\000n\000d\000e\000r\000T\000e\000x\000t\000u\000r\000e\000\050\000\051}{subsection.6.23.4}% 1682
\BOOKMARK [3][-]{subsubsection.6.23.4.430}{\376\377\0006\000.\0002\0003\000.\0004\000.\0004\0003\0000\000\040\000L\000o\000a\000d\000S\000h\000a\000d\000e\000r\000\050\000\051}{subsection.6.23.4}% 1683
\BOOKMARK [3][-]{subsubsection.6.23.4.431}{\376\377\0006\000.\0002\0003\000.\0004\000.\0004\0003\0001\000\040\000L\000o\000a\000d\000S\000h\000a\000d\000e\000r\000F\000r\000o\000m\000M\000e\000m\000o\000r\000y\000\050\000\051}{subsection.6.23.4}% 1684
\BOOKMARK [3][-]{subsubsection.6.23.4.432}{\376\377\0006\000.\0002\0003\000.\0004\000.\0004\0003\0002\000\040\000L\000o\000a\000d\000S\000o\000u\000n\000d\000\050\000\051}{subsection.6.23.4}% 1685
\BOOKMARK [3][-]{subsubsection.6.23.4.433}{\376\377\0006\000.\0002\0003\000.\0004\000.\0004\0003\0003\000\040\000L\000o\000a\000d\000S\000o\000u\000n\000d\000A\000l\000i\000a\000s\000\050\000\051}{subsection.6.23.4}% 1686
\BOOKMARK [3][-]{subsubsection.6.23.4.434}{\376\377\0006\000.\0002\0003\000.\0004\000.\0004\0003\0004\000\040\000L\000o\000a\000d\000S\000o\000u\000n\000d\000F\000r\000o\000m\000W\000a\000v\000e\000\050\000\051}{subsection.6.23.4}% 1687
\BOOKMARK [3][-]{subsubsection.6.23.4.435}{\376\377\0006\000.\0002\0003\000.\0004\000.\0004\0003\0005\000\040\000L\000o\000a\000d\000T\000e\000x\000t\000L\000i\000n\000e\000s\000\050\000\051}{subsection.6.23.4}% 1688
\BOOKMARK [3][-]{subsubsection.6.23.4.436}{\376\377\0006\000.\0002\0003\000.\0004\000.\0004\0003\0006\000\040\000L\000o\000a\000d\000T\000e\000x\000t\000u\000r\000e\000\050\000\051}{subsection.6.23.4}% 1689
\BOOKMARK [3][-]{subsubsection.6.23.4.437}{\376\377\0006\000.\0002\0003\000.\0004\000.\0004\0003\0007\000\040\000L\000o\000a\000d\000T\000e\000x\000t\000u\000r\000e\000C\000u\000b\000e\000m\000a\000p\000\050\000\051}{subsection.6.23.4}% 1690
\BOOKMARK [3][-]{subsubsection.6.23.4.438}{\376\377\0006\000.\0002\0003\000.\0004\000.\0004\0003\0008\000\040\000L\000o\000a\000d\000T\000e\000x\000t\000u\000r\000e\000F\000r\000o\000m\000I\000m\000a\000g\000e\000\050\000\051}{subsection.6.23.4}% 1691
\BOOKMARK [3][-]{subsubsection.6.23.4.439}{\376\377\0006\000.\0002\0003\000.\0004\000.\0004\0003\0009\000\040\000L\000o\000a\000d\000U\000T\000F\0008\000\050\000\051}{subsection.6.23.4}% 1692
\BOOKMARK [3][-]{subsubsection.6.23.4.440}{\376\377\0006\000.\0002\0003\000.\0004\000.\0004\0004\0000\000\040\000L\000o\000a\000d\000V\000r\000S\000t\000e\000r\000e\000o\000C\000o\000n\000f\000i\000g\000\050\000\051}{subsection.6.23.4}% 1693
\BOOKMARK [3][-]{subsubsection.6.23.4.441}{\376\377\0006\000.\0002\0003\000.\0004\000.\0004\0004\0001\000\040\000L\000o\000a\000d\000W\000a\000v\000e\000\050\000\051}{subsection.6.23.4}% 1694
\BOOKMARK [3][-]{subsubsection.6.23.4.442}{\376\377\0006\000.\0002\0003\000.\0004\000.\0004\0004\0002\000\040\000L\000o\000a\000d\000W\000a\000v\000e\000F\000r\000o\000m\000M\000e\000m\000o\000r\000y\000\050\000\051}{subsection.6.23.4}% 1695
\BOOKMARK [3][-]{subsubsection.6.23.4.443}{\376\377\0006\000.\0002\0003\000.\0004\000.\0004\0004\0003\000\040\000L\000o\000a\000d\000W\000a\000v\000e\000S\000a\000m\000p\000l\000e\000s\000\050\000\051}{subsection.6.23.4}% 1696
\BOOKMARK [3][-]{subsubsection.6.23.4.444}{\376\377\0006\000.\0002\0003\000.\0004\000.\0004\0004\0004\000\040\000M\000a\000k\000e\000D\000i\000r\000e\000c\000t\000o\000r\000y\000\050\000\051}{subsection.6.23.4}% 1697
\BOOKMARK [3][-]{subsubsection.6.23.4.445}{\376\377\0006\000.\0002\0003\000.\0004\000.\0004\0004\0005\000\040\000M\000a\000x\000i\000m\000i\000z\000e\000W\000i\000n\000d\000o\000w\000\050\000\051}{subsection.6.23.4}% 1698
\BOOKMARK [3][-]{subsubsection.6.23.4.446}{\376\377\0006\000.\0002\0003\000.\0004\000.\0004\0004\0006\000\040\000M\000e\000a\000s\000u\000r\000e\000T\000e\000x\000t\000\050\000\051}{subsection.6.23.4}% 1699
\BOOKMARK [3][-]{subsubsection.6.23.4.447}{\376\377\0006\000.\0002\0003\000.\0004\000.\0004\0004\0007\000\040\000M\000e\000a\000s\000u\000r\000e\000T\000e\000x\000t\000C\000o\000d\000e\000p\000o\000i\000n\000t\000s\000\050\000\051}{subsection.6.23.4}% 1700
\BOOKMARK [3][-]{subsubsection.6.23.4.448}{\376\377\0006\000.\0002\0003\000.\0004\000.\0004\0004\0008\000\040\000M\000e\000a\000s\000u\000r\000e\000T\000e\000x\000t\000E\000x\000\050\000\051}{subsection.6.23.4}% 1701
\BOOKMARK [3][-]{subsubsection.6.23.4.449}{\376\377\0006\000.\0002\0003\000.\0004\000.\0004\0004\0009\000\040\000M\000e\000m\000A\000l\000l\000o\000c\000\050\000\051}{subsection.6.23.4}% 1702
\BOOKMARK [3][-]{subsubsection.6.23.4.450}{\376\377\0006\000.\0002\0003\000.\0004\000.\0004\0005\0000\000\040\000M\000e\000m\000F\000r\000e\000e\000\050\000\051}{subsection.6.23.4}% 1703
\BOOKMARK [3][-]{subsubsection.6.23.4.451}{\376\377\0006\000.\0002\0003\000.\0004\000.\0004\0005\0001\000\040\000M\000e\000m\000R\000e\000a\000l\000l\000o\000c\000\050\000\051}{subsection.6.23.4}% 1704
\BOOKMARK [3][-]{subsubsection.6.23.4.452}{\376\377\0006\000.\0002\0003\000.\0004\000.\0004\0005\0002\000\040\000M\000i\000n\000i\000m\000i\000z\000e\000W\000i\000n\000d\000o\000w\000\050\000\051}{subsection.6.23.4}% 1705
\BOOKMARK [3][-]{subsubsection.6.23.4.453}{\376\377\0006\000.\0002\0003\000.\0004\000.\0004\0005\0003\000\040\000O\000p\000e\000n\000U\000R\000L\000\050\000\051}{subsection.6.23.4}% 1706
\BOOKMARK [3][-]{subsubsection.6.23.4.454}{\376\377\0006\000.\0002\0003\000.\0004\000.\0004\0005\0004\000\040\000P\000a\000u\000s\000e\000A\000u\000d\000i\000o\000S\000t\000r\000e\000a\000m\000\050\000\051}{subsection.6.23.4}% 1707
\BOOKMARK [3][-]{subsubsection.6.23.4.455}{\376\377\0006\000.\0002\0003\000.\0004\000.\0004\0005\0005\000\040\000P\000a\000u\000s\000e\000M\000u\000s\000i\000c\000S\000t\000r\000e\000a\000m\000\050\000\051}{subsection.6.23.4}% 1708
\BOOKMARK [3][-]{subsubsection.6.23.4.456}{\376\377\0006\000.\0002\0003\000.\0004\000.\0004\0005\0006\000\040\000P\000a\000u\000s\000e\000S\000o\000u\000n\000d\000\050\000\051}{subsection.6.23.4}% 1709
\BOOKMARK [3][-]{subsubsection.6.23.4.457}{\376\377\0006\000.\0002\0003\000.\0004\000.\0004\0005\0007\000\040\000P\000l\000a\000y\000A\000u\000d\000i\000o\000S\000t\000r\000e\000a\000m\000\050\000\051}{subsection.6.23.4}% 1710
\BOOKMARK [3][-]{subsubsection.6.23.4.458}{\376\377\0006\000.\0002\0003\000.\0004\000.\0004\0005\0008\000\040\000P\000l\000a\000y\000A\000u\000t\000o\000m\000a\000t\000i\000o\000n\000E\000v\000e\000n\000t\000\050\000\051}{subsection.6.23.4}% 1711
\BOOKMARK [3][-]{subsubsection.6.23.4.459}{\376\377\0006\000.\0002\0003\000.\0004\000.\0004\0005\0009\000\040\000P\000l\000a\000y\000M\000u\000s\000i\000c\000S\000t\000r\000e\000a\000m\000\050\000\051}{subsection.6.23.4}% 1712
\BOOKMARK [3][-]{subsubsection.6.23.4.460}{\376\377\0006\000.\0002\0003\000.\0004\000.\0004\0006\0000\000\040\000P\000l\000a\000y\000S\000o\000u\000n\000d\000\050\000\051}{subsection.6.23.4}% 1713
\BOOKMARK [3][-]{subsubsection.6.23.4.461}{\376\377\0006\000.\0002\0003\000.\0004\000.\0004\0006\0001\000\040\000P\000o\000l\000l\000I\000n\000p\000u\000t\000E\000v\000e\000n\000t\000s\000\050\000\051}{subsection.6.23.4}% 1714
\BOOKMARK [3][-]{subsubsection.6.23.4.462}{\376\377\0006\000.\0002\0003\000.\0004\000.\0004\0006\0002\000\040\000R\000e\000s\000t\000o\000r\000e\000W\000i\000n\000d\000o\000w\000\050\000\051}{subsection.6.23.4}% 1715
\BOOKMARK [3][-]{subsubsection.6.23.4.463}{\376\377\0006\000.\0002\0003\000.\0004\000.\0004\0006\0003\000\040\000R\000e\000s\000u\000m\000e\000A\000u\000d\000i\000o\000S\000t\000r\000e\000a\000m\000\050\000\051}{subsection.6.23.4}% 1716
\BOOKMARK [3][-]{subsubsection.6.23.4.464}{\376\377\0006\000.\0002\0003\000.\0004\000.\0004\0006\0004\000\040\000R\000e\000s\000u\000m\000e\000M\000u\000s\000i\000c\000S\000t\000r\000e\000a\000m\000\050\000\051}{subsection.6.23.4}% 1717
\BOOKMARK [3][-]{subsubsection.6.23.4.465}{\376\377\0006\000.\0002\0003\000.\0004\000.\0004\0006\0005\000\040\000R\000e\000s\000u\000m\000e\000S\000o\000u\000n\000d\000\050\000\051}{subsection.6.23.4}% 1718
\BOOKMARK [3][-]{subsubsection.6.23.4.466}{\376\377\0006\000.\0002\0003\000.\0004\000.\0004\0006\0006\000\040\000S\000a\000v\000e\000F\000i\000l\000e\000D\000a\000t\000a\000\050\000\051}{subsection.6.23.4}% 1719
\BOOKMARK [3][-]{subsubsection.6.23.4.467}{\376\377\0006\000.\0002\0003\000.\0004\000.\0004\0006\0007\000\040\000S\000a\000v\000e\000F\000i\000l\000e\000T\000e\000x\000t\000\050\000\051}{subsection.6.23.4}% 1720
\BOOKMARK [3][-]{subsubsection.6.23.4.468}{\376\377\0006\000.\0002\0003\000.\0004\000.\0004\0006\0008\000\040\000S\000e\000e\000k\000M\000u\000s\000i\000c\000S\000t\000r\000e\000a\000m\000\050\000\051}{subsection.6.23.4}% 1721
\BOOKMARK [3][-]{subsubsection.6.23.4.469}{\376\377\0006\000.\0002\0003\000.\0004\000.\0004\0006\0009\000\040\000S\000e\000t\000A\000u\000d\000i\000o\000S\000t\000r\000e\000a\000m\000B\000u\000f\000f\000e\000r\000S\000i\000z\000e\000D\000e\000f\000a\000u\000l\000t\000\050\000\051}{subsection.6.23.4}% 1722
\BOOKMARK [3][-]{subsubsection.6.23.4.470}{\376\377\0006\000.\0002\0003\000.\0004\000.\0004\0007\0000\000\040\000S\000e\000t\000A\000u\000d\000i\000o\000S\000t\000r\000e\000a\000m\000C\000a\000l\000l\000b\000a\000c\000k\000\050\000\051}{subsection.6.23.4}% 1723
\BOOKMARK [3][-]{subsubsection.6.23.4.471}{\376\377\0006\000.\0002\0003\000.\0004\000.\0004\0007\0001\000\040\000S\000e\000t\000A\000u\000d\000i\000o\000S\000t\000r\000e\000a\000m\000P\000a\000n\000\050\000\051}{subsection.6.23.4}% 1724
\BOOKMARK [3][-]{subsubsection.6.23.4.472}{\376\377\0006\000.\0002\0003\000.\0004\000.\0004\0007\0002\000\040\000S\000e\000t\000A\000u\000d\000i\000o\000S\000t\000r\000e\000a\000m\000P\000i\000t\000c\000h\000\050\000\051}{subsection.6.23.4}% 1725
\BOOKMARK [3][-]{subsubsection.6.23.4.473}{\376\377\0006\000.\0002\0003\000.\0004\000.\0004\0007\0003\000\040\000S\000e\000t\000A\000u\000d\000i\000o\000S\000t\000r\000e\000a\000m\000V\000o\000l\000u\000m\000e\000\050\000\051}{subsection.6.23.4}% 1726
\BOOKMARK [3][-]{subsubsection.6.23.4.474}{\376\377\0006\000.\0002\0003\000.\0004\000.\0004\0007\0004\000\040\000S\000e\000t\000A\000u\000t\000o\000m\000a\000t\000i\000o\000n\000E\000v\000e\000n\000t\000B\000a\000s\000e\000F\000r\000a\000m\000e\000\050\000\051}{subsection.6.23.4}% 1727
\BOOKMARK [3][-]{subsubsection.6.23.4.475}{\376\377\0006\000.\0002\0003\000.\0004\000.\0004\0007\0005\000\040\000S\000e\000t\000A\000u\000t\000o\000m\000a\000t\000i\000o\000n\000E\000v\000e\000n\000t\000L\000i\000s\000t\000\050\000\051}{subsection.6.23.4}% 1728
\BOOKMARK [3][-]{subsubsection.6.23.4.476}{\376\377\0006\000.\0002\0003\000.\0004\000.\0004\0007\0006\000\040\000S\000e\000t\000C\000l\000i\000p\000b\000o\000a\000r\000d\000T\000e\000x\000t\000\050\000\051}{subsection.6.23.4}% 1729
\BOOKMARK [3][-]{subsubsection.6.23.4.477}{\376\377\0006\000.\0002\0003\000.\0004\000.\0004\0007\0007\000\040\000S\000e\000t\000C\000o\000n\000f\000i\000g\000F\000l\000a\000g\000s\000\050\000\051}{subsection.6.23.4}% 1730
\BOOKMARK [3][-]{subsubsection.6.23.4.478}{\376\377\0006\000.\0002\0003\000.\0004\000.\0004\0007\0008\000\040\000S\000e\000t\000E\000x\000i\000t\000K\000e\000y\000\050\000\051}{subsection.6.23.4}% 1731
\BOOKMARK [3][-]{subsubsection.6.23.4.479}{\376\377\0006\000.\0002\0003\000.\0004\000.\0004\0007\0009\000\040\000S\000e\000t\000G\000a\000m\000e\000p\000a\000d\000M\000a\000p\000p\000i\000n\000g\000s\000\050\000\051}{subsection.6.23.4}% 1732
\BOOKMARK [3][-]{subsubsection.6.23.4.480}{\376\377\0006\000.\0002\0003\000.\0004\000.\0004\0008\0000\000\040\000S\000e\000t\000G\000a\000m\000e\000p\000a\000d\000V\000i\000b\000r\000a\000t\000i\000o\000n\000\050\000\051}{subsection.6.23.4}% 1733
\BOOKMARK [3][-]{subsubsection.6.23.4.481}{\376\377\0006\000.\0002\0003\000.\0004\000.\0004\0008\0001\000\040\000S\000e\000t\000G\000e\000s\000t\000u\000r\000e\000s\000E\000n\000a\000b\000l\000e\000d\000\050\000\051}{subsection.6.23.4}% 1734
\BOOKMARK [3][-]{subsubsection.6.23.4.482}{\376\377\0006\000.\0002\0003\000.\0004\000.\0004\0008\0002\000\040\000S\000e\000t\000L\000o\000a\000d\000F\000i\000l\000e\000D\000a\000t\000a\000C\000a\000l\000l\000b\000a\000c\000k\000\050\000\051}{subsection.6.23.4}% 1735
\BOOKMARK [3][-]{subsubsection.6.23.4.483}{\376\377\0006\000.\0002\0003\000.\0004\000.\0004\0008\0003\000\040\000S\000e\000t\000L\000o\000a\000d\000F\000i\000l\000e\000T\000e\000x\000t\000C\000a\000l\000l\000b\000a\000c\000k\000\050\000\051}{subsection.6.23.4}% 1736
\BOOKMARK [3][-]{subsubsection.6.23.4.484}{\376\377\0006\000.\0002\0003\000.\0004\000.\0004\0008\0004\000\040\000S\000e\000t\000M\000a\000s\000t\000e\000r\000V\000o\000l\000u\000m\000e\000\050\000\051}{subsection.6.23.4}% 1737
\BOOKMARK [3][-]{subsubsection.6.23.4.485}{\376\377\0006\000.\0002\0003\000.\0004\000.\0004\0008\0005\000\040\000S\000e\000t\000M\000a\000t\000e\000r\000i\000a\000l\000T\000e\000x\000t\000u\000r\000e\000\050\000\051}{subsection.6.23.4}% 1738
\BOOKMARK [3][-]{subsubsection.6.23.4.486}{\376\377\0006\000.\0002\0003\000.\0004\000.\0004\0008\0006\000\040\000S\000e\000t\000M\000o\000d\000e\000l\000M\000e\000s\000h\000M\000a\000t\000e\000r\000i\000a\000l\000\050\000\051}{subsection.6.23.4}% 1739
\BOOKMARK [3][-]{subsubsection.6.23.4.487}{\376\377\0006\000.\0002\0003\000.\0004\000.\0004\0008\0007\000\040\000S\000e\000t\000M\000o\000u\000s\000e\000C\000u\000r\000s\000o\000r\000\050\000\051}{subsection.6.23.4}% 1740
\BOOKMARK [3][-]{subsubsection.6.23.4.488}{\376\377\0006\000.\0002\0003\000.\0004\000.\0004\0008\0008\000\040\000S\000e\000t\000M\000o\000u\000s\000e\000O\000f\000f\000s\000e\000t\000\050\000\051}{subsection.6.23.4}% 1741
\BOOKMARK [3][-]{subsubsection.6.23.4.489}{\376\377\0006\000.\0002\0003\000.\0004\000.\0004\0008\0009\000\040\000S\000e\000t\000M\000o\000u\000s\000e\000P\000o\000s\000i\000t\000i\000o\000n\000\050\000\051}{subsection.6.23.4}% 1742
\BOOKMARK [3][-]{subsubsection.6.23.4.490}{\376\377\0006\000.\0002\0003\000.\0004\000.\0004\0009\0000\000\040\000S\000e\000t\000M\000o\000u\000s\000e\000S\000c\000a\000l\000e\000\050\000\051}{subsection.6.23.4}% 1743
\BOOKMARK [3][-]{subsubsection.6.23.4.491}{\376\377\0006\000.\0002\0003\000.\0004\000.\0004\0009\0001\000\040\000S\000e\000t\000M\000u\000s\000i\000c\000P\000a\000n\000\050\000\051}{subsection.6.23.4}% 1744
\BOOKMARK [3][-]{subsubsection.6.23.4.492}{\376\377\0006\000.\0002\0003\000.\0004\000.\0004\0009\0002\000\040\000S\000e\000t\000M\000u\000s\000i\000c\000P\000i\000t\000c\000h\000\050\000\051}{subsection.6.23.4}% 1745
\BOOKMARK [3][-]{subsubsection.6.23.4.493}{\376\377\0006\000.\0002\0003\000.\0004\000.\0004\0009\0003\000\040\000S\000e\000t\000M\000u\000s\000i\000c\000V\000o\000l\000u\000m\000e\000\050\000\051}{subsection.6.23.4}% 1746
\BOOKMARK [3][-]{subsubsection.6.23.4.494}{\376\377\0006\000.\0002\0003\000.\0004\000.\0004\0009\0004\000\040\000S\000e\000t\000P\000i\000x\000e\000l\000C\000o\000l\000o\000r\000\050\000\051}{subsection.6.23.4}% 1747
\BOOKMARK [3][-]{subsubsection.6.23.4.495}{\376\377\0006\000.\0002\0003\000.\0004\000.\0004\0009\0005\000\040\000S\000e\000t\000R\000a\000n\000d\000o\000m\000S\000e\000e\000d\000\050\000\051}{subsection.6.23.4}% 1748
\BOOKMARK [3][-]{subsubsection.6.23.4.496}{\376\377\0006\000.\0002\0003\000.\0004\000.\0004\0009\0006\000\040\000S\000e\000t\000S\000a\000v\000e\000F\000i\000l\000e\000D\000a\000t\000a\000C\000a\000l\000l\000b\000a\000c\000k\000\050\000\051}{subsection.6.23.4}% 1749
\BOOKMARK [3][-]{subsubsection.6.23.4.497}{\376\377\0006\000.\0002\0003\000.\0004\000.\0004\0009\0007\000\040\000S\000e\000t\000S\000a\000v\000e\000F\000i\000l\000e\000T\000e\000x\000t\000C\000a\000l\000l\000b\000a\000c\000k\000\050\000\051}{subsection.6.23.4}% 1750
\BOOKMARK [3][-]{subsubsection.6.23.4.498}{\376\377\0006\000.\0002\0003\000.\0004\000.\0004\0009\0008\000\040\000S\000e\000t\000S\000h\000a\000d\000e\000r\000V\000a\000l\000u\000e\000\050\000\051}{subsection.6.23.4}% 1751
\BOOKMARK [3][-]{subsubsection.6.23.4.499}{\376\377\0006\000.\0002\0003\000.\0004\000.\0004\0009\0009\000\040\000S\000e\000t\000S\000h\000a\000d\000e\000r\000V\000a\000l\000u\000e\000M\000a\000t\000r\000i\000x\000\050\000\051}{subsection.6.23.4}% 1752
\BOOKMARK [3][-]{subsubsection.6.23.4.500}{\376\377\0006\000.\0002\0003\000.\0004\000.\0005\0000\0000\000\040\000S\000e\000t\000S\000h\000a\000d\000e\000r\000V\000a\000l\000u\000e\000T\000e\000x\000t\000u\000r\000e\000\050\000\051}{subsection.6.23.4}% 1753
\BOOKMARK [3][-]{subsubsection.6.23.4.501}{\376\377\0006\000.\0002\0003\000.\0004\000.\0005\0000\0001\000\040\000S\000e\000t\000S\000h\000a\000d\000e\000r\000V\000a\000l\000u\000e\000V\000\050\000\051}{subsection.6.23.4}% 1754
\BOOKMARK [3][-]{subsubsection.6.23.4.502}{\376\377\0006\000.\0002\0003\000.\0004\000.\0005\0000\0002\000\040\000S\000e\000t\000S\000h\000a\000p\000e\000s\000T\000e\000x\000t\000u\000r\000e\000\050\000\051}{subsection.6.23.4}% 1755
\BOOKMARK [3][-]{subsubsection.6.23.4.503}{\376\377\0006\000.\0002\0003\000.\0004\000.\0005\0000\0003\000\040\000S\000e\000t\000S\000o\000u\000n\000d\000P\000a\000n\000\050\000\051}{subsection.6.23.4}% 1756
\BOOKMARK [3][-]{subsubsection.6.23.4.504}{\376\377\0006\000.\0002\0003\000.\0004\000.\0005\0000\0004\000\040\000S\000e\000t\000S\000o\000u\000n\000d\000P\000i\000t\000c\000h\000\050\000\051}{subsection.6.23.4}% 1757
\BOOKMARK [3][-]{subsubsection.6.23.4.505}{\376\377\0006\000.\0002\0003\000.\0004\000.\0005\0000\0005\000\040\000S\000e\000t\000S\000o\000u\000n\000d\000V\000o\000l\000u\000m\000e\000\050\000\051}{subsection.6.23.4}% 1758
\BOOKMARK [3][-]{subsubsection.6.23.4.506}{\376\377\0006\000.\0002\0003\000.\0004\000.\0005\0000\0006\000\040\000S\000e\000t\000T\000a\000r\000g\000e\000t\000F\000P\000S\000\050\000\051}{subsection.6.23.4}% 1759
\BOOKMARK [3][-]{subsubsection.6.23.4.507}{\376\377\0006\000.\0002\0003\000.\0004\000.\0005\0000\0007\000\040\000S\000e\000t\000T\000e\000x\000t\000L\000i\000n\000e\000S\000p\000a\000c\000i\000n\000g\000\050\000\051}{subsection.6.23.4}% 1760
\BOOKMARK [3][-]{subsubsection.6.23.4.508}{\376\377\0006\000.\0002\0003\000.\0004\000.\0005\0000\0008\000\040\000S\000e\000t\000T\000e\000x\000t\000u\000r\000e\000F\000i\000l\000t\000e\000r\000\050\000\051}{subsection.6.23.4}% 1761
\BOOKMARK [3][-]{subsubsection.6.23.4.509}{\376\377\0006\000.\0002\0003\000.\0004\000.\0005\0000\0009\000\040\000S\000e\000t\000T\000e\000x\000t\000u\000r\000e\000W\000r\000a\000p\000\050\000\051}{subsection.6.23.4}% 1762
\BOOKMARK [3][-]{subsubsection.6.23.4.510}{\376\377\0006\000.\0002\0003\000.\0004\000.\0005\0001\0000\000\040\000S\000e\000t\000T\000r\000a\000c\000e\000L\000o\000g\000C\000a\000l\000l\000b\000a\000c\000k\000\050\000\051}{subsection.6.23.4}% 1763
\BOOKMARK [3][-]{subsubsection.6.23.4.511}{\376\377\0006\000.\0002\0003\000.\0004\000.\0005\0001\0001\000\040\000S\000e\000t\000T\000r\000a\000c\000e\000L\000o\000g\000L\000e\000v\000e\000l\000\050\000\051}{subsection.6.23.4}% 1764
\BOOKMARK [3][-]{subsubsection.6.23.4.512}{\376\377\0006\000.\0002\0003\000.\0004\000.\0005\0001\0002\000\040\000S\000e\000t\000W\000i\000n\000d\000o\000w\000F\000o\000c\000u\000s\000e\000d\000\050\000\051}{subsection.6.23.4}% 1765
\BOOKMARK [3][-]{subsubsection.6.23.4.513}{\376\377\0006\000.\0002\0003\000.\0004\000.\0005\0001\0003\000\040\000S\000e\000t\000W\000i\000n\000d\000o\000w\000I\000c\000o\000n\000\050\000\051}{subsection.6.23.4}% 1766
\BOOKMARK [3][-]{subsubsection.6.23.4.514}{\376\377\0006\000.\0002\0003\000.\0004\000.\0005\0001\0004\000\040\000S\000e\000t\000W\000i\000n\000d\000o\000w\000I\000c\000o\000n\000s\000\050\000\051}{subsection.6.23.4}% 1767
\BOOKMARK [3][-]{subsubsection.6.23.4.515}{\376\377\0006\000.\0002\0003\000.\0004\000.\0005\0001\0005\000\040\000S\000e\000t\000W\000i\000n\000d\000o\000w\000M\000a\000x\000S\000i\000z\000e\000\050\000\051}{subsection.6.23.4}% 1768
\BOOKMARK [3][-]{subsubsection.6.23.4.516}{\376\377\0006\000.\0002\0003\000.\0004\000.\0005\0001\0006\000\040\000S\000e\000t\000W\000i\000n\000d\000o\000w\000M\000i\000n\000S\000i\000z\000e\000\050\000\051}{subsection.6.23.4}% 1769
\BOOKMARK [3][-]{subsubsection.6.23.4.517}{\376\377\0006\000.\0002\0003\000.\0004\000.\0005\0001\0007\000\040\000S\000e\000t\000W\000i\000n\000d\000o\000w\000M\000o\000n\000i\000t\000o\000r\000\050\000\051}{subsection.6.23.4}% 1770
\BOOKMARK [3][-]{subsubsection.6.23.4.518}{\376\377\0006\000.\0002\0003\000.\0004\000.\0005\0001\0008\000\040\000S\000e\000t\000W\000i\000n\000d\000o\000w\000O\000p\000a\000c\000i\000t\000y\000\050\000\051}{subsection.6.23.4}% 1771
\BOOKMARK [3][-]{subsubsection.6.23.4.519}{\376\377\0006\000.\0002\0003\000.\0004\000.\0005\0001\0009\000\040\000S\000e\000t\000W\000i\000n\000d\000o\000w\000P\000o\000s\000i\000t\000i\000o\000n\000\050\000\051}{subsection.6.23.4}% 1772
\BOOKMARK [3][-]{subsubsection.6.23.4.520}{\376\377\0006\000.\0002\0003\000.\0004\000.\0005\0002\0000\000\040\000S\000e\000t\000W\000i\000n\000d\000o\000w\000S\000i\000z\000e\000\050\000\051}{subsection.6.23.4}% 1773
\BOOKMARK [3][-]{subsubsection.6.23.4.521}{\376\377\0006\000.\0002\0003\000.\0004\000.\0005\0002\0001\000\040\000S\000e\000t\000W\000i\000n\000d\000o\000w\000S\000t\000a\000t\000e\000\050\000\051}{subsection.6.23.4}% 1774
\BOOKMARK [3][-]{subsubsection.6.23.4.522}{\376\377\0006\000.\0002\0003\000.\0004\000.\0005\0002\0002\000\040\000S\000e\000t\000W\000i\000n\000d\000o\000w\000T\000i\000t\000l\000e\000\050\000\051}{subsection.6.23.4}% 1775
\BOOKMARK [3][-]{subsubsection.6.23.4.523}{\376\377\0006\000.\0002\0003\000.\0004\000.\0005\0002\0003\000\040\000S\000h\000o\000w\000C\000u\000r\000s\000o\000r\000\050\000\051}{subsection.6.23.4}% 1776
\BOOKMARK [3][-]{subsubsection.6.23.4.524}{\376\377\0006\000.\0002\0003\000.\0004\000.\0005\0002\0004\000\040\000S\000t\000a\000r\000t\000A\000u\000t\000o\000m\000a\000t\000i\000o\000n\000E\000v\000e\000n\000t\000R\000e\000c\000o\000r\000d\000i\000n\000g\000\050\000\051}{subsection.6.23.4}% 1777
\BOOKMARK [3][-]{subsubsection.6.23.4.525}{\376\377\0006\000.\0002\0003\000.\0004\000.\0005\0002\0005\000\040\000S\000t\000o\000p\000A\000u\000d\000i\000o\000S\000t\000r\000e\000a\000m\000\050\000\051}{subsection.6.23.4}% 1778
\BOOKMARK [3][-]{subsubsection.6.23.4.526}{\376\377\0006\000.\0002\0003\000.\0004\000.\0005\0002\0006\000\040\000S\000t\000o\000p\000A\000u\000t\000o\000m\000a\000t\000i\000o\000n\000E\000v\000e\000n\000t\000R\000e\000c\000o\000r\000d\000i\000n\000g\000\050\000\051}{subsection.6.23.4}% 1779
\BOOKMARK [3][-]{subsubsection.6.23.4.527}{\376\377\0006\000.\0002\0003\000.\0004\000.\0005\0002\0007\000\040\000S\000t\000o\000p\000M\000u\000s\000i\000c\000S\000t\000r\000e\000a\000m\000\050\000\051}{subsection.6.23.4}% 1780
\BOOKMARK [3][-]{subsubsection.6.23.4.528}{\376\377\0006\000.\0002\0003\000.\0004\000.\0005\0002\0008\000\040\000S\000t\000o\000p\000S\000o\000u\000n\000d\000\050\000\051}{subsection.6.23.4}% 1781
\BOOKMARK [3][-]{subsubsection.6.23.4.529}{\376\377\0006\000.\0002\0003\000.\0004\000.\0005\0002\0009\000\040\000S\000w\000a\000p\000S\000c\000r\000e\000e\000n\000B\000u\000f\000f\000e\000r\000\050\000\051}{subsection.6.23.4}% 1782
\BOOKMARK [3][-]{subsubsection.6.23.4.530}{\376\377\0006\000.\0002\0003\000.\0004\000.\0005\0003\0000\000\040\000T\000a\000k\000e\000S\000c\000r\000e\000e\000n\000s\000h\000o\000t\000\050\000\051}{subsection.6.23.4}% 1783
\BOOKMARK [3][-]{subsubsection.6.23.4.531}{\376\377\0006\000.\0002\0003\000.\0004\000.\0005\0003\0001\000\040\000T\000e\000x\000t\000A\000p\000p\000e\000n\000d\000\050\000\051}{subsection.6.23.4}% 1784
\BOOKMARK [3][-]{subsubsection.6.23.4.532}{\376\377\0006\000.\0002\0003\000.\0004\000.\0005\0003\0002\000\040\000T\000e\000x\000t\000C\000o\000p\000y\000\050\000\051}{subsection.6.23.4}% 1785
\BOOKMARK [3][-]{subsubsection.6.23.4.533}{\376\377\0006\000.\0002\0003\000.\0004\000.\0005\0003\0003\000\040\000T\000e\000x\000t\000F\000i\000n\000d\000I\000n\000d\000e\000x\000\050\000\051}{subsection.6.23.4}% 1786
\BOOKMARK [3][-]{subsubsection.6.23.4.534}{\376\377\0006\000.\0002\0003\000.\0004\000.\0005\0003\0004\000\040\000T\000e\000x\000t\000F\000o\000r\000m\000a\000t\000\050\000\051}{subsection.6.23.4}% 1787
\BOOKMARK [3][-]{subsubsection.6.23.4.535}{\376\377\0006\000.\0002\0003\000.\0004\000.\0005\0003\0005\000\040\000T\000e\000x\000t\000I\000n\000s\000e\000r\000t\000\050\000\051}{subsection.6.23.4}% 1788
\BOOKMARK [3][-]{subsubsection.6.23.4.536}{\376\377\0006\000.\0002\0003\000.\0004\000.\0005\0003\0006\000\040\000T\000e\000x\000t\000I\000n\000s\000e\000r\000t\000A\000l\000l\000o\000c\000\050\000\051}{subsection.6.23.4}% 1789
\BOOKMARK [3][-]{subsubsection.6.23.4.537}{\376\377\0006\000.\0002\0003\000.\0004\000.\0005\0003\0007\000\040\000T\000e\000x\000t\000I\000s\000E\000q\000u\000a\000l\000\050\000\051}{subsection.6.23.4}% 1790
\BOOKMARK [3][-]{subsubsection.6.23.4.538}{\376\377\0006\000.\0002\0003\000.\0004\000.\0005\0003\0008\000\040\000T\000e\000x\000t\000J\000o\000i\000n\000\050\000\051}{subsection.6.23.4}% 1791
\BOOKMARK [3][-]{subsubsection.6.23.4.539}{\376\377\0006\000.\0002\0003\000.\0004\000.\0005\0003\0009\000\040\000T\000e\000x\000t\000L\000e\000n\000g\000t\000h\000\050\000\051}{subsection.6.23.4}% 1792
\BOOKMARK [3][-]{subsubsection.6.23.4.540}{\376\377\0006\000.\0002\0003\000.\0004\000.\0005\0004\0000\000\040\000T\000e\000x\000t\000R\000e\000m\000o\000v\000e\000S\000p\000a\000c\000e\000s\000\050\000\051}{subsection.6.23.4}% 1793
\BOOKMARK [3][-]{subsubsection.6.23.4.541}{\376\377\0006\000.\0002\0003\000.\0004\000.\0005\0004\0001\000\040\000T\000e\000x\000t\000R\000e\000p\000l\000a\000c\000e\000\050\000\051}{subsection.6.23.4}% 1794
\BOOKMARK [3][-]{subsubsection.6.23.4.542}{\376\377\0006\000.\0002\0003\000.\0004\000.\0005\0004\0002\000\040\000T\000e\000x\000t\000R\000e\000p\000l\000a\000c\000e\000A\000l\000l\000o\000c\000\050\000\051}{subsection.6.23.4}% 1795
\BOOKMARK [3][-]{subsubsection.6.23.4.543}{\376\377\0006\000.\0002\0003\000.\0004\000.\0005\0004\0003\000\040\000T\000e\000x\000t\000R\000e\000p\000l\000a\000c\000e\000B\000e\000t\000w\000e\000e\000n\000\050\000\051}{subsection.6.23.4}% 1796
\BOOKMARK [3][-]{subsubsection.6.23.4.544}{\376\377\0006\000.\0002\0003\000.\0004\000.\0005\0004\0004\000\040\000T\000e\000x\000t\000R\000e\000p\000l\000a\000c\000e\000B\000e\000t\000w\000e\000e\000n\000A\000l\000l\000o\000c\000\050\000\051}{subsection.6.23.4}% 1797
\BOOKMARK [3][-]{subsubsection.6.23.4.545}{\376\377\0006\000.\0002\0003\000.\0004\000.\0005\0004\0005\000\040\000T\000e\000x\000t\000S\000p\000l\000i\000t\000\050\000\051}{subsection.6.23.4}% 1798
\BOOKMARK [3][-]{subsubsection.6.23.4.546}{\376\377\0006\000.\0002\0003\000.\0004\000.\0005\0004\0006\000\040\000T\000e\000x\000t\000S\000u\000b\000t\000e\000x\000t\000\050\000\051}{subsection.6.23.4}% 1799
\BOOKMARK [3][-]{subsubsection.6.23.4.547}{\376\377\0006\000.\0002\0003\000.\0004\000.\0005\0004\0007\000\040\000T\000e\000x\000t\000T\000o\000C\000a\000m\000e\000l\000\050\000\051}{subsection.6.23.4}% 1800
\BOOKMARK [3][-]{subsubsection.6.23.4.548}{\376\377\0006\000.\0002\0003\000.\0004\000.\0005\0004\0008\000\040\000T\000e\000x\000t\000T\000o\000F\000l\000o\000a\000t\000\050\000\051}{subsection.6.23.4}% 1801
\BOOKMARK [3][-]{subsubsection.6.23.4.549}{\376\377\0006\000.\0002\0003\000.\0004\000.\0005\0004\0009\000\040\000T\000e\000x\000t\000T\000o\000I\000n\000t\000e\000g\000e\000r\000\050\000\051}{subsection.6.23.4}% 1802
\BOOKMARK [3][-]{subsubsection.6.23.4.550}{\376\377\0006\000.\0002\0003\000.\0004\000.\0005\0005\0000\000\040\000T\000e\000x\000t\000T\000o\000L\000o\000w\000e\000r\000\050\000\051}{subsection.6.23.4}% 1803
\BOOKMARK [3][-]{subsubsection.6.23.4.551}{\376\377\0006\000.\0002\0003\000.\0004\000.\0005\0005\0001\000\040\000T\000e\000x\000t\000T\000o\000P\000a\000s\000c\000a\000l\000\050\000\051}{subsection.6.23.4}% 1804
\BOOKMARK [3][-]{subsubsection.6.23.4.552}{\376\377\0006\000.\0002\0003\000.\0004\000.\0005\0005\0002\000\040\000T\000e\000x\000t\000T\000o\000S\000n\000a\000k\000e\000\050\000\051}{subsection.6.23.4}% 1805
\BOOKMARK [3][-]{subsubsection.6.23.4.553}{\376\377\0006\000.\0002\0003\000.\0004\000.\0005\0005\0003\000\040\000T\000e\000x\000t\000T\000o\000U\000p\000p\000e\000r\000\050\000\051}{subsection.6.23.4}% 1806
\BOOKMARK [3][-]{subsubsection.6.23.4.554}{\376\377\0006\000.\0002\0003\000.\0004\000.\0005\0005\0004\000\040\000T\000o\000g\000g\000l\000e\000B\000o\000r\000d\000e\000r\000l\000e\000s\000s\000W\000i\000n\000d\000o\000w\000e\000d\000\050\000\051}{subsection.6.23.4}% 1807
\BOOKMARK [3][-]{subsubsection.6.23.4.555}{\376\377\0006\000.\0002\0003\000.\0004\000.\0005\0005\0005\000\040\000T\000o\000g\000g\000l\000e\000F\000u\000l\000l\000s\000c\000r\000e\000e\000n\000\050\000\051}{subsection.6.23.4}% 1808
\BOOKMARK [3][-]{subsubsection.6.23.4.556}{\376\377\0006\000.\0002\0003\000.\0004\000.\0005\0005\0006\000\040\000T\000r\000a\000c\000e\000L\000o\000g\000\050\000\051}{subsection.6.23.4}% 1809
\BOOKMARK [3][-]{subsubsection.6.23.4.557}{\376\377\0006\000.\0002\0003\000.\0004\000.\0005\0005\0007\000\040\000U\000n\000l\000o\000a\000d\000A\000u\000d\000i\000o\000S\000t\000r\000e\000a\000m\000\050\000\051}{subsection.6.23.4}% 1810
\BOOKMARK [3][-]{subsubsection.6.23.4.558}{\376\377\0006\000.\0002\0003\000.\0004\000.\0005\0005\0008\000\040\000U\000n\000l\000o\000a\000d\000A\000u\000t\000o\000m\000a\000t\000i\000o\000n\000E\000v\000e\000n\000t\000L\000i\000s\000t\000\050\000\051}{subsection.6.23.4}% 1811
\BOOKMARK [3][-]{subsubsection.6.23.4.559}{\376\377\0006\000.\0002\0003\000.\0004\000.\0005\0005\0009\000\040\000U\000n\000l\000o\000a\000d\000C\000o\000d\000e\000p\000o\000i\000n\000t\000s\000\050\000\051}{subsection.6.23.4}% 1812
\BOOKMARK [3][-]{subsubsection.6.23.4.560}{\376\377\0006\000.\0002\0003\000.\0004\000.\0005\0006\0000\000\040\000U\000n\000l\000o\000a\000d\000D\000i\000r\000e\000c\000t\000o\000r\000y\000F\000i\000l\000e\000s\000\050\000\051}{subsection.6.23.4}% 1813
\BOOKMARK [3][-]{subsubsection.6.23.4.561}{\376\377\0006\000.\0002\0003\000.\0004\000.\0005\0006\0001\000\040\000U\000n\000l\000o\000a\000d\000D\000r\000o\000p\000p\000e\000d\000F\000i\000l\000e\000s\000\050\000\051}{subsection.6.23.4}% 1814
\BOOKMARK [3][-]{subsubsection.6.23.4.562}{\376\377\0006\000.\0002\0003\000.\0004\000.\0005\0006\0002\000\040\000U\000n\000l\000o\000a\000d\000F\000i\000l\000e\000D\000a\000t\000a\000\050\000\051}{subsection.6.23.4}% 1815
\BOOKMARK [3][-]{subsubsection.6.23.4.563}{\376\377\0006\000.\0002\0003\000.\0004\000.\0005\0006\0003\000\040\000U\000n\000l\000o\000a\000d\000F\000i\000l\000e\000T\000e\000x\000t\000\050\000\051}{subsection.6.23.4}% 1816
\BOOKMARK [3][-]{subsubsection.6.23.4.564}{\376\377\0006\000.\0002\0003\000.\0004\000.\0005\0006\0004\000\040\000U\000n\000l\000o\000a\000d\000F\000o\000n\000t\000\050\000\051}{subsection.6.23.4}% 1817
\BOOKMARK [3][-]{subsubsection.6.23.4.565}{\376\377\0006\000.\0002\0003\000.\0004\000.\0005\0006\0005\000\040\000U\000n\000l\000o\000a\000d\000F\000o\000n\000t\000D\000a\000t\000a\000\050\000\051}{subsection.6.23.4}% 1818
\BOOKMARK [3][-]{subsubsection.6.23.4.566}{\376\377\0006\000.\0002\0003\000.\0004\000.\0005\0006\0006\000\040\000U\000n\000l\000o\000a\000d\000I\000m\000a\000g\000e\000\050\000\051}{subsection.6.23.4}% 1819
\BOOKMARK [3][-]{subsubsection.6.23.4.567}{\376\377\0006\000.\0002\0003\000.\0004\000.\0005\0006\0007\000\040\000U\000n\000l\000o\000a\000d\000I\000m\000a\000g\000e\000C\000o\000l\000o\000r\000s\000\050\000\051}{subsection.6.23.4}% 1820
\BOOKMARK [3][-]{subsubsection.6.23.4.568}{\376\377\0006\000.\0002\0003\000.\0004\000.\0005\0006\0008\000\040\000U\000n\000l\000o\000a\000d\000I\000m\000a\000g\000e\000P\000a\000l\000e\000t\000t\000e\000\050\000\051}{subsection.6.23.4}% 1821
\BOOKMARK [3][-]{subsubsection.6.23.4.569}{\376\377\0006\000.\0002\0003\000.\0004\000.\0005\0006\0009\000\040\000U\000n\000l\000o\000a\000d\000M\000a\000t\000e\000r\000i\000a\000l\000\050\000\051}{subsection.6.23.4}% 1822
\BOOKMARK [3][-]{subsubsection.6.23.4.570}{\376\377\0006\000.\0002\0003\000.\0004\000.\0005\0007\0000\000\040\000U\000n\000l\000o\000a\000d\000M\000e\000s\000h\000\050\000\051}{subsection.6.23.4}% 1823
\BOOKMARK [3][-]{subsubsection.6.23.4.571}{\376\377\0006\000.\0002\0003\000.\0004\000.\0005\0007\0001\000\040\000U\000n\000l\000o\000a\000d\000M\000o\000d\000e\000l\000\050\000\051}{subsection.6.23.4}% 1824
\BOOKMARK [3][-]{subsubsection.6.23.4.572}{\376\377\0006\000.\0002\0003\000.\0004\000.\0005\0007\0002\000\040\000U\000n\000l\000o\000a\000d\000M\000o\000d\000e\000l\000A\000n\000i\000m\000a\000t\000i\000o\000n\000s\000\050\000\051}{subsection.6.23.4}% 1825
\BOOKMARK [3][-]{subsubsection.6.23.4.573}{\376\377\0006\000.\0002\0003\000.\0004\000.\0005\0007\0003\000\040\000U\000n\000l\000o\000a\000d\000M\000u\000s\000i\000c\000S\000t\000r\000e\000a\000m\000\050\000\051}{subsection.6.23.4}% 1826
\BOOKMARK [3][-]{subsubsection.6.23.4.574}{\376\377\0006\000.\0002\0003\000.\0004\000.\0005\0007\0004\000\040\000U\000n\000l\000o\000a\000d\000R\000a\000n\000d\000o\000m\000S\000e\000q\000u\000e\000n\000c\000e\000\050\000\051}{subsection.6.23.4}% 1827
\BOOKMARK [3][-]{subsubsection.6.23.4.575}{\376\377\0006\000.\0002\0003\000.\0004\000.\0005\0007\0005\000\040\000U\000n\000l\000o\000a\000d\000R\000e\000n\000d\000e\000r\000T\000e\000x\000t\000u\000r\000e\000\050\000\051}{subsection.6.23.4}% 1828
\BOOKMARK [3][-]{subsubsection.6.23.4.576}{\376\377\0006\000.\0002\0003\000.\0004\000.\0005\0007\0006\000\040\000U\000n\000l\000o\000a\000d\000S\000h\000a\000d\000e\000r\000\050\000\051}{subsection.6.23.4}% 1829
\BOOKMARK [3][-]{subsubsection.6.23.4.577}{\376\377\0006\000.\0002\0003\000.\0004\000.\0005\0007\0007\000\040\000U\000n\000l\000o\000a\000d\000S\000o\000u\000n\000d\000\050\000\051}{subsection.6.23.4}% 1830
\BOOKMARK [3][-]{subsubsection.6.23.4.578}{\376\377\0006\000.\0002\0003\000.\0004\000.\0005\0007\0008\000\040\000U\000n\000l\000o\000a\000d\000S\000o\000u\000n\000d\000A\000l\000i\000a\000s\000\050\000\051}{subsection.6.23.4}% 1831
\BOOKMARK [3][-]{subsubsection.6.23.4.579}{\376\377\0006\000.\0002\0003\000.\0004\000.\0005\0007\0009\000\040\000U\000n\000l\000o\000a\000d\000T\000e\000x\000t\000L\000i\000n\000e\000s\000\050\000\051}{subsection.6.23.4}% 1832
\BOOKMARK [3][-]{subsubsection.6.23.4.580}{\376\377\0006\000.\0002\0003\000.\0004\000.\0005\0008\0000\000\040\000U\000n\000l\000o\000a\000d\000T\000e\000x\000t\000u\000r\000e\000\050\000\051}{subsection.6.23.4}% 1833
\BOOKMARK [3][-]{subsubsection.6.23.4.581}{\376\377\0006\000.\0002\0003\000.\0004\000.\0005\0008\0001\000\040\000U\000n\000l\000o\000a\000d\000U\000T\000F\0008\000\050\000\051}{subsection.6.23.4}% 1834
\BOOKMARK [3][-]{subsubsection.6.23.4.582}{\376\377\0006\000.\0002\0003\000.\0004\000.\0005\0008\0002\000\040\000U\000n\000l\000o\000a\000d\000V\000r\000S\000t\000e\000r\000e\000o\000C\000o\000n\000f\000i\000g\000\050\000\051}{subsection.6.23.4}% 1835
\BOOKMARK [3][-]{subsubsection.6.23.4.583}{\376\377\0006\000.\0002\0003\000.\0004\000.\0005\0008\0003\000\040\000U\000n\000l\000o\000a\000d\000W\000a\000v\000e\000\050\000\051}{subsection.6.23.4}% 1836
\BOOKMARK [3][-]{subsubsection.6.23.4.584}{\376\377\0006\000.\0002\0003\000.\0004\000.\0005\0008\0004\000\040\000U\000n\000l\000o\000a\000d\000W\000a\000v\000e\000S\000a\000m\000p\000l\000e\000s\000\050\000\051}{subsection.6.23.4}% 1837
\BOOKMARK [3][-]{subsubsection.6.23.4.585}{\376\377\0006\000.\0002\0003\000.\0004\000.\0005\0008\0005\000\040\000U\000p\000d\000a\000t\000e\000A\000u\000d\000i\000o\000S\000t\000r\000e\000a\000m\000\050\000\051}{subsection.6.23.4}% 1838
\BOOKMARK [3][-]{subsubsection.6.23.4.586}{\376\377\0006\000.\0002\0003\000.\0004\000.\0005\0008\0006\000\040\000U\000p\000d\000a\000t\000e\000C\000a\000m\000e\000r\000a\000\050\000\051}{subsection.6.23.4}% 1839
\BOOKMARK [3][-]{subsubsection.6.23.4.587}{\376\377\0006\000.\0002\0003\000.\0004\000.\0005\0008\0007\000\040\000U\000p\000d\000a\000t\000e\000C\000a\000m\000e\000r\000a\000P\000r\000o\000\050\000\051}{subsection.6.23.4}% 1840
\BOOKMARK [3][-]{subsubsection.6.23.4.588}{\376\377\0006\000.\0002\0003\000.\0004\000.\0005\0008\0008\000\040\000U\000p\000d\000a\000t\000e\000M\000e\000s\000h\000B\000u\000f\000f\000e\000r\000\050\000\051}{subsection.6.23.4}% 1841
\BOOKMARK [3][-]{subsubsection.6.23.4.589}{\376\377\0006\000.\0002\0003\000.\0004\000.\0005\0008\0009\000\040\000U\000p\000d\000a\000t\000e\000M\000o\000d\000e\000l\000A\000n\000i\000m\000a\000t\000i\000o\000n\000\050\000\051}{subsection.6.23.4}% 1842
\BOOKMARK [3][-]{subsubsection.6.23.4.590}{\376\377\0006\000.\0002\0003\000.\0004\000.\0005\0009\0000\000\040\000U\000p\000d\000a\000t\000e\000M\000o\000d\000e\000l\000A\000n\000i\000m\000a\000t\000i\000o\000n\000E\000x\000\050\000\051}{subsection.6.23.4}% 1843
\BOOKMARK [3][-]{subsubsection.6.23.4.591}{\376\377\0006\000.\0002\0003\000.\0004\000.\0005\0009\0001\000\040\000U\000p\000d\000a\000t\000e\000M\000u\000s\000i\000c\000S\000t\000r\000e\000a\000m\000\050\000\051}{subsection.6.23.4}% 1844
\BOOKMARK [3][-]{subsubsection.6.23.4.592}{\376\377\0006\000.\0002\0003\000.\0004\000.\0005\0009\0002\000\040\000U\000p\000d\000a\000t\000e\000S\000o\000u\000n\000d\000\050\000\051}{subsection.6.23.4}% 1845
\BOOKMARK [3][-]{subsubsection.6.23.4.593}{\376\377\0006\000.\0002\0003\000.\0004\000.\0005\0009\0003\000\040\000U\000p\000d\000a\000t\000e\000T\000e\000x\000t\000u\000r\000e\000\050\000\051}{subsection.6.23.4}% 1846
\BOOKMARK [3][-]{subsubsection.6.23.4.594}{\376\377\0006\000.\0002\0003\000.\0004\000.\0005\0009\0004\000\040\000U\000p\000d\000a\000t\000e\000T\000e\000x\000t\000u\000r\000e\000R\000e\000c\000\050\000\051}{subsection.6.23.4}% 1847
\BOOKMARK [3][-]{subsubsection.6.23.4.595}{\376\377\0006\000.\0002\0003\000.\0004\000.\0005\0009\0005\000\040\000U\000p\000l\000o\000a\000d\000M\000e\000s\000h\000\050\000\051}{subsection.6.23.4}% 1848
\BOOKMARK [3][-]{subsubsection.6.23.4.596}{\376\377\0006\000.\0002\0003\000.\0004\000.\0005\0009\0006\000\040\000W\000a\000i\000t\000T\000i\000m\000e\000\050\000\051}{subsection.6.23.4}% 1849
\BOOKMARK [3][-]{subsubsection.6.23.4.597}{\376\377\0006\000.\0002\0003\000.\0004\000.\0005\0009\0007\000\040\000W\000a\000v\000e\000C\000o\000p\000y\000\050\000\051}{subsection.6.23.4}% 1850
\BOOKMARK [3][-]{subsubsection.6.23.4.598}{\376\377\0006\000.\0002\0003\000.\0004\000.\0005\0009\0008\000\040\000W\000a\000v\000e\000C\000r\000o\000p\000\050\000\051}{subsection.6.23.4}% 1851
\BOOKMARK [3][-]{subsubsection.6.23.4.599}{\376\377\0006\000.\0002\0003\000.\0004\000.\0005\0009\0009\000\040\000W\000a\000v\000e\000F\000o\000r\000m\000a\000t\000\050\000\051}{subsection.6.23.4}% 1852
\BOOKMARK [3][-]{subsubsection.6.23.4.600}{\376\377\0006\000.\0002\0003\000.\0004\000.\0006\0000\0000\000\040\000W\000i\000n\000d\000o\000w\000S\000h\000o\000u\000l\000d\000C\000l\000o\000s\000e\000\050\000\051}{subsection.6.23.4}% 1853
\BOOKMARK [1][-]{section.6.24}{\376\377\0006\000.\0002\0004\000\040\000r\000a\000y\000l\000i\000b\000.\000h}{chapter.6}% 1854
\BOOKMARK [1][-]{section.6.25}{\376\377\0006\000.\0002\0005\000\040\000l\000i\000b\000/\000r\000a\000y\000l\000i\000b\000/\000i\000n\000c\000l\000u\000d\000e\000/\000r\000a\000y\000m\000a\000t\000h\000.\000h\000\040\000F\000i\000l\000e\000\040\000R\000e\000f\000e\000r\000e\000n\000c\000e}{chapter.6}% 1855
\BOOKMARK [2][-]{subsection.6.25.1}{\376\377\0006\000.\0002\0005\000.\0001\000\040\000M\000a\000c\000r\000o\000\040\000D\000e\000f\000i\000n\000i\000t\000i\000o\000n\000\040\000D\000o\000c\000u\000m\000e\000n\000t\000a\000t\000i\000o\000n}{section.6.25}% 1856
\BOOKMARK [3][-]{subsubsection.6.25.1.1}{\376\377\0006\000.\0002\0005\000.\0001\000.\0001\000\040\000D\000E\000G\0002\000R\000A\000D}{subsection.6.25.1}% 1857
\BOOKMARK [3][-]{subsubsection.6.25.1.2}{\376\377\0006\000.\0002\0005\000.\0001\000.\0002\000\040\000E\000P\000S\000I\000L\000O\000N}{subsection.6.25.1}% 1858
\BOOKMARK [3][-]{subsubsection.6.25.1.3}{\376\377\0006\000.\0002\0005\000.\0001\000.\0003\000\040\000M\000a\000t\000r\000i\000x\000T\000o\000F\000l\000o\000a\000t}{subsection.6.25.1}% 1859
\BOOKMARK [3][-]{subsubsection.6.25.1.4}{\376\377\0006\000.\0002\0005\000.\0001\000.\0004\000\040\000P\000I}{subsection.6.25.1}% 1860
\BOOKMARK [3][-]{subsubsection.6.25.1.5}{\376\377\0006\000.\0002\0005\000.\0001\000.\0005\000\040\000R\000A\000D\0002\000D\000E\000G}{subsection.6.25.1}% 1861
\BOOKMARK [3][-]{subsubsection.6.25.1.6}{\376\377\0006\000.\0002\0005\000.\0001\000.\0006\000\040\000R\000L\000\137\000F\000L\000O\000A\000T\0001\0006\000\137\000T\000Y\000P\000E}{subsection.6.25.1}% 1862
\BOOKMARK [3][-]{subsubsection.6.25.1.7}{\376\377\0006\000.\0002\0005\000.\0001\000.\0007\000\040\000R\000L\000\137\000F\000L\000O\000A\000T\0003\000\137\000T\000Y\000P\000E}{subsection.6.25.1}% 1863
\BOOKMARK [3][-]{subsubsection.6.25.1.8}{\376\377\0006\000.\0002\0005\000.\0001\000.\0008\000\040\000R\000L\000\137\000M\000A\000T\000R\000I\000X\000\137\000T\000Y\000P\000E}{subsection.6.25.1}% 1864
\BOOKMARK [3][-]{subsubsection.6.25.1.9}{\376\377\0006\000.\0002\0005\000.\0001\000.\0009\000\040\000R\000L\000\137\000Q\000U\000A\000T\000E\000R\000N\000I\000O\000N\000\137\000T\000Y\000P\000E}{subsection.6.25.1}% 1865
\BOOKMARK [3][-]{subsubsection.6.25.1.10}{\376\377\0006\000.\0002\0005\000.\0001\000.\0001\0000\000\040\000R\000L\000\137\000V\000E\000C\000T\000O\000R\0002\000\137\000T\000Y\000P\000E}{subsection.6.25.1}% 1866
\BOOKMARK [3][-]{subsubsection.6.25.1.11}{\376\377\0006\000.\0002\0005\000.\0001\000.\0001\0001\000\040\000R\000L\000\137\000V\000E\000C\000T\000O\000R\0003\000\137\000T\000Y\000P\000E}{subsection.6.25.1}% 1867
\BOOKMARK [3][-]{subsubsection.6.25.1.12}{\376\377\0006\000.\0002\0005\000.\0001\000.\0001\0002\000\040\000R\000L\000\137\000V\000E\000C\000T\000O\000R\0004\000\137\000T\000Y\000P\000E}{subsection.6.25.1}% 1868
\BOOKMARK [3][-]{subsubsection.6.25.1.13}{\376\377\0006\000.\0002\0005\000.\0001\000.\0001\0003\000\040\000R\000M\000A\000P\000I}{subsection.6.25.1}% 1869
\BOOKMARK [3][-]{subsubsection.6.25.1.14}{\376\377\0006\000.\0002\0005\000.\0001\000.\0001\0004\000\040\000V\000e\000c\000t\000o\000r\0003\000T\000o\000F\000l\000o\000a\000t}{subsection.6.25.1}% 1870
\BOOKMARK [2][-]{subsection.6.25.2}{\376\377\0006\000.\0002\0005\000.\0002\000\040\000T\000y\000p\000e\000d\000e\000f\000\040\000D\000o\000c\000u\000m\000e\000n\000t\000a\000t\000i\000o\000n}{section.6.25}% 1871
\BOOKMARK [3][-]{subsubsection.6.25.2.1}{\376\377\0006\000.\0002\0005\000.\0002\000.\0001\000\040\000f\000l\000o\000a\000t\0001\0006}{subsection.6.25.2}% 1872
\BOOKMARK [3][-]{subsubsection.6.25.2.2}{\376\377\0006\000.\0002\0005\000.\0002\000.\0002\000\040\000f\000l\000o\000a\000t\0003}{subsection.6.25.2}% 1873
\BOOKMARK [3][-]{subsubsection.6.25.2.3}{\376\377\0006\000.\0002\0005\000.\0002\000.\0003\000\040\000M\000a\000t\000r\000i\000x}{subsection.6.25.2}% 1874
\BOOKMARK [3][-]{subsubsection.6.25.2.4}{\376\377\0006\000.\0002\0005\000.\0002\000.\0004\000\040\000V\000e\000c\000t\000o\000r\0002}{subsection.6.25.2}% 1875
\BOOKMARK [3][-]{subsubsection.6.25.2.5}{\376\377\0006\000.\0002\0005\000.\0002\000.\0005\000\040\000V\000e\000c\000t\000o\000r\0003}{subsection.6.25.2}% 1876
\BOOKMARK [3][-]{subsubsection.6.25.2.6}{\376\377\0006\000.\0002\0005\000.\0002\000.\0006\000\040\000V\000e\000c\000t\000o\000r\0004}{subsection.6.25.2}% 1877
\BOOKMARK [2][-]{subsection.6.25.3}{\376\377\0006\000.\0002\0005\000.\0003\000\040\000F\000u\000n\000c\000t\000i\000o\000n\000\040\000D\000o\000c\000u\000m\000e\000n\000t\000a\000t\000i\000o\000n}{section.6.25}% 1878
\BOOKMARK [3][-]{subsubsection.6.25.3.1}{\376\377\0006\000.\0002\0005\000.\0003\000.\0001\000\040\000C\000l\000a\000m\000p\000\050\000\051}{subsection.6.25.3}% 1879
\BOOKMARK [3][-]{subsubsection.6.25.3.2}{\376\377\0006\000.\0002\0005\000.\0003\000.\0002\000\040\000F\000l\000o\000a\000t\000E\000q\000u\000a\000l\000s\000\050\000\051}{subsection.6.25.3}% 1880
\BOOKMARK [3][-]{subsubsection.6.25.3.3}{\376\377\0006\000.\0002\0005\000.\0003\000.\0003\000\040\000L\000e\000r\000p\000\050\000\051}{subsection.6.25.3}% 1881
\BOOKMARK [3][-]{subsubsection.6.25.3.4}{\376\377\0006\000.\0002\0005\000.\0003\000.\0004\000\040\000M\000a\000t\000r\000i\000x\000A\000d\000d\000\050\000\051}{subsection.6.25.3}% 1882
\BOOKMARK [3][-]{subsubsection.6.25.3.5}{\376\377\0006\000.\0002\0005\000.\0003\000.\0005\000\040\000M\000a\000t\000r\000i\000x\000C\000o\000m\000p\000o\000s\000e\000\050\000\051}{subsection.6.25.3}% 1883
\BOOKMARK [3][-]{subsubsection.6.25.3.6}{\376\377\0006\000.\0002\0005\000.\0003\000.\0006\000\040\000M\000a\000t\000r\000i\000x\000D\000e\000c\000o\000m\000p\000o\000s\000e\000\050\000\051}{subsection.6.25.3}% 1884
\BOOKMARK [3][-]{subsubsection.6.25.3.7}{\376\377\0006\000.\0002\0005\000.\0003\000.\0007\000\040\000M\000a\000t\000r\000i\000x\000D\000e\000t\000e\000r\000m\000i\000n\000a\000n\000t\000\050\000\051}{subsection.6.25.3}% 1885
\BOOKMARK [3][-]{subsubsection.6.25.3.8}{\376\377\0006\000.\0002\0005\000.\0003\000.\0008\000\040\000M\000a\000t\000r\000i\000x\000F\000r\000u\000s\000t\000u\000m\000\050\000\051}{subsection.6.25.3}% 1886
\BOOKMARK [3][-]{subsubsection.6.25.3.9}{\376\377\0006\000.\0002\0005\000.\0003\000.\0009\000\040\000M\000a\000t\000r\000i\000x\000I\000d\000e\000n\000t\000i\000t\000y\000\050\000\051}{subsection.6.25.3}% 1887
\BOOKMARK [3][-]{subsubsection.6.25.3.10}{\376\377\0006\000.\0002\0005\000.\0003\000.\0001\0000\000\040\000M\000a\000t\000r\000i\000x\000I\000n\000v\000e\000r\000t\000\050\000\051}{subsection.6.25.3}% 1888
\BOOKMARK [3][-]{subsubsection.6.25.3.11}{\376\377\0006\000.\0002\0005\000.\0003\000.\0001\0001\000\040\000M\000a\000t\000r\000i\000x\000L\000o\000o\000k\000A\000t\000\050\000\051}{subsection.6.25.3}% 1889
\BOOKMARK [3][-]{subsubsection.6.25.3.12}{\376\377\0006\000.\0002\0005\000.\0003\000.\0001\0002\000\040\000M\000a\000t\000r\000i\000x\000M\000u\000l\000t\000i\000p\000l\000y\000\050\000\051}{subsection.6.25.3}% 1890
\BOOKMARK [3][-]{subsubsection.6.25.3.13}{\376\377\0006\000.\0002\0005\000.\0003\000.\0001\0003\000\040\000M\000a\000t\000r\000i\000x\000M\000u\000l\000t\000i\000p\000l\000y\000V\000a\000l\000u\000e\000\050\000\051}{subsection.6.25.3}% 1891
\BOOKMARK [3][-]{subsubsection.6.25.3.14}{\376\377\0006\000.\0002\0005\000.\0003\000.\0001\0004\000\040\000M\000a\000t\000r\000i\000x\000O\000r\000t\000h\000o\000\050\000\051}{subsection.6.25.3}% 1892
\BOOKMARK [3][-]{subsubsection.6.25.3.15}{\376\377\0006\000.\0002\0005\000.\0003\000.\0001\0005\000\040\000M\000a\000t\000r\000i\000x\000P\000e\000r\000s\000p\000e\000c\000t\000i\000v\000e\000\050\000\051}{subsection.6.25.3}% 1893
\BOOKMARK [3][-]{subsubsection.6.25.3.16}{\376\377\0006\000.\0002\0005\000.\0003\000.\0001\0006\000\040\000M\000a\000t\000r\000i\000x\000R\000o\000t\000a\000t\000e\000\050\000\051}{subsection.6.25.3}% 1894
\BOOKMARK [3][-]{subsubsection.6.25.3.17}{\376\377\0006\000.\0002\0005\000.\0003\000.\0001\0007\000\040\000M\000a\000t\000r\000i\000x\000R\000o\000t\000a\000t\000e\000X\000\050\000\051}{subsection.6.25.3}% 1895
\BOOKMARK [3][-]{subsubsection.6.25.3.18}{\376\377\0006\000.\0002\0005\000.\0003\000.\0001\0008\000\040\000M\000a\000t\000r\000i\000x\000R\000o\000t\000a\000t\000e\000X\000Y\000Z\000\050\000\051}{subsection.6.25.3}% 1896
\BOOKMARK [3][-]{subsubsection.6.25.3.19}{\376\377\0006\000.\0002\0005\000.\0003\000.\0001\0009\000\040\000M\000a\000t\000r\000i\000x\000R\000o\000t\000a\000t\000e\000Y\000\050\000\051}{subsection.6.25.3}% 1897
\BOOKMARK [3][-]{subsubsection.6.25.3.20}{\376\377\0006\000.\0002\0005\000.\0003\000.\0002\0000\000\040\000M\000a\000t\000r\000i\000x\000R\000o\000t\000a\000t\000e\000Z\000\050\000\051}{subsection.6.25.3}% 1898
\BOOKMARK [3][-]{subsubsection.6.25.3.21}{\376\377\0006\000.\0002\0005\000.\0003\000.\0002\0001\000\040\000M\000a\000t\000r\000i\000x\000R\000o\000t\000a\000t\000e\000Z\000Y\000X\000\050\000\051}{subsection.6.25.3}% 1899
\BOOKMARK [3][-]{subsubsection.6.25.3.22}{\376\377\0006\000.\0002\0005\000.\0003\000.\0002\0002\000\040\000M\000a\000t\000r\000i\000x\000S\000c\000a\000l\000e\000\050\000\051}{subsection.6.25.3}% 1900
\BOOKMARK [3][-]{subsubsection.6.25.3.23}{\376\377\0006\000.\0002\0005\000.\0003\000.\0002\0003\000\040\000M\000a\000t\000r\000i\000x\000S\000u\000b\000t\000r\000a\000c\000t\000\050\000\051}{subsection.6.25.3}% 1901
\BOOKMARK [3][-]{subsubsection.6.25.3.24}{\376\377\0006\000.\0002\0005\000.\0003\000.\0002\0004\000\040\000M\000a\000t\000r\000i\000x\000T\000o\000F\000l\000o\000a\000t\000V\000\050\000\051}{subsection.6.25.3}% 1902
\BOOKMARK [3][-]{subsubsection.6.25.3.25}{\376\377\0006\000.\0002\0005\000.\0003\000.\0002\0005\000\040\000M\000a\000t\000r\000i\000x\000T\000r\000a\000c\000e\000\050\000\051}{subsection.6.25.3}% 1903
\BOOKMARK [3][-]{subsubsection.6.25.3.26}{\376\377\0006\000.\0002\0005\000.\0003\000.\0002\0006\000\040\000M\000a\000t\000r\000i\000x\000T\000r\000a\000n\000s\000l\000a\000t\000e\000\050\000\051}{subsection.6.25.3}% 1904
\BOOKMARK [3][-]{subsubsection.6.25.3.27}{\376\377\0006\000.\0002\0005\000.\0003\000.\0002\0007\000\040\000M\000a\000t\000r\000i\000x\000T\000r\000a\000n\000s\000p\000o\000s\000e\000\050\000\051}{subsection.6.25.3}% 1905
\BOOKMARK [3][-]{subsubsection.6.25.3.28}{\376\377\0006\000.\0002\0005\000.\0003\000.\0002\0008\000\040\000N\000o\000r\000m\000a\000l\000i\000z\000e\000\050\000\051}{subsection.6.25.3}% 1906
\BOOKMARK [3][-]{subsubsection.6.25.3.29}{\376\377\0006\000.\0002\0005\000.\0003\000.\0002\0009\000\040\000Q\000u\000a\000t\000e\000r\000n\000i\000o\000n\000A\000d\000d\000\050\000\051}{subsection.6.25.3}% 1907
\BOOKMARK [3][-]{subsubsection.6.25.3.30}{\376\377\0006\000.\0002\0005\000.\0003\000.\0003\0000\000\040\000Q\000u\000a\000t\000e\000r\000n\000i\000o\000n\000A\000d\000d\000V\000a\000l\000u\000e\000\050\000\051}{subsection.6.25.3}% 1908
\BOOKMARK [3][-]{subsubsection.6.25.3.31}{\376\377\0006\000.\0002\0005\000.\0003\000.\0003\0001\000\040\000Q\000u\000a\000t\000e\000r\000n\000i\000o\000n\000C\000u\000b\000i\000c\000H\000e\000r\000m\000i\000t\000e\000S\000p\000l\000i\000n\000e\000\050\000\051}{subsection.6.25.3}% 1909
\BOOKMARK [3][-]{subsubsection.6.25.3.32}{\376\377\0006\000.\0002\0005\000.\0003\000.\0003\0002\000\040\000Q\000u\000a\000t\000e\000r\000n\000i\000o\000n\000D\000i\000v\000i\000d\000e\000\050\000\051}{subsection.6.25.3}% 1910
\BOOKMARK [3][-]{subsubsection.6.25.3.33}{\376\377\0006\000.\0002\0005\000.\0003\000.\0003\0003\000\040\000Q\000u\000a\000t\000e\000r\000n\000i\000o\000n\000E\000q\000u\000a\000l\000s\000\050\000\051}{subsection.6.25.3}% 1911
\BOOKMARK [3][-]{subsubsection.6.25.3.34}{\376\377\0006\000.\0002\0005\000.\0003\000.\0003\0004\000\040\000Q\000u\000a\000t\000e\000r\000n\000i\000o\000n\000F\000r\000o\000m\000A\000x\000i\000s\000A\000n\000g\000l\000e\000\050\000\051}{subsection.6.25.3}% 1912
\BOOKMARK [3][-]{subsubsection.6.25.3.35}{\376\377\0006\000.\0002\0005\000.\0003\000.\0003\0005\000\040\000Q\000u\000a\000t\000e\000r\000n\000i\000o\000n\000F\000r\000o\000m\000E\000u\000l\000e\000r\000\050\000\051}{subsection.6.25.3}% 1913
\BOOKMARK [3][-]{subsubsection.6.25.3.36}{\376\377\0006\000.\0002\0005\000.\0003\000.\0003\0006\000\040\000Q\000u\000a\000t\000e\000r\000n\000i\000o\000n\000F\000r\000o\000m\000M\000a\000t\000r\000i\000x\000\050\000\051}{subsection.6.25.3}% 1914
\BOOKMARK [3][-]{subsubsection.6.25.3.37}{\376\377\0006\000.\0002\0005\000.\0003\000.\0003\0007\000\040\000Q\000u\000a\000t\000e\000r\000n\000i\000o\000n\000F\000r\000o\000m\000V\000e\000c\000t\000o\000r\0003\000T\000o\000V\000e\000c\000t\000o\000r\0003\000\050\000\051}{subsection.6.25.3}% 1915
\BOOKMARK [3][-]{subsubsection.6.25.3.38}{\376\377\0006\000.\0002\0005\000.\0003\000.\0003\0008\000\040\000Q\000u\000a\000t\000e\000r\000n\000i\000o\000n\000I\000d\000e\000n\000t\000i\000t\000y\000\050\000\051}{subsection.6.25.3}% 1916
\BOOKMARK [3][-]{subsubsection.6.25.3.39}{\376\377\0006\000.\0002\0005\000.\0003\000.\0003\0009\000\040\000Q\000u\000a\000t\000e\000r\000n\000i\000o\000n\000I\000n\000v\000e\000r\000t\000\050\000\051}{subsection.6.25.3}% 1917
\BOOKMARK [3][-]{subsubsection.6.25.3.40}{\376\377\0006\000.\0002\0005\000.\0003\000.\0004\0000\000\040\000Q\000u\000a\000t\000e\000r\000n\000i\000o\000n\000L\000e\000n\000g\000t\000h\000\050\000\051}{subsection.6.25.3}% 1918
\BOOKMARK [3][-]{subsubsection.6.25.3.41}{\376\377\0006\000.\0002\0005\000.\0003\000.\0004\0001\000\040\000Q\000u\000a\000t\000e\000r\000n\000i\000o\000n\000L\000e\000r\000p\000\050\000\051}{subsection.6.25.3}% 1919
\BOOKMARK [3][-]{subsubsection.6.25.3.42}{\376\377\0006\000.\0002\0005\000.\0003\000.\0004\0002\000\040\000Q\000u\000a\000t\000e\000r\000n\000i\000o\000n\000M\000u\000l\000t\000i\000p\000l\000y\000\050\000\051}{subsection.6.25.3}% 1920
\BOOKMARK [3][-]{subsubsection.6.25.3.43}{\376\377\0006\000.\0002\0005\000.\0003\000.\0004\0003\000\040\000Q\000u\000a\000t\000e\000r\000n\000i\000o\000n\000N\000l\000e\000r\000p\000\050\000\051}{subsection.6.25.3}% 1921
\BOOKMARK [3][-]{subsubsection.6.25.3.44}{\376\377\0006\000.\0002\0005\000.\0003\000.\0004\0004\000\040\000Q\000u\000a\000t\000e\000r\000n\000i\000o\000n\000N\000o\000r\000m\000a\000l\000i\000z\000e\000\050\000\051}{subsection.6.25.3}% 1922
\BOOKMARK [3][-]{subsubsection.6.25.3.45}{\376\377\0006\000.\0002\0005\000.\0003\000.\0004\0005\000\040\000Q\000u\000a\000t\000e\000r\000n\000i\000o\000n\000S\000c\000a\000l\000e\000\050\000\051}{subsection.6.25.3}% 1923
\BOOKMARK [3][-]{subsubsection.6.25.3.46}{\376\377\0006\000.\0002\0005\000.\0003\000.\0004\0006\000\040\000Q\000u\000a\000t\000e\000r\000n\000i\000o\000n\000S\000l\000e\000r\000p\000\050\000\051}{subsection.6.25.3}% 1924
\BOOKMARK [3][-]{subsubsection.6.25.3.47}{\376\377\0006\000.\0002\0005\000.\0003\000.\0004\0007\000\040\000Q\000u\000a\000t\000e\000r\000n\000i\000o\000n\000S\000u\000b\000t\000r\000a\000c\000t\000\050\000\051}{subsection.6.25.3}% 1925
\BOOKMARK [3][-]{subsubsection.6.25.3.48}{\376\377\0006\000.\0002\0005\000.\0003\000.\0004\0008\000\040\000Q\000u\000a\000t\000e\000r\000n\000i\000o\000n\000S\000u\000b\000t\000r\000a\000c\000t\000V\000a\000l\000u\000e\000\050\000\051}{subsection.6.25.3}% 1926
\BOOKMARK [3][-]{subsubsection.6.25.3.49}{\376\377\0006\000.\0002\0005\000.\0003\000.\0004\0009\000\040\000Q\000u\000a\000t\000e\000r\000n\000i\000o\000n\000T\000o\000A\000x\000i\000s\000A\000n\000g\000l\000e\000\050\000\051}{subsection.6.25.3}% 1927
\BOOKMARK [3][-]{subsubsection.6.25.3.50}{\376\377\0006\000.\0002\0005\000.\0003\000.\0005\0000\000\040\000Q\000u\000a\000t\000e\000r\000n\000i\000o\000n\000T\000o\000E\000u\000l\000e\000r\000\050\000\051}{subsection.6.25.3}% 1928
\BOOKMARK [3][-]{subsubsection.6.25.3.51}{\376\377\0006\000.\0002\0005\000.\0003\000.\0005\0001\000\040\000Q\000u\000a\000t\000e\000r\000n\000i\000o\000n\000T\000o\000M\000a\000t\000r\000i\000x\000\050\000\051}{subsection.6.25.3}% 1929
\BOOKMARK [3][-]{subsubsection.6.25.3.52}{\376\377\0006\000.\0002\0005\000.\0003\000.\0005\0002\000\040\000Q\000u\000a\000t\000e\000r\000n\000i\000o\000n\000T\000r\000a\000n\000s\000f\000o\000r\000m\000\050\000\051}{subsection.6.25.3}% 1930
\BOOKMARK [3][-]{subsubsection.6.25.3.53}{\376\377\0006\000.\0002\0005\000.\0003\000.\0005\0003\000\040\000R\000e\000m\000a\000p\000\050\000\051}{subsection.6.25.3}% 1931
\BOOKMARK [3][-]{subsubsection.6.25.3.54}{\376\377\0006\000.\0002\0005\000.\0003\000.\0005\0004\000\040\000V\000e\000c\000t\000o\000r\0002\000A\000d\000d\000\050\000\051}{subsection.6.25.3}% 1932
\BOOKMARK [3][-]{subsubsection.6.25.3.55}{\376\377\0006\000.\0002\0005\000.\0003\000.\0005\0005\000\040\000V\000e\000c\000t\000o\000r\0002\000A\000d\000d\000V\000a\000l\000u\000e\000\050\000\051}{subsection.6.25.3}% 1933
\BOOKMARK [3][-]{subsubsection.6.25.3.56}{\376\377\0006\000.\0002\0005\000.\0003\000.\0005\0006\000\040\000V\000e\000c\000t\000o\000r\0002\000A\000n\000g\000l\000e\000\050\000\051}{subsection.6.25.3}% 1934
\BOOKMARK [3][-]{subsubsection.6.25.3.57}{\376\377\0006\000.\0002\0005\000.\0003\000.\0005\0007\000\040\000V\000e\000c\000t\000o\000r\0002\000C\000l\000a\000m\000p\000\050\000\051}{subsection.6.25.3}% 1935
\BOOKMARK [3][-]{subsubsection.6.25.3.58}{\376\377\0006\000.\0002\0005\000.\0003\000.\0005\0008\000\040\000V\000e\000c\000t\000o\000r\0002\000C\000l\000a\000m\000p\000V\000a\000l\000u\000e\000\050\000\051}{subsection.6.25.3}% 1936
\BOOKMARK [3][-]{subsubsection.6.25.3.59}{\376\377\0006\000.\0002\0005\000.\0003\000.\0005\0009\000\040\000V\000e\000c\000t\000o\000r\0002\000C\000r\000o\000s\000s\000P\000r\000o\000d\000u\000c\000t\000\050\000\051}{subsection.6.25.3}% 1937
\BOOKMARK [3][-]{subsubsection.6.25.3.60}{\376\377\0006\000.\0002\0005\000.\0003\000.\0006\0000\000\040\000V\000e\000c\000t\000o\000r\0002\000D\000i\000s\000t\000a\000n\000c\000e\000\050\000\051}{subsection.6.25.3}% 1938
\BOOKMARK [3][-]{subsubsection.6.25.3.61}{\376\377\0006\000.\0002\0005\000.\0003\000.\0006\0001\000\040\000V\000e\000c\000t\000o\000r\0002\000D\000i\000s\000t\000a\000n\000c\000e\000S\000q\000r\000\050\000\051}{subsection.6.25.3}% 1939
\BOOKMARK [3][-]{subsubsection.6.25.3.62}{\376\377\0006\000.\0002\0005\000.\0003\000.\0006\0002\000\040\000V\000e\000c\000t\000o\000r\0002\000D\000i\000v\000i\000d\000e\000\050\000\051}{subsection.6.25.3}% 1940
\BOOKMARK [3][-]{subsubsection.6.25.3.63}{\376\377\0006\000.\0002\0005\000.\0003\000.\0006\0003\000\040\000V\000e\000c\000t\000o\000r\0002\000D\000o\000t\000P\000r\000o\000d\000u\000c\000t\000\050\000\051}{subsection.6.25.3}% 1941
\BOOKMARK [3][-]{subsubsection.6.25.3.64}{\376\377\0006\000.\0002\0005\000.\0003\000.\0006\0004\000\040\000V\000e\000c\000t\000o\000r\0002\000E\000q\000u\000a\000l\000s\000\050\000\051}{subsection.6.25.3}% 1942
\BOOKMARK [3][-]{subsubsection.6.25.3.65}{\376\377\0006\000.\0002\0005\000.\0003\000.\0006\0005\000\040\000V\000e\000c\000t\000o\000r\0002\000I\000n\000v\000e\000r\000t\000\050\000\051}{subsection.6.25.3}% 1943
\BOOKMARK [3][-]{subsubsection.6.25.3.66}{\376\377\0006\000.\0002\0005\000.\0003\000.\0006\0006\000\040\000V\000e\000c\000t\000o\000r\0002\000L\000e\000n\000g\000t\000h\000\050\000\051}{subsection.6.25.3}% 1944
\BOOKMARK [3][-]{subsubsection.6.25.3.67}{\376\377\0006\000.\0002\0005\000.\0003\000.\0006\0007\000\040\000V\000e\000c\000t\000o\000r\0002\000L\000e\000n\000g\000t\000h\000S\000q\000r\000\050\000\051}{subsection.6.25.3}% 1945
\BOOKMARK [3][-]{subsubsection.6.25.3.68}{\376\377\0006\000.\0002\0005\000.\0003\000.\0006\0008\000\040\000V\000e\000c\000t\000o\000r\0002\000L\000e\000r\000p\000\050\000\051}{subsection.6.25.3}% 1946
\BOOKMARK [3][-]{subsubsection.6.25.3.69}{\376\377\0006\000.\0002\0005\000.\0003\000.\0006\0009\000\040\000V\000e\000c\000t\000o\000r\0002\000L\000i\000n\000e\000A\000n\000g\000l\000e\000\050\000\051}{subsection.6.25.3}% 1947
\BOOKMARK [3][-]{subsubsection.6.25.3.70}{\376\377\0006\000.\0002\0005\000.\0003\000.\0007\0000\000\040\000V\000e\000c\000t\000o\000r\0002\000M\000a\000x\000\050\000\051}{subsection.6.25.3}% 1948
\BOOKMARK [3][-]{subsubsection.6.25.3.71}{\376\377\0006\000.\0002\0005\000.\0003\000.\0007\0001\000\040\000V\000e\000c\000t\000o\000r\0002\000M\000i\000n\000\050\000\051}{subsection.6.25.3}% 1949
\BOOKMARK [3][-]{subsubsection.6.25.3.72}{\376\377\0006\000.\0002\0005\000.\0003\000.\0007\0002\000\040\000V\000e\000c\000t\000o\000r\0002\000M\000o\000v\000e\000T\000o\000w\000a\000r\000d\000s\000\050\000\051}{subsection.6.25.3}% 1950
\BOOKMARK [3][-]{subsubsection.6.25.3.73}{\376\377\0006\000.\0002\0005\000.\0003\000.\0007\0003\000\040\000V\000e\000c\000t\000o\000r\0002\000M\000u\000l\000t\000i\000p\000l\000y\000\050\000\051}{subsection.6.25.3}% 1951
\BOOKMARK [3][-]{subsubsection.6.25.3.74}{\376\377\0006\000.\0002\0005\000.\0003\000.\0007\0004\000\040\000V\000e\000c\000t\000o\000r\0002\000N\000e\000g\000a\000t\000e\000\050\000\051}{subsection.6.25.3}% 1952
\BOOKMARK [3][-]{subsubsection.6.25.3.75}{\376\377\0006\000.\0002\0005\000.\0003\000.\0007\0005\000\040\000V\000e\000c\000t\000o\000r\0002\000N\000o\000r\000m\000a\000l\000i\000z\000e\000\050\000\051}{subsection.6.25.3}% 1953
\BOOKMARK [3][-]{subsubsection.6.25.3.76}{\376\377\0006\000.\0002\0005\000.\0003\000.\0007\0006\000\040\000V\000e\000c\000t\000o\000r\0002\000O\000n\000e\000\050\000\051}{subsection.6.25.3}% 1954
\BOOKMARK [3][-]{subsubsection.6.25.3.77}{\376\377\0006\000.\0002\0005\000.\0003\000.\0007\0007\000\040\000V\000e\000c\000t\000o\000r\0002\000R\000e\000f\000l\000e\000c\000t\000\050\000\051}{subsection.6.25.3}% 1955
\BOOKMARK [3][-]{subsubsection.6.25.3.78}{\376\377\0006\000.\0002\0005\000.\0003\000.\0007\0008\000\040\000V\000e\000c\000t\000o\000r\0002\000R\000e\000f\000r\000a\000c\000t\000\050\000\051}{subsection.6.25.3}% 1956
\BOOKMARK [3][-]{subsubsection.6.25.3.79}{\376\377\0006\000.\0002\0005\000.\0003\000.\0007\0009\000\040\000V\000e\000c\000t\000o\000r\0002\000R\000o\000t\000a\000t\000e\000\050\000\051}{subsection.6.25.3}% 1957
\BOOKMARK [3][-]{subsubsection.6.25.3.80}{\376\377\0006\000.\0002\0005\000.\0003\000.\0008\0000\000\040\000V\000e\000c\000t\000o\000r\0002\000S\000c\000a\000l\000e\000\050\000\051}{subsection.6.25.3}% 1958
\BOOKMARK [3][-]{subsubsection.6.25.3.81}{\376\377\0006\000.\0002\0005\000.\0003\000.\0008\0001\000\040\000V\000e\000c\000t\000o\000r\0002\000S\000u\000b\000t\000r\000a\000c\000t\000\050\000\051}{subsection.6.25.3}% 1959
\BOOKMARK [3][-]{subsubsection.6.25.3.82}{\376\377\0006\000.\0002\0005\000.\0003\000.\0008\0002\000\040\000V\000e\000c\000t\000o\000r\0002\000S\000u\000b\000t\000r\000a\000c\000t\000V\000a\000l\000u\000e\000\050\000\051}{subsection.6.25.3}% 1960
\BOOKMARK [3][-]{subsubsection.6.25.3.83}{\376\377\0006\000.\0002\0005\000.\0003\000.\0008\0003\000\040\000V\000e\000c\000t\000o\000r\0002\000T\000r\000a\000n\000s\000f\000o\000r\000m\000\050\000\051}{subsection.6.25.3}% 1961
\BOOKMARK [3][-]{subsubsection.6.25.3.84}{\376\377\0006\000.\0002\0005\000.\0003\000.\0008\0004\000\040\000V\000e\000c\000t\000o\000r\0002\000Z\000e\000r\000o\000\050\000\051}{subsection.6.25.3}% 1962
\BOOKMARK [3][-]{subsubsection.6.25.3.85}{\376\377\0006\000.\0002\0005\000.\0003\000.\0008\0005\000\040\000V\000e\000c\000t\000o\000r\0003\000A\000d\000d\000\050\000\051}{subsection.6.25.3}% 1963
\BOOKMARK [3][-]{subsubsection.6.25.3.86}{\376\377\0006\000.\0002\0005\000.\0003\000.\0008\0006\000\040\000V\000e\000c\000t\000o\000r\0003\000A\000d\000d\000V\000a\000l\000u\000e\000\050\000\051}{subsection.6.25.3}% 1964
\BOOKMARK [3][-]{subsubsection.6.25.3.87}{\376\377\0006\000.\0002\0005\000.\0003\000.\0008\0007\000\040\000V\000e\000c\000t\000o\000r\0003\000A\000n\000g\000l\000e\000\050\000\051}{subsection.6.25.3}% 1965
\BOOKMARK [3][-]{subsubsection.6.25.3.88}{\376\377\0006\000.\0002\0005\000.\0003\000.\0008\0008\000\040\000V\000e\000c\000t\000o\000r\0003\000B\000a\000r\000y\000c\000e\000n\000t\000e\000r\000\050\000\051}{subsection.6.25.3}% 1966
\BOOKMARK [3][-]{subsubsection.6.25.3.89}{\376\377\0006\000.\0002\0005\000.\0003\000.\0008\0009\000\040\000V\000e\000c\000t\000o\000r\0003\000C\000l\000a\000m\000p\000\050\000\051}{subsection.6.25.3}% 1967
\BOOKMARK [3][-]{subsubsection.6.25.3.90}{\376\377\0006\000.\0002\0005\000.\0003\000.\0009\0000\000\040\000V\000e\000c\000t\000o\000r\0003\000C\000l\000a\000m\000p\000V\000a\000l\000u\000e\000\050\000\051}{subsection.6.25.3}% 1968
\BOOKMARK [3][-]{subsubsection.6.25.3.91}{\376\377\0006\000.\0002\0005\000.\0003\000.\0009\0001\000\040\000V\000e\000c\000t\000o\000r\0003\000C\000r\000o\000s\000s\000P\000r\000o\000d\000u\000c\000t\000\050\000\051}{subsection.6.25.3}% 1969
\BOOKMARK [3][-]{subsubsection.6.25.3.92}{\376\377\0006\000.\0002\0005\000.\0003\000.\0009\0002\000\040\000V\000e\000c\000t\000o\000r\0003\000C\000u\000b\000i\000c\000H\000e\000r\000m\000i\000t\000e\000\050\000\051}{subsection.6.25.3}% 1970
\BOOKMARK [3][-]{subsubsection.6.25.3.93}{\376\377\0006\000.\0002\0005\000.\0003\000.\0009\0003\000\040\000V\000e\000c\000t\000o\000r\0003\000D\000i\000s\000t\000a\000n\000c\000e\000\050\000\051}{subsection.6.25.3}% 1971
\BOOKMARK [3][-]{subsubsection.6.25.3.94}{\376\377\0006\000.\0002\0005\000.\0003\000.\0009\0004\000\040\000V\000e\000c\000t\000o\000r\0003\000D\000i\000s\000t\000a\000n\000c\000e\000S\000q\000r\000\050\000\051}{subsection.6.25.3}% 1972
\BOOKMARK [3][-]{subsubsection.6.25.3.95}{\376\377\0006\000.\0002\0005\000.\0003\000.\0009\0005\000\040\000V\000e\000c\000t\000o\000r\0003\000D\000i\000v\000i\000d\000e\000\050\000\051}{subsection.6.25.3}% 1973
\BOOKMARK [3][-]{subsubsection.6.25.3.96}{\376\377\0006\000.\0002\0005\000.\0003\000.\0009\0006\000\040\000V\000e\000c\000t\000o\000r\0003\000D\000o\000t\000P\000r\000o\000d\000u\000c\000t\000\050\000\051}{subsection.6.25.3}% 1974
\BOOKMARK [3][-]{subsubsection.6.25.3.97}{\376\377\0006\000.\0002\0005\000.\0003\000.\0009\0007\000\040\000V\000e\000c\000t\000o\000r\0003\000E\000q\000u\000a\000l\000s\000\050\000\051}{subsection.6.25.3}% 1975
\BOOKMARK [3][-]{subsubsection.6.25.3.98}{\376\377\0006\000.\0002\0005\000.\0003\000.\0009\0008\000\040\000V\000e\000c\000t\000o\000r\0003\000I\000n\000v\000e\000r\000t\000\050\000\051}{subsection.6.25.3}% 1976
\BOOKMARK [3][-]{subsubsection.6.25.3.99}{\376\377\0006\000.\0002\0005\000.\0003\000.\0009\0009\000\040\000V\000e\000c\000t\000o\000r\0003\000L\000e\000n\000g\000t\000h\000\050\000\051}{subsection.6.25.3}% 1977
\BOOKMARK [3][-]{subsubsection.6.25.3.100}{\376\377\0006\000.\0002\0005\000.\0003\000.\0001\0000\0000\000\040\000V\000e\000c\000t\000o\000r\0003\000L\000e\000n\000g\000t\000h\000S\000q\000r\000\050\000\051}{subsection.6.25.3}% 1978
\BOOKMARK [3][-]{subsubsection.6.25.3.101}{\376\377\0006\000.\0002\0005\000.\0003\000.\0001\0000\0001\000\040\000V\000e\000c\000t\000o\000r\0003\000L\000e\000r\000p\000\050\000\051}{subsection.6.25.3}% 1979
\BOOKMARK [3][-]{subsubsection.6.25.3.102}{\376\377\0006\000.\0002\0005\000.\0003\000.\0001\0000\0002\000\040\000V\000e\000c\000t\000o\000r\0003\000M\000a\000x\000\050\000\051}{subsection.6.25.3}% 1980
\BOOKMARK [3][-]{subsubsection.6.25.3.103}{\376\377\0006\000.\0002\0005\000.\0003\000.\0001\0000\0003\000\040\000V\000e\000c\000t\000o\000r\0003\000M\000i\000n\000\050\000\051}{subsection.6.25.3}% 1981
\BOOKMARK [3][-]{subsubsection.6.25.3.104}{\376\377\0006\000.\0002\0005\000.\0003\000.\0001\0000\0004\000\040\000V\000e\000c\000t\000o\000r\0003\000M\000o\000v\000e\000T\000o\000w\000a\000r\000d\000s\000\050\000\051}{subsection.6.25.3}% 1982
\BOOKMARK [3][-]{subsubsection.6.25.3.105}{\376\377\0006\000.\0002\0005\000.\0003\000.\0001\0000\0005\000\040\000V\000e\000c\000t\000o\000r\0003\000M\000u\000l\000t\000i\000p\000l\000y\000\050\000\051}{subsection.6.25.3}% 1983
\BOOKMARK [3][-]{subsubsection.6.25.3.106}{\376\377\0006\000.\0002\0005\000.\0003\000.\0001\0000\0006\000\040\000V\000e\000c\000t\000o\000r\0003\000N\000e\000g\000a\000t\000e\000\050\000\051}{subsection.6.25.3}% 1984
\BOOKMARK [3][-]{subsubsection.6.25.3.107}{\376\377\0006\000.\0002\0005\000.\0003\000.\0001\0000\0007\000\040\000V\000e\000c\000t\000o\000r\0003\000N\000o\000r\000m\000a\000l\000i\000z\000e\000\050\000\051}{subsection.6.25.3}% 1985
\BOOKMARK [3][-]{subsubsection.6.25.3.108}{\376\377\0006\000.\0002\0005\000.\0003\000.\0001\0000\0008\000\040\000V\000e\000c\000t\000o\000r\0003\000O\000n\000e\000\050\000\051}{subsection.6.25.3}% 1986
\BOOKMARK [3][-]{subsubsection.6.25.3.109}{\376\377\0006\000.\0002\0005\000.\0003\000.\0001\0000\0009\000\040\000V\000e\000c\000t\000o\000r\0003\000O\000r\000t\000h\000o\000N\000o\000r\000m\000a\000l\000i\000z\000e\000\050\000\051}{subsection.6.25.3}% 1987
\BOOKMARK [3][-]{subsubsection.6.25.3.110}{\376\377\0006\000.\0002\0005\000.\0003\000.\0001\0001\0000\000\040\000V\000e\000c\000t\000o\000r\0003\000P\000e\000r\000p\000e\000n\000d\000i\000c\000u\000l\000a\000r\000\050\000\051}{subsection.6.25.3}% 1988
\BOOKMARK [3][-]{subsubsection.6.25.3.111}{\376\377\0006\000.\0002\0005\000.\0003\000.\0001\0001\0001\000\040\000V\000e\000c\000t\000o\000r\0003\000P\000r\000o\000j\000e\000c\000t\000\050\000\051}{subsection.6.25.3}% 1989
\BOOKMARK [3][-]{subsubsection.6.25.3.112}{\376\377\0006\000.\0002\0005\000.\0003\000.\0001\0001\0002\000\040\000V\000e\000c\000t\000o\000r\0003\000R\000e\000f\000l\000e\000c\000t\000\050\000\051}{subsection.6.25.3}% 1990
\BOOKMARK [3][-]{subsubsection.6.25.3.113}{\376\377\0006\000.\0002\0005\000.\0003\000.\0001\0001\0003\000\040\000V\000e\000c\000t\000o\000r\0003\000R\000e\000f\000r\000a\000c\000t\000\050\000\051}{subsection.6.25.3}% 1991
\BOOKMARK [3][-]{subsubsection.6.25.3.114}{\376\377\0006\000.\0002\0005\000.\0003\000.\0001\0001\0004\000\040\000V\000e\000c\000t\000o\000r\0003\000R\000e\000j\000e\000c\000t\000\050\000\051}{subsection.6.25.3}% 1992
\BOOKMARK [3][-]{subsubsection.6.25.3.115}{\376\377\0006\000.\0002\0005\000.\0003\000.\0001\0001\0005\000\040\000V\000e\000c\000t\000o\000r\0003\000R\000o\000t\000a\000t\000e\000B\000y\000A\000x\000i\000s\000A\000n\000g\000l\000e\000\050\000\051}{subsection.6.25.3}% 1993
\BOOKMARK [3][-]{subsubsection.6.25.3.116}{\376\377\0006\000.\0002\0005\000.\0003\000.\0001\0001\0006\000\040\000V\000e\000c\000t\000o\000r\0003\000R\000o\000t\000a\000t\000e\000B\000y\000Q\000u\000a\000t\000e\000r\000n\000i\000o\000n\000\050\000\051}{subsection.6.25.3}% 1994
\BOOKMARK [3][-]{subsubsection.6.25.3.117}{\376\377\0006\000.\0002\0005\000.\0003\000.\0001\0001\0007\000\040\000V\000e\000c\000t\000o\000r\0003\000S\000c\000a\000l\000e\000\050\000\051}{subsection.6.25.3}% 1995
\BOOKMARK [3][-]{subsubsection.6.25.3.118}{\376\377\0006\000.\0002\0005\000.\0003\000.\0001\0001\0008\000\040\000V\000e\000c\000t\000o\000r\0003\000S\000u\000b\000t\000r\000a\000c\000t\000\050\000\051}{subsection.6.25.3}% 1996
\BOOKMARK [3][-]{subsubsection.6.25.3.119}{\376\377\0006\000.\0002\0005\000.\0003\000.\0001\0001\0009\000\040\000V\000e\000c\000t\000o\000r\0003\000S\000u\000b\000t\000r\000a\000c\000t\000V\000a\000l\000u\000e\000\050\000\051}{subsection.6.25.3}% 1997
\BOOKMARK [3][-]{subsubsection.6.25.3.120}{\376\377\0006\000.\0002\0005\000.\0003\000.\0001\0002\0000\000\040\000V\000e\000c\000t\000o\000r\0003\000T\000o\000F\000l\000o\000a\000t\000V\000\050\000\051}{subsection.6.25.3}% 1998
\BOOKMARK [3][-]{subsubsection.6.25.3.121}{\376\377\0006\000.\0002\0005\000.\0003\000.\0001\0002\0001\000\040\000V\000e\000c\000t\000o\000r\0003\000T\000r\000a\000n\000s\000f\000o\000r\000m\000\050\000\051}{subsection.6.25.3}% 1999
\BOOKMARK [3][-]{subsubsection.6.25.3.122}{\376\377\0006\000.\0002\0005\000.\0003\000.\0001\0002\0002\000\040\000V\000e\000c\000t\000o\000r\0003\000U\000n\000p\000r\000o\000j\000e\000c\000t\000\050\000\051}{subsection.6.25.3}% 2000
\BOOKMARK [3][-]{subsubsection.6.25.3.123}{\376\377\0006\000.\0002\0005\000.\0003\000.\0001\0002\0003\000\040\000V\000e\000c\000t\000o\000r\0003\000Z\000e\000r\000o\000\050\000\051}{subsection.6.25.3}% 2001
\BOOKMARK [3][-]{subsubsection.6.25.3.124}{\376\377\0006\000.\0002\0005\000.\0003\000.\0001\0002\0004\000\040\000V\000e\000c\000t\000o\000r\0004\000A\000d\000d\000\050\000\051}{subsection.6.25.3}% 2002
\BOOKMARK [3][-]{subsubsection.6.25.3.125}{\376\377\0006\000.\0002\0005\000.\0003\000.\0001\0002\0005\000\040\000V\000e\000c\000t\000o\000r\0004\000A\000d\000d\000V\000a\000l\000u\000e\000\050\000\051}{subsection.6.25.3}% 2003
\BOOKMARK [3][-]{subsubsection.6.25.3.126}{\376\377\0006\000.\0002\0005\000.\0003\000.\0001\0002\0006\000\040\000V\000e\000c\000t\000o\000r\0004\000D\000i\000s\000t\000a\000n\000c\000e\000\050\000\051}{subsection.6.25.3}% 2004
\BOOKMARK [3][-]{subsubsection.6.25.3.127}{\376\377\0006\000.\0002\0005\000.\0003\000.\0001\0002\0007\000\040\000V\000e\000c\000t\000o\000r\0004\000D\000i\000s\000t\000a\000n\000c\000e\000S\000q\000r\000\050\000\051}{subsection.6.25.3}% 2005
\BOOKMARK [3][-]{subsubsection.6.25.3.128}{\376\377\0006\000.\0002\0005\000.\0003\000.\0001\0002\0008\000\040\000V\000e\000c\000t\000o\000r\0004\000D\000i\000v\000i\000d\000e\000\050\000\051}{subsection.6.25.3}% 2006
\BOOKMARK [3][-]{subsubsection.6.25.3.129}{\376\377\0006\000.\0002\0005\000.\0003\000.\0001\0002\0009\000\040\000V\000e\000c\000t\000o\000r\0004\000D\000o\000t\000P\000r\000o\000d\000u\000c\000t\000\050\000\051}{subsection.6.25.3}% 2007
\BOOKMARK [3][-]{subsubsection.6.25.3.130}{\376\377\0006\000.\0002\0005\000.\0003\000.\0001\0003\0000\000\040\000V\000e\000c\000t\000o\000r\0004\000E\000q\000u\000a\000l\000s\000\050\000\051}{subsection.6.25.3}% 2008
\BOOKMARK [3][-]{subsubsection.6.25.3.131}{\376\377\0006\000.\0002\0005\000.\0003\000.\0001\0003\0001\000\040\000V\000e\000c\000t\000o\000r\0004\000I\000n\000v\000e\000r\000t\000\050\000\051}{subsection.6.25.3}% 2009
\BOOKMARK [3][-]{subsubsection.6.25.3.132}{\376\377\0006\000.\0002\0005\000.\0003\000.\0001\0003\0002\000\040\000V\000e\000c\000t\000o\000r\0004\000L\000e\000n\000g\000t\000h\000\050\000\051}{subsection.6.25.3}% 2010
\BOOKMARK [3][-]{subsubsection.6.25.3.133}{\376\377\0006\000.\0002\0005\000.\0003\000.\0001\0003\0003\000\040\000V\000e\000c\000t\000o\000r\0004\000L\000e\000n\000g\000t\000h\000S\000q\000r\000\050\000\051}{subsection.6.25.3}% 2011
\BOOKMARK [3][-]{subsubsection.6.25.3.134}{\376\377\0006\000.\0002\0005\000.\0003\000.\0001\0003\0004\000\040\000V\000e\000c\000t\000o\000r\0004\000L\000e\000r\000p\000\050\000\051}{subsection.6.25.3}% 2012
\BOOKMARK [3][-]{subsubsection.6.25.3.135}{\376\377\0006\000.\0002\0005\000.\0003\000.\0001\0003\0005\000\040\000V\000e\000c\000t\000o\000r\0004\000M\000a\000x\000\050\000\051}{subsection.6.25.3}% 2013
\BOOKMARK [3][-]{subsubsection.6.25.3.136}{\376\377\0006\000.\0002\0005\000.\0003\000.\0001\0003\0006\000\040\000V\000e\000c\000t\000o\000r\0004\000M\000i\000n\000\050\000\051}{subsection.6.25.3}% 2014
\BOOKMARK [3][-]{subsubsection.6.25.3.137}{\376\377\0006\000.\0002\0005\000.\0003\000.\0001\0003\0007\000\040\000V\000e\000c\000t\000o\000r\0004\000M\000o\000v\000e\000T\000o\000w\000a\000r\000d\000s\000\050\000\051}{subsection.6.25.3}% 2015
\BOOKMARK [3][-]{subsubsection.6.25.3.138}{\376\377\0006\000.\0002\0005\000.\0003\000.\0001\0003\0008\000\040\000V\000e\000c\000t\000o\000r\0004\000M\000u\000l\000t\000i\000p\000l\000y\000\050\000\051}{subsection.6.25.3}% 2016
\BOOKMARK [3][-]{subsubsection.6.25.3.139}{\376\377\0006\000.\0002\0005\000.\0003\000.\0001\0003\0009\000\040\000V\000e\000c\000t\000o\000r\0004\000N\000e\000g\000a\000t\000e\000\050\000\051}{subsection.6.25.3}% 2017
\BOOKMARK [3][-]{subsubsection.6.25.3.140}{\376\377\0006\000.\0002\0005\000.\0003\000.\0001\0004\0000\000\040\000V\000e\000c\000t\000o\000r\0004\000N\000o\000r\000m\000a\000l\000i\000z\000e\000\050\000\051}{subsection.6.25.3}% 2018
\BOOKMARK [3][-]{subsubsection.6.25.3.141}{\376\377\0006\000.\0002\0005\000.\0003\000.\0001\0004\0001\000\040\000V\000e\000c\000t\000o\000r\0004\000O\000n\000e\000\050\000\051}{subsection.6.25.3}% 2019
\BOOKMARK [3][-]{subsubsection.6.25.3.142}{\376\377\0006\000.\0002\0005\000.\0003\000.\0001\0004\0002\000\040\000V\000e\000c\000t\000o\000r\0004\000S\000c\000a\000l\000e\000\050\000\051}{subsection.6.25.3}% 2020
\BOOKMARK [3][-]{subsubsection.6.25.3.143}{\376\377\0006\000.\0002\0005\000.\0003\000.\0001\0004\0003\000\040\000V\000e\000c\000t\000o\000r\0004\000S\000u\000b\000t\000r\000a\000c\000t\000\050\000\051}{subsection.6.25.3}% 2021
\BOOKMARK [3][-]{subsubsection.6.25.3.144}{\376\377\0006\000.\0002\0005\000.\0003\000.\0001\0004\0004\000\040\000V\000e\000c\000t\000o\000r\0004\000S\000u\000b\000t\000r\000a\000c\000t\000V\000a\000l\000u\000e\000\050\000\051}{subsection.6.25.3}% 2022
\BOOKMARK [3][-]{subsubsection.6.25.3.145}{\376\377\0006\000.\0002\0005\000.\0003\000.\0001\0004\0005\000\040\000V\000e\000c\000t\000o\000r\0004\000Z\000e\000r\000o\000\050\000\051}{subsection.6.25.3}% 2023
\BOOKMARK [3][-]{subsubsection.6.25.3.146}{\376\377\0006\000.\0002\0005\000.\0003\000.\0001\0004\0006\000\040\000W\000r\000a\000p\000\050\000\051}{subsection.6.25.3}% 2024
\BOOKMARK [1][-]{section.6.26}{\376\377\0006\000.\0002\0006\000\040\000r\000a\000y\000m\000a\000t\000h\000.\000h}{chapter.6}% 2025
\BOOKMARK [1][-]{section.6.27}{\376\377\0006\000.\0002\0007\000\040\000l\000i\000b\000/\000r\000a\000y\000l\000i\000b\000/\000i\000n\000c\000l\000u\000d\000e\000/\000r\000l\000g\000l\000.\000h\000\040\000F\000i\000l\000e\000\040\000R\000e\000f\000e\000r\000e\000n\000c\000e}{chapter.6}% 2026
\BOOKMARK [2][-]{subsection.6.27.1}{\376\377\0006\000.\0002\0007\000.\0001\000\040\000M\000a\000c\000r\000o\000\040\000D\000e\000f\000i\000n\000i\000t\000i\000o\000n\000\040\000D\000o\000c\000u\000m\000e\000n\000t\000a\000t\000i\000o\000n}{section.6.27}% 2027
\BOOKMARK [3][-]{subsubsection.6.27.1.1}{\376\377\0006\000.\0002\0007\000.\0001\000.\0001\000\040\000G\000R\000A\000P\000H\000I\000C\000S\000\137\000A\000P\000I\000\137\000O\000P\000E\000N\000G\000L\000\137\0003\0003}{subsection.6.27.1}% 2028
\BOOKMARK [3][-]{subsubsection.6.27.1.2}{\376\377\0006\000.\0002\0007\000.\0001\000.\0002\000\040\000R\000L\000\137\000B\000L\000E\000N\000D\000\137\000C\000O\000L\000O\000R}{subsection.6.27.1}% 2029
\BOOKMARK [3][-]{subsubsection.6.27.1.3}{\376\377\0006\000.\0002\0007\000.\0001\000.\0003\000\040\000R\000L\000\137\000B\000L\000E\000N\000D\000\137\000D\000S\000T\000\137\000A\000L\000P\000H\000A}{subsection.6.27.1}% 2030
\BOOKMARK [3][-]{subsubsection.6.27.1.4}{\376\377\0006\000.\0002\0007\000.\0001\000.\0004\000\040\000R\000L\000\137\000B\000L\000E\000N\000D\000\137\000D\000S\000T\000\137\000R\000G\000B}{subsection.6.27.1}% 2031
\BOOKMARK [3][-]{subsubsection.6.27.1.5}{\376\377\0006\000.\0002\0007\000.\0001\000.\0005\000\040\000R\000L\000\137\000B\000L\000E\000N\000D\000\137\000E\000Q\000U\000A\000T\000I\000O\000N}{subsection.6.27.1}% 2032
\BOOKMARK [3][-]{subsubsection.6.27.1.6}{\376\377\0006\000.\0002\0007\000.\0001\000.\0006\000\040\000R\000L\000\137\000B\000L\000E\000N\000D\000\137\000E\000Q\000U\000A\000T\000I\000O\000N\000\137\000A\000L\000P\000H\000A}{subsection.6.27.1}% 2033
\BOOKMARK [3][-]{subsubsection.6.27.1.7}{\376\377\0006\000.\0002\0007\000.\0001\000.\0007\000\040\000R\000L\000\137\000B\000L\000E\000N\000D\000\137\000E\000Q\000U\000A\000T\000I\000O\000N\000\137\000R\000G\000B}{subsection.6.27.1}% 2034
\BOOKMARK [3][-]{subsubsection.6.27.1.8}{\376\377\0006\000.\0002\0007\000.\0001\000.\0008\000\040\000R\000L\000\137\000B\000L\000E\000N\000D\000\137\000S\000R\000C\000\137\000A\000L\000P\000H\000A}{subsection.6.27.1}% 2035
\BOOKMARK [3][-]{subsubsection.6.27.1.9}{\376\377\0006\000.\0002\0007\000.\0001\000.\0009\000\040\000R\000L\000\137\000B\000L\000E\000N\000D\000\137\000S\000R\000C\000\137\000R\000G\000B}{subsection.6.27.1}% 2036
\BOOKMARK [3][-]{subsubsection.6.27.1.10}{\376\377\0006\000.\0002\0007\000.\0001\000.\0001\0000\000\040\000R\000L\000\137\000C\000A\000L\000L\000O\000C}{subsection.6.27.1}% 2037
\BOOKMARK [3][-]{subsubsection.6.27.1.11}{\376\377\0006\000.\0002\0007\000.\0001\000.\0001\0001\000\040\000R\000L\000\137\000C\000O\000M\000P\000U\000T\000E\000\137\000S\000H\000A\000D\000E\000R}{subsection.6.27.1}% 2038
\BOOKMARK [3][-]{subsubsection.6.27.1.12}{\376\377\0006\000.\0002\0007\000.\0001\000.\0001\0002\000\040\000R\000L\000\137\000C\000O\000N\000S\000T\000A\000N\000T\000\137\000A\000L\000P\000H\000A}{subsection.6.27.1}% 2039
\BOOKMARK [3][-]{subsubsection.6.27.1.13}{\376\377\0006\000.\0002\0007\000.\0001\000.\0001\0003\000\040\000R\000L\000\137\000C\000O\000N\000S\000T\000A\000N\000T\000\137\000C\000O\000L\000O\000R}{subsection.6.27.1}% 2040
\BOOKMARK [3][-]{subsubsection.6.27.1.14}{\376\377\0006\000.\0002\0007\000.\0001\000.\0001\0004\000\040\000R\000L\000\137\000C\000U\000L\000L\000\137\000D\000I\000S\000T\000A\000N\000C\000E\000\137\000F\000A\000R}{subsection.6.27.1}% 2041
\BOOKMARK [3][-]{subsubsection.6.27.1.15}{\376\377\0006\000.\0002\0007\000.\0001\000.\0001\0005\000\040\000R\000L\000\137\000C\000U\000L\000L\000\137\000D\000I\000S\000T\000A\000N\000C\000E\000\137\000N\000E\000A\000R}{subsection.6.27.1}% 2042
\BOOKMARK [3][-]{subsubsection.6.27.1.16}{\376\377\0006\000.\0002\0007\000.\0001\000.\0001\0006\000\040\000R\000L\000\137\000D\000E\000F\000A\000U\000L\000T\000\137\000B\000A\000T\000C\000H\000\137\000B\000U\000F\000F\000E\000R\000\137\000E\000L\000E\000M\000E\000N\000T\000S}{subsection.6.27.1}% 2043
\BOOKMARK [3][-]{subsubsection.6.27.1.17}{\376\377\0006\000.\0002\0007\000.\0001\000.\0001\0007\000\040\000R\000L\000\137\000D\000E\000F\000A\000U\000L\000T\000\137\000B\000A\000T\000C\000H\000\137\000B\000U\000F\000F\000E\000R\000S}{subsection.6.27.1}% 2044
\BOOKMARK [3][-]{subsubsection.6.27.1.18}{\376\377\0006\000.\0002\0007\000.\0001\000.\0001\0008\000\040\000R\000L\000\137\000D\000E\000F\000A\000U\000L\000T\000\137\000B\000A\000T\000C\000H\000\137\000D\000R\000A\000W\000C\000A\000L\000L\000S}{subsection.6.27.1}% 2045
\BOOKMARK [3][-]{subsubsection.6.27.1.19}{\376\377\0006\000.\0002\0007\000.\0001\000.\0001\0009\000\040\000R\000L\000\137\000D\000E\000F\000A\000U\000L\000T\000\137\000B\000A\000T\000C\000H\000\137\000M\000A\000X\000\137\000T\000E\000X\000T\000U\000R\000E\000\137\000U\000N\000I\000T\000S}{subsection.6.27.1}% 2046
\BOOKMARK [3][-]{subsubsection.6.27.1.20}{\376\377\0006\000.\0002\0007\000.\0001\000.\0002\0000\000\040\000R\000L\000\137\000D\000E\000F\000A\000U\000L\000T\000\137\000S\000H\000A\000D\000E\000R\000\137\000A\000T\000T\000R\000I\000B\000\137\000L\000O\000C\000A\000T\000I\000O\000N\000\137\000B\000O\000N\000E\000I\000N\000D\000I\000C\000E\000S}{subsection.6.27.1}% 2047
\BOOKMARK [3][-]{subsubsection.6.27.1.21}{\376\377\0006\000.\0002\0007\000.\0001\000.\0002\0001\000\040\000R\000L\000\137\000D\000E\000F\000A\000U\000L\000T\000\137\000S\000H\000A\000D\000E\000R\000\137\000A\000T\000T\000R\000I\000B\000\137\000L\000O\000C\000A\000T\000I\000O\000N\000\137\000B\000O\000N\000E\000W\000E\000I\000G\000H\000T\000S}{subsection.6.27.1}% 2048
\BOOKMARK [3][-]{subsubsection.6.27.1.22}{\376\377\0006\000.\0002\0007\000.\0001\000.\0002\0002\000\040\000R\000L\000\137\000D\000E\000F\000A\000U\000L\000T\000\137\000S\000H\000A\000D\000E\000R\000\137\000A\000T\000T\000R\000I\000B\000\137\000L\000O\000C\000A\000T\000I\000O\000N\000\137\000C\000O\000L\000O\000R}{subsection.6.27.1}% 2049
\BOOKMARK [3][-]{subsubsection.6.27.1.23}{\376\377\0006\000.\0002\0007\000.\0001\000.\0002\0003\000\040\000R\000L\000\137\000D\000E\000F\000A\000U\000L\000T\000\137\000S\000H\000A\000D\000E\000R\000\137\000A\000T\000T\000R\000I\000B\000\137\000L\000O\000C\000A\000T\000I\000O\000N\000\137\000I\000N\000D\000I\000C\000E\000S}{subsection.6.27.1}% 2050
\BOOKMARK [3][-]{subsubsection.6.27.1.24}{\376\377\0006\000.\0002\0007\000.\0001\000.\0002\0004\000\040\000R\000L\000\137\000D\000E\000F\000A\000U\000L\000T\000\137\000S\000H\000A\000D\000E\000R\000\137\000A\000T\000T\000R\000I\000B\000\137\000L\000O\000C\000A\000T\000I\000O\000N\000\137\000I\000N\000S\000T\000A\000N\000C\000E\000T\000R\000A\000N\000S\000F\000O\000R\000M}{subsection.6.27.1}% 2051
\BOOKMARK [3][-]{subsubsection.6.27.1.25}{\376\377\0006\000.\0002\0007\000.\0001\000.\0002\0005\000\040\000R\000L\000\137\000D\000E\000F\000A\000U\000L\000T\000\137\000S\000H\000A\000D\000E\000R\000\137\000A\000T\000T\000R\000I\000B\000\137\000L\000O\000C\000A\000T\000I\000O\000N\000\137\000N\000O\000R\000M\000A\000L}{subsection.6.27.1}% 2052
\BOOKMARK [3][-]{subsubsection.6.27.1.26}{\376\377\0006\000.\0002\0007\000.\0001\000.\0002\0006\000\040\000R\000L\000\137\000D\000E\000F\000A\000U\000L\000T\000\137\000S\000H\000A\000D\000E\000R\000\137\000A\000T\000T\000R\000I\000B\000\137\000L\000O\000C\000A\000T\000I\000O\000N\000\137\000P\000O\000S\000I\000T\000I\000O\000N}{subsection.6.27.1}% 2053
\BOOKMARK [3][-]{subsubsection.6.27.1.27}{\376\377\0006\000.\0002\0007\000.\0001\000.\0002\0007\000\040\000R\000L\000\137\000D\000E\000F\000A\000U\000L\000T\000\137\000S\000H\000A\000D\000E\000R\000\137\000A\000T\000T\000R\000I\000B\000\137\000L\000O\000C\000A\000T\000I\000O\000N\000\137\000T\000A\000N\000G\000E\000N\000T}{subsection.6.27.1}% 2054
\BOOKMARK [3][-]{subsubsection.6.27.1.28}{\376\377\0006\000.\0002\0007\000.\0001\000.\0002\0008\000\040\000R\000L\000\137\000D\000E\000F\000A\000U\000L\000T\000\137\000S\000H\000A\000D\000E\000R\000\137\000A\000T\000T\000R\000I\000B\000\137\000L\000O\000C\000A\000T\000I\000O\000N\000\137\000T\000E\000X\000C\000O\000O\000R\000D}{subsection.6.27.1}% 2055
\BOOKMARK [3][-]{subsubsection.6.27.1.29}{\376\377\0006\000.\0002\0007\000.\0001\000.\0002\0009\000\040\000R\000L\000\137\000D\000E\000F\000A\000U\000L\000T\000\137\000S\000H\000A\000D\000E\000R\000\137\000A\000T\000T\000R\000I\000B\000\137\000L\000O\000C\000A\000T\000I\000O\000N\000\137\000T\000E\000X\000C\000O\000O\000R\000D\0002}{subsection.6.27.1}% 2056
\BOOKMARK [3][-]{subsubsection.6.27.1.30}{\376\377\0006\000.\0002\0007\000.\0001\000.\0003\0000\000\040\000R\000L\000\137\000D\000R\000A\000W\000\137\000F\000R\000A\000M\000E\000B\000U\000F\000F\000E\000R}{subsection.6.27.1}% 2057
\BOOKMARK [3][-]{subsubsection.6.27.1.31}{\376\377\0006\000.\0002\0007\000.\0001\000.\0003\0001\000\040\000R\000L\000\137\000D\000S\000T\000\137\000A\000L\000P\000H\000A}{subsection.6.27.1}% 2058
\BOOKMARK [3][-]{subsubsection.6.27.1.32}{\376\377\0006\000.\0002\0007\000.\0001\000.\0003\0002\000\040\000R\000L\000\137\000D\000S\000T\000\137\000C\000O\000L\000O\000R}{subsection.6.27.1}% 2059
\BOOKMARK [3][-]{subsubsection.6.27.1.33}{\376\377\0006\000.\0002\0007\000.\0001\000.\0003\0003\000\040\000R\000L\000\137\000D\000Y\000N\000A\000M\000I\000C\000\137\000C\000O\000P\000Y}{subsection.6.27.1}% 2060
\BOOKMARK [3][-]{subsubsection.6.27.1.34}{\376\377\0006\000.\0002\0007\000.\0001\000.\0003\0004\000\040\000R\000L\000\137\000D\000Y\000N\000A\000M\000I\000C\000\137\000D\000R\000A\000W}{subsection.6.27.1}% 2061
\BOOKMARK [3][-]{subsubsection.6.27.1.35}{\376\377\0006\000.\0002\0007\000.\0001\000.\0003\0005\000\040\000R\000L\000\137\000D\000Y\000N\000A\000M\000I\000C\000\137\000R\000E\000A\000D}{subsection.6.27.1}% 2062
\BOOKMARK [3][-]{subsubsection.6.27.1.36}{\376\377\0006\000.\0002\0007\000.\0001\000.\0003\0006\000\040\000R\000L\000\137\000F\000L\000O\000A\000T}{subsection.6.27.1}% 2063
\BOOKMARK [3][-]{subsubsection.6.27.1.37}{\376\377\0006\000.\0002\0007\000.\0001\000.\0003\0007\000\040\000R\000L\000\137\000F\000R\000A\000G\000M\000E\000N\000T\000\137\000S\000H\000A\000D\000E\000R}{subsection.6.27.1}% 2064
\BOOKMARK [3][-]{subsubsection.6.27.1.38}{\376\377\0006\000.\0002\0007\000.\0001\000.\0003\0008\000\040\000R\000L\000\137\000F\000R\000E\000E}{subsection.6.27.1}% 2065
\BOOKMARK [3][-]{subsubsection.6.27.1.39}{\376\377\0006\000.\0002\0007\000.\0001\000.\0003\0009\000\040\000R\000L\000\137\000F\000U\000N\000C\000\137\000A\000D\000D}{subsection.6.27.1}% 2066
\BOOKMARK [3][-]{subsubsection.6.27.1.40}{\376\377\0006\000.\0002\0007\000.\0001\000.\0004\0000\000\040\000R\000L\000\137\000F\000U\000N\000C\000\137\000R\000E\000V\000E\000R\000S\000E\000\137\000S\000U\000B\000T\000R\000A\000C\000T}{subsection.6.27.1}% 2067
\BOOKMARK [3][-]{subsubsection.6.27.1.41}{\376\377\0006\000.\0002\0007\000.\0001\000.\0004\0001\000\040\000R\000L\000\137\000F\000U\000N\000C\000\137\000S\000U\000B\000T\000R\000A\000C\000T}{subsection.6.27.1}% 2068
\BOOKMARK [3][-]{subsubsection.6.27.1.42}{\376\377\0006\000.\0002\0007\000.\0001\000.\0004\0002\000\040\000R\000L\000\137\000L\000I\000N\000E\000S}{subsection.6.27.1}% 2069
\BOOKMARK [3][-]{subsubsection.6.27.1.43}{\376\377\0006\000.\0002\0007\000.\0001\000.\0004\0003\000\040\000R\000L\000\137\000M\000A\000L\000L\000O\000C}{subsection.6.27.1}% 2070
\BOOKMARK [3][-]{subsubsection.6.27.1.44}{\376\377\0006\000.\0002\0007\000.\0001\000.\0004\0004\000\040\000R\000L\000\137\000M\000A\000T\000R\000I\000X\000\137\000T\000Y\000P\000E}{subsection.6.27.1}% 2071
\BOOKMARK [3][-]{subsubsection.6.27.1.45}{\376\377\0006\000.\0002\0007\000.\0001\000.\0004\0005\000\040\000R\000L\000\137\000M\000A\000X}{subsection.6.27.1}% 2072
\BOOKMARK [3][-]{subsubsection.6.27.1.46}{\376\377\0006\000.\0002\0007\000.\0001\000.\0004\0006\000\040\000R\000L\000\137\000M\000A\000X\000\137\000M\000A\000T\000R\000I\000X\000\137\000S\000T\000A\000C\000K\000\137\000S\000I\000Z\000E}{subsection.6.27.1}% 2073
\BOOKMARK [3][-]{subsubsection.6.27.1.47}{\376\377\0006\000.\0002\0007\000.\0001\000.\0004\0007\000\040\000R\000L\000\137\000M\000A\000X\000\137\000S\000H\000A\000D\000E\000R\000\137\000L\000O\000C\000A\000T\000I\000O\000N\000S}{subsection.6.27.1}% 2074
\BOOKMARK [3][-]{subsubsection.6.27.1.48}{\376\377\0006\000.\0002\0007\000.\0001\000.\0004\0008\000\040\000R\000L\000\137\000M\000I\000N}{subsection.6.27.1}% 2075
\BOOKMARK [3][-]{subsubsection.6.27.1.49}{\376\377\0006\000.\0002\0007\000.\0001\000.\0004\0009\000\040\000R\000L\000\137\000M\000O\000D\000E\000L\000V\000I\000E\000W}{subsection.6.27.1}% 2076
\BOOKMARK [3][-]{subsubsection.6.27.1.50}{\376\377\0006\000.\0002\0007\000.\0001\000.\0005\0000\000\040\000R\000L\000\137\000O\000N\000E}{subsection.6.27.1}% 2077
\BOOKMARK [3][-]{subsubsection.6.27.1.51}{\376\377\0006\000.\0002\0007\000.\0001\000.\0005\0001\000\040\000R\000L\000\137\000O\000N\000E\000\137\000M\000I\000N\000U\000S\000\137\000C\000O\000N\000S\000T\000A\000N\000T\000\137\000A\000L\000P\000H\000A}{subsection.6.27.1}% 2078
\BOOKMARK [3][-]{subsubsection.6.27.1.52}{\376\377\0006\000.\0002\0007\000.\0001\000.\0005\0002\000\040\000R\000L\000\137\000O\000N\000E\000\137\000M\000I\000N\000U\000S\000\137\000C\000O\000N\000S\000T\000A\000N\000T\000\137\000C\000O\000L\000O\000R}{subsection.6.27.1}% 2079
\BOOKMARK [3][-]{subsubsection.6.27.1.53}{\376\377\0006\000.\0002\0007\000.\0001\000.\0005\0003\000\040\000R\000L\000\137\000O\000N\000E\000\137\000M\000I\000N\000U\000S\000\137\000D\000S\000T\000\137\000A\000L\000P\000H\000A}{subsection.6.27.1}% 2080
\BOOKMARK [3][-]{subsubsection.6.27.1.54}{\376\377\0006\000.\0002\0007\000.\0001\000.\0005\0004\000\040\000R\000L\000\137\000O\000N\000E\000\137\000M\000I\000N\000U\000S\000\137\000D\000S\000T\000\137\000C\000O\000L\000O\000R}{subsection.6.27.1}% 2081
\BOOKMARK [3][-]{subsubsection.6.27.1.55}{\376\377\0006\000.\0002\0007\000.\0001\000.\0005\0005\000\040\000R\000L\000\137\000O\000N\000E\000\137\000M\000I\000N\000U\000S\000\137\000S\000R\000C\000\137\000A\000L\000P\000H\000A}{subsection.6.27.1}% 2082
\BOOKMARK [3][-]{subsubsection.6.27.1.56}{\376\377\0006\000.\0002\0007\000.\0001\000.\0005\0006\000\040\000R\000L\000\137\000O\000N\000E\000\137\000M\000I\000N\000U\000S\000\137\000S\000R\000C\000\137\000C\000O\000L\000O\000R}{subsection.6.27.1}% 2083
\BOOKMARK [3][-]{subsubsection.6.27.1.57}{\376\377\0006\000.\0002\0007\000.\0001\000.\0005\0007\000\040\000R\000L\000\137\000P\000R\000O\000J\000E\000C\000T\000I\000O\000N}{subsection.6.27.1}% 2084
\BOOKMARK [3][-]{subsubsection.6.27.1.58}{\376\377\0006\000.\0002\0007\000.\0001\000.\0005\0008\000\040\000R\000L\000\137\000Q\000U\000A\000D\000S}{subsection.6.27.1}% 2085
\BOOKMARK [3][-]{subsubsection.6.27.1.59}{\376\377\0006\000.\0002\0007\000.\0001\000.\0005\0009\000\040\000R\000L\000\137\000R\000E\000A\000D\000\137\000F\000R\000A\000M\000E\000B\000U\000F\000F\000E\000R}{subsection.6.27.1}% 2086
\BOOKMARK [3][-]{subsubsection.6.27.1.60}{\376\377\0006\000.\0002\0007\000.\0001\000.\0006\0000\000\040\000R\000L\000\137\000R\000E\000A\000L\000L\000O\000C}{subsection.6.27.1}% 2087
\BOOKMARK [3][-]{subsubsection.6.27.1.61}{\376\377\0006\000.\0002\0007\000.\0001\000.\0006\0001\000\040\000R\000L\000\137\000S\000H\000A\000D\000E\000R\000\137\000L\000O\000C\000\137\000M\000A\000P\000\137\000D\000I\000F\000F\000U\000S\000E}{subsection.6.27.1}% 2088
\BOOKMARK [3][-]{subsubsection.6.27.1.62}{\376\377\0006\000.\0002\0007\000.\0001\000.\0006\0002\000\040\000R\000L\000\137\000S\000H\000A\000D\000E\000R\000\137\000L\000O\000C\000\137\000M\000A\000P\000\137\000S\000P\000E\000C\000U\000L\000A\000R}{subsection.6.27.1}% 2089
\BOOKMARK [3][-]{subsubsection.6.27.1.63}{\376\377\0006\000.\0002\0007\000.\0001\000.\0006\0003\000\040\000R\000L\000\137\000S\000R\000C\000\137\000A\000L\000P\000H\000A}{subsection.6.27.1}% 2090
\BOOKMARK [3][-]{subsubsection.6.27.1.64}{\376\377\0006\000.\0002\0007\000.\0001\000.\0006\0004\000\040\000R\000L\000\137\000S\000R\000C\000\137\000A\000L\000P\000H\000A\000\137\000S\000A\000T\000U\000R\000A\000T\000E}{subsection.6.27.1}% 2091
\BOOKMARK [3][-]{subsubsection.6.27.1.65}{\376\377\0006\000.\0002\0007\000.\0001\000.\0006\0005\000\040\000R\000L\000\137\000S\000R\000C\000\137\000C\000O\000L\000O\000R}{subsection.6.27.1}% 2092
\BOOKMARK [3][-]{subsubsection.6.27.1.66}{\376\377\0006\000.\0002\0007\000.\0001\000.\0006\0006\000\040\000R\000L\000\137\000S\000T\000A\000T\000I\000C\000\137\000C\000O\000P\000Y}{subsection.6.27.1}% 2093
\BOOKMARK [3][-]{subsubsection.6.27.1.67}{\376\377\0006\000.\0002\0007\000.\0001\000.\0006\0007\000\040\000R\000L\000\137\000S\000T\000A\000T\000I\000C\000\137\000D\000R\000A\000W}{subsection.6.27.1}% 2094
\BOOKMARK [3][-]{subsubsection.6.27.1.68}{\376\377\0006\000.\0002\0007\000.\0001\000.\0006\0008\000\040\000R\000L\000\137\000S\000T\000A\000T\000I\000C\000\137\000R\000E\000A\000D}{subsection.6.27.1}% 2095
\BOOKMARK [3][-]{subsubsection.6.27.1.69}{\376\377\0006\000.\0002\0007\000.\0001\000.\0006\0009\000\040\000R\000L\000\137\000S\000T\000R\000E\000A\000M\000\137\000C\000O\000P\000Y}{subsection.6.27.1}% 2096
\BOOKMARK [3][-]{subsubsection.6.27.1.70}{\376\377\0006\000.\0002\0007\000.\0001\000.\0007\0000\000\040\000R\000L\000\137\000S\000T\000R\000E\000A\000M\000\137\000D\000R\000A\000W}{subsection.6.27.1}% 2097
\BOOKMARK [3][-]{subsubsection.6.27.1.71}{\376\377\0006\000.\0002\0007\000.\0001\000.\0007\0001\000\040\000R\000L\000\137\000S\000T\000R\000E\000A\000M\000\137\000R\000E\000A\000D}{subsection.6.27.1}% 2098
\BOOKMARK [3][-]{subsubsection.6.27.1.72}{\376\377\0006\000.\0002\0007\000.\0001\000.\0007\0002\000\040\000R\000L\000\137\000T\000E\000X\000T\000U\000R\000E}{subsection.6.27.1}% 2099
\BOOKMARK [3][-]{subsubsection.6.27.1.73}{\376\377\0006\000.\0002\0007\000.\0001\000.\0007\0003\000\040\000R\000L\000\137\000T\000E\000X\000T\000U\000R\000E\000\137\000F\000I\000L\000T\000E\000R\000\137\000A\000N\000I\000S\000O\000T\000R\000O\000P\000I\000C}{subsection.6.27.1}% 2100
\BOOKMARK [3][-]{subsubsection.6.27.1.74}{\376\377\0006\000.\0002\0007\000.\0001\000.\0007\0004\000\040\000R\000L\000\137\000T\000E\000X\000T\000U\000R\000E\000\137\000F\000I\000L\000T\000E\000R\000\137\000L\000I\000N\000E\000A\000R}{subsection.6.27.1}% 2101
\BOOKMARK [3][-]{subsubsection.6.27.1.75}{\376\377\0006\000.\0002\0007\000.\0001\000.\0007\0005\000\040\000R\000L\000\137\000T\000E\000X\000T\000U\000R\000E\000\137\000F\000I\000L\000T\000E\000R\000\137\000L\000I\000N\000E\000A\000R\000\137\000M\000I\000P\000\137\000N\000E\000A\000R\000E\000S\000T}{subsection.6.27.1}% 2102
\BOOKMARK [3][-]{subsubsection.6.27.1.76}{\376\377\0006\000.\0002\0007\000.\0001\000.\0007\0006\000\040\000R\000L\000\137\000T\000E\000X\000T\000U\000R\000E\000\137\000F\000I\000L\000T\000E\000R\000\137\000M\000I\000P\000\137\000L\000I\000N\000E\000A\000R}{subsection.6.27.1}% 2103
\BOOKMARK [3][-]{subsubsection.6.27.1.77}{\376\377\0006\000.\0002\0007\000.\0001\000.\0007\0007\000\040\000R\000L\000\137\000T\000E\000X\000T\000U\000R\000E\000\137\000F\000I\000L\000T\000E\000R\000\137\000M\000I\000P\000\137\000N\000E\000A\000R\000E\000S\000T}{subsection.6.27.1}% 2104
\BOOKMARK [3][-]{subsubsection.6.27.1.78}{\376\377\0006\000.\0002\0007\000.\0001\000.\0007\0008\000\040\000R\000L\000\137\000T\000E\000X\000T\000U\000R\000E\000\137\000F\000I\000L\000T\000E\000R\000\137\000N\000E\000A\000R\000E\000S\000T}{subsection.6.27.1}% 2105
\BOOKMARK [3][-]{subsubsection.6.27.1.79}{\376\377\0006\000.\0002\0007\000.\0001\000.\0007\0009\000\040\000R\000L\000\137\000T\000E\000X\000T\000U\000R\000E\000\137\000F\000I\000L\000T\000E\000R\000\137\000N\000E\000A\000R\000E\000S\000T\000\137\000M\000I\000P\000\137\000L\000I\000N\000E\000A\000R}{subsection.6.27.1}% 2106
\BOOKMARK [3][-]{subsubsection.6.27.1.80}{\376\377\0006\000.\0002\0007\000.\0001\000.\0008\0000\000\040\000R\000L\000\137\000T\000E\000X\000T\000U\000R\000E\000\137\000M\000A\000G\000\137\000F\000I\000L\000T\000E\000R}{subsection.6.27.1}% 2107
\BOOKMARK [3][-]{subsubsection.6.27.1.81}{\376\377\0006\000.\0002\0007\000.\0001\000.\0008\0001\000\040\000R\000L\000\137\000T\000E\000X\000T\000U\000R\000E\000\137\000M\000I\000N\000\137\000F\000I\000L\000T\000E\000R}{subsection.6.27.1}% 2108
\BOOKMARK [3][-]{subsubsection.6.27.1.82}{\376\377\0006\000.\0002\0007\000.\0001\000.\0008\0002\000\040\000R\000L\000\137\000T\000E\000X\000T\000U\000R\000E\000\137\000M\000I\000P\000M\000A\000P\000\137\000B\000I\000A\000S\000\137\000R\000A\000T\000I\000O}{subsection.6.27.1}% 2109
\BOOKMARK [3][-]{subsubsection.6.27.1.83}{\376\377\0006\000.\0002\0007\000.\0001\000.\0008\0003\000\040\000R\000L\000\137\000T\000E\000X\000T\000U\000R\000E\000\137\000W\000R\000A\000P\000\137\000C\000L\000A\000M\000P}{subsection.6.27.1}% 2110
\BOOKMARK [3][-]{subsubsection.6.27.1.84}{\376\377\0006\000.\0002\0007\000.\0001\000.\0008\0004\000\040\000R\000L\000\137\000T\000E\000X\000T\000U\000R\000E\000\137\000W\000R\000A\000P\000\137\000M\000I\000R\000R\000O\000R\000\137\000C\000L\000A\000M\000P}{subsection.6.27.1}% 2111
\BOOKMARK [3][-]{subsubsection.6.27.1.85}{\376\377\0006\000.\0002\0007\000.\0001\000.\0008\0005\000\040\000R\000L\000\137\000T\000E\000X\000T\000U\000R\000E\000\137\000W\000R\000A\000P\000\137\000M\000I\000R\000R\000O\000R\000\137\000R\000E\000P\000E\000A\000T}{subsection.6.27.1}% 2112
\BOOKMARK [3][-]{subsubsection.6.27.1.86}{\376\377\0006\000.\0002\0007\000.\0001\000.\0008\0006\000\040\000R\000L\000\137\000T\000E\000X\000T\000U\000R\000E\000\137\000W\000R\000A\000P\000\137\000R\000E\000P\000E\000A\000T}{subsection.6.27.1}% 2113
\BOOKMARK [3][-]{subsubsection.6.27.1.87}{\376\377\0006\000.\0002\0007\000.\0001\000.\0008\0007\000\040\000R\000L\000\137\000T\000E\000X\000T\000U\000R\000E\000\137\000W\000R\000A\000P\000\137\000S}{subsection.6.27.1}% 2114
\BOOKMARK [3][-]{subsubsection.6.27.1.88}{\376\377\0006\000.\0002\0007\000.\0001\000.\0008\0008\000\040\000R\000L\000\137\000T\000E\000X\000T\000U\000R\000E\000\137\000W\000R\000A\000P\000\137\000T}{subsection.6.27.1}% 2115
\BOOKMARK [3][-]{subsubsection.6.27.1.89}{\376\377\0006\000.\0002\0007\000.\0001\000.\0008\0009\000\040\000R\000L\000\137\000T\000R\000I\000A\000N\000G\000L\000E\000S}{subsection.6.27.1}% 2116
\BOOKMARK [3][-]{subsubsection.6.27.1.90}{\376\377\0006\000.\0002\0007\000.\0001\000.\0009\0000\000\040\000R\000L\000\137\000U\000N\000S\000I\000G\000N\000E\000D\000\137\000B\000Y\000T\000E}{subsection.6.27.1}% 2117
\BOOKMARK [3][-]{subsubsection.6.27.1.91}{\376\377\0006\000.\0002\0007\000.\0001\000.\0009\0001\000\040\000R\000L\000\137\000V\000E\000R\000T\000E\000X\000\137\000S\000H\000A\000D\000E\000R}{subsection.6.27.1}% 2118
\BOOKMARK [3][-]{subsubsection.6.27.1.92}{\376\377\0006\000.\0002\0007\000.\0001\000.\0009\0002\000\040\000R\000L\000\137\000Z\000E\000R\000O}{subsection.6.27.1}% 2119
\BOOKMARK [3][-]{subsubsection.6.27.1.93}{\376\377\0006\000.\0002\0007\000.\0001\000.\0009\0003\000\040\000R\000L\000A\000P\000I}{subsection.6.27.1}% 2120
\BOOKMARK [3][-]{subsubsection.6.27.1.94}{\376\377\0006\000.\0002\0007\000.\0001\000.\0009\0004\000\040\000R\000L\000G\000L\000\137\000V\000E\000R\000S\000I\000O\000N}{subsection.6.27.1}% 2121
